<?xml version="1.0" encoding="UTF-8"?>
<beans xmlns="http://www.springframework.org/schema/beans"
	xmlns:xsi="http://www.w3.org/2001/XMLSchema-instance"
	xmlns:aop="http://www.springframework.org/schema/aop"
	xmlns:context="http://www.springframework.org/schema/context"
	xmlns:sas-aop="http://www.sas.com/xml/schema/aop"
    xmlns:sas-svcs="http://www.sas.com/xml/schema/svcs"
	xsi:schemaLocation="
		http://www.springframework.org/schema/beans
		http://www.springframework.org/schema/beans/spring-beans.xsd
		http://www.springframework.org/schema/aop
		http://www.springframework.org/schema/aop/spring-aop.xsd
		http://www.springframework.org/schema/context
    	http://www.springframework.org/schema/context/spring-context.xsd
    	http://www.sas.com/xml/schema/aop
    	http://www.sas.com/xml/schema/aop/sas-aop.xsd
        http://www.sas.com/xml/schema/svcs
        http://www.sas.com/xml/schema/svcs/sas-svcs.xsd">

	<context:component-scan base-package="com.sas.svcs.customization">
        <context:exclude-filter type="annotation" expression="com.sas.framework.annotation.services.ServerEnvironment" />
    </context:component-scan>
    
    <!-- for testing only 
    <import resource="classpath*:META-INF/wip-services-client-registry-config.xml"/>
	-->
	
	<bean id="configurer"
		class="org.springframework.beans.factory.config.PropertyPlaceholderConfigurer">
		<property name="placeholderPrefix" value="@{" />
		<property name="placeholderSuffix" value="}" />
		<property name="ignoreResourceNotFound" value="true" />
	</bean>

	<!-- need a registry to discover the service proxies -->
    <sas-svcs:registry id="sas.svcs.registry" serviceUrl="@{registry.url}" />
	
	<bean id="labeledEntityService" class="com.sas.svcs.remoting.client.SASClientHttpServiceProxy">
		<property name="serviceRegistry" ref="sas.svcs.registry" />
		<property name="serviceInterface"
			value="com.sas.svcs.labeledentity.client.LabeledEntityService" />
		<property name="useInterfaceClassLoader" value="false" />
	</bean>
	
	<bean id="themeService" class="com.sas.svcs.remoting.client.SASClientHttpServiceProxy">
		<property name="serviceRegistry" ref="sas.svcs.registry" />
		<property name="serviceInterface"
			value="com.sas.framework.themes.client.ThemeServiceInterface" />
		<property name="useInterfaceClassLoader" value="false" />
	</bean>
	
	<bean id="configurationService" class="com.sas.svcs.remoting.client.SASClientHttpServiceProxy">
		<property name="serviceRegistry" ref="sas.svcs.registry" />
		<property name="serviceInterface"
			value="com.sas.svcs.config.client.ConfigurationServiceInterface" />
		<property name="useInterfaceClassLoader" value="false" />
	</bean>
	
	<bean id="schedulingServiceInterface" class="com.sas.svcs.remoting.client.SASClientHttpServiceProxy">
		<property name="serviceRegistry" ref="sas.svcs.registry" />
		<property name="serviceInterface"
			value="com.sas.svcs.scheduling.client.SchedulingServiceInterface" />
		<property name="useInterfaceClassLoader" value="false" />
	</bean>
	
	<bean id="serviceRegistrationService" class="com.sas.svcs.remoting.client.SASClientHttpServiceProxy">
		<property name="serviceRegistry" ref="sas.svcs.registry" />
		<property name="serviceInterface"
			value="com.sas.svcs.registry.client.ServiceRegistrationInterface" />
		<property name="useInterfaceClassLoader" value="false" />
	</bean>

	<sas-aop:client-context-propagation />
	
</beans>