<?xml version="1.0" encoding="UTF-8"?>
<beans xmlns="http://www.springframework.org/schema/beans"
	xmlns:xsi="http://www.w3.org/2001/XMLSchema-instance"
	xmlns:aop="http://www.springframework.org/schema/aop"
	xmlns:context="http://www.springframework.org/schema/context"
	xmlns:sas-aop="http://www.sas.com/xml/schema/aop"
    xmlns:sas-svcs="http://www.sas.com/xml/schema/svcs"
	xsi:schemaLocation="
		http://www.springframework.org/schema/beans
		http://www.springframework.org/schema/beans/spring-beans.xsd
		http://www.springframework.org/schema/aop
		http://www.springframework.org/schema/aop/spring-aop.xsd
		http://www.springframework.org/schema/context
    	http://www.springframework.org/schema/context/spring-context.xsd
    	http://www.sas.com/xml/schema/aop
    	http://www.sas.com/xml/schema/aop/sas-aop.xsd
        http://www.sas.com/xml/schema/svcs
        http://www.sas.com/xml/schema/svcs/sas-svcs.xsd">

   <import resource="classpath*:/META-INF/wip-services-client-registry-config.xml" />

   <bean id="configurer"
         class="org.springframework.beans.factory.config.PropertyPlaceholderConfigurer">
      <property name="placeholderPrefix" value="@{"/>
      <property name="placeholderSuffix" value="}"/>
      <property name="ignoreResourceNotFound" value="true"/>
      <property name="locations">
         <list>
            <value>classpath:com/sas/svcs/scheduling/client/test/client.properties</value>
         </list>
      </property>
   </bean>

   <!-- need a registry to discover the service proxies -->
   <sas-svcs:registry id="sas.svcs.registry" serviceUrl="@{registry.url}" />
 <!--  <bean id="sas.svcs.registry"
         class="org.springframework.remoting.httpinvoker.HttpInvokerProxyFactoryBean">
		<property name="serviceUrl"
			value="@{registry.url}" />
      <property name="serviceInterface" 
                value="com.sas.svcs.registry.client.ServiceRegistryInterface"/>
   </bean>-->

   <!-- the SchedulingService requires a security context (and optional application
        name) so apply this aspect to inject this information into scheduling calls.
   -->
   <bean id="applicationProcessor"
         class="com.sas.svcs.remoting.ClientRemoteInvocationApplicationProcessor" />
   <bean id="securityProcessor"
         class="com.sas.svcs.remoting.security.ClientRemoteInvocationSecurityProcessor" />
   <bean id="remoteInterceptor"
         class="com.sas.svcs.remoting.aspects.RemoteInvocationInterceptor">
      <property name="preProcessors">
         <list>
            <ref bean="applicationProcessor" />
            <ref bean="securityProcessor" />
         </list>
      </property>
   </bean>
      
   <aop:config>
      <aop:advisor
         pointcut="execution(* org.springframework.remoting.httpinvoker.HttpInvokerRequestExecutor.*(..))"
         advice-ref="remoteInterceptor" />
   </aop:config>
   
</beans>