jobname|SERVER|AUTHDOMAIN|schema|tablename|library|COLUMNNAME|WHERECOND
10-EXT-DWPVACEA-ZACE_PERSONAL_DETAILS|"""&TDP5."""|'TD_SGDW'|DWPVACEA|ZACE_PERSONAL_DETAILS|ADL_EXT|NO_BORROWERS|WHERE (   (DATE &TD_SYS_PROC_DATE. BETWEEN FROM_DATE AND TO_DATE) OR (TO_DATE     BETWEEN DATE &TD_MSTART_DATE. AND DATE &TD_SYS_PROC_DATE.) OR (FROM_DATE <= DATE &TD_SYS_PROC_DATE. AND TO_DATE IS NULL   ) )
10-EXT-DWPVACEA-ZACE_PERSONAL_DETAILS_MM|"""&TDP5."""|'TD_SGDW'|DWPVACEA|ZACE_PERSONAL_DETAILS|ADL_EXT|NO_BORROWERS|WHERE (   (DATE &TD_SYS_PROC_DATE. BETWEEN FROM_DATE AND TO_DATE) OR (TO_DATE     BETWEEN DATE &TD_MSTART_DATE. AND DATE &TD_SYS_PROC_DATE.) OR (FROM_DATE <= DATE &TD_SYS_PROC_DATE. AND TO_DATE IS NULL   ) )
10-EXT-DWPVASOGA-ZSOV_VEHICLE_DEFINITION|"""&TDP5."""|'TD_SGDW'|DWPVASOGA|ZSOV_VEHICLE_DEFINITION |ADL_EXT|NULL| WHERE FROM_DATE <= DATE &TD_MEND_DATE. AND TO_DATE   >= DATE &TD_MSTART_DATE.   
10-EXT-DWPVASOGA-ZSOV_VEHICLE_DEFINITION_MM|"""&TDP5."""|'TD_SGDW'|DWPVASOGA|ZSOV_VEHICLE_DEFINITION |ADL_EXT|NULL| WHERE FROM_DATE <= DATE &TD_MEND_DATE. AND TO_DATE   >= DATE &TD_MSTART_DATE.   
10-EXT-DWPVIEWA-ACCT-HIST|"""&TDP5."""|'TD_SGDW'|DWPVIEWA|ACCT|ADL_EXT|PROD_COA_KEY|WHERE TO_DATE <= &LDOY AND TO_DATE >= &FDOY
10-EXT-DWPVIEWA-ACCT|"""&TDP5."""|'TD_SGDW'|DWPVIEWA|ACCT|ADL_EXT|PROD_COA_KEY| WHERE FROM_DATE <= DATE &TD_MEND_DATE. AND TO_DATE >= DATE &TD_MSTART_DATE. - 1
10-EXT-DWPVIEWA-ACCT_CHA|"""&TDP5."""|'TD_SGDW'|DWPVIEWA|ACCT_CHA|ADL_EXT|DR_INT_RATE| WHERE ( (DATE &TD_SYS_PROC_DATE. BETWEEN FROM_DATE AND TO_DATE) OR (TO_DATE BETWEEN DATE &TD_MSTART_DATE. AND DATE &TD_SYS_PROC_DATE.) OR (FROM_DATE <= DATE &TD_SYS_PROC_DATE. AND TO_DATE IS NULL) )
10-EXT-DWPVIEWA-ACCT_CUST_LINK|"""&TDP5."""|'TD_SGDW'|DWPViewA|ACCT_CUST_LINK |ADL_EXT|NULL| WHERE ( ( (DATE &TD_SYS_PROC_DATE. BETWEEN FROM_DATE and TO_DATE)  OR   (TO_DATE BETWEEN DATE &TD_MSTART_DATE. AND DATE &TD_SYS_PROC_DATE.)  OR   (FROM_DATE <= DATE &TD_SYS_PROC_DATE. AND TO_DATE IS NULL) ) AND (ACCT_PURGE_DATE IS NULL OR ACCT_PURGE_DATE = DATE '0101-01-01' OR ACCT_PURGE_DATE >= DATE &TD_MSTART_DATE.) )
10-EXT-DWPVIEWA-ACCT_CUST_LINK_HIST|"""&TDP5."""|'TD_SGDW'|DWPVIEWA|ACCT_CUST_LINK |ADL_EXT|NULL| WHERE CAST(FROM_DATE AS DATE) <= DATE &TD_SYS_PROC_DATE. AND (ACCT_PURGE_DATE IS NULL OR ACCT_PURGE_DATE = DATE '0101-01-01' OR ACCT_PURGE_DATE >= DATE &TD_MSTART_DATE.) 
10-EXT-DWPVIEWA-ACCT_EVENT|"""&TDP5."""|'TD_SGDW'|DWPVIEWA|ACCT_EVENT |ADL_EXT|EVENT_KEY| WHERE PROCESS_DATE BETWEEN DATE &TD_MSTART_DATE AND DATE &TD_SYS_PROC_DATE 
10-EXT-DWPVIEWA-ACCT_EVENT_MM|"""&TDP5."""|'TD_SGDW'|DWPVIEWA|ACCT_EVENT |ADL_EXT|EVENT_KEY| WHERE PROCESS_DATE BETWEEN DATE &TD_MSTART_DATE AND DATE &TD_SYS_PROC_DATE 
10-EXT-DWPVIEWA-ACCT_FIN|"""&TDP5."""|'TD_SGDW'|DWPVIEWA|ACCT_FIN  |ADL_EXT|BAL_AMT|   WHERE FROM_DATE <= DATE &TD_MEND_DATE.   AND TO_DATE >= DATE &TD_MSTART_DATE. - 1  
10-EXT-DWPVIEWA-ACCT_FIN_CHA|"""&TDP5."""|'TD_SGDW'|DWPVIEWA|ACCT_FIN_CHA  |ADL_EXT|BAL_AMT| WHERE ( (DATE &TD_SYS_PROC_DATE. BETWEEN FROM_DATE and TO_DATE)  OR   (TO_DATE BETWEEN DATE &TD_MSTART_DATE. AND DATE &TD_SYS_PROC_DATE.)  OR   (FROM_DATE <= DATE &TD_SYS_PROC_DATE. AND TO_DATE IS NULL) )
10-EXT-DWPVIEWA-ACCT_FIN_LG_LINK|"""&TDP5."""|'TD_SGDW'|DWPVIEWA|ACCT_FIN_LG_LINK  |ADL_EXT|BAL_AMT|   WHERE TO_DATE >= DATE &TD_MSTART_DATE. AND FROM_DATE <= DATE &TD_MEND_DATE.  
10-EXT-DWPVIEWA-ACCT_FIN_LG_LINK_MM|"""&TDP5."""|'TD_SGDW'|DWPVIEWA|ACCT_FIN_LG_LINK  |ADL_EXT|BAL_AMT|   WHERE TO_DATE >= DATE &TD_MSTART_DATE. AND FROM_DATE <= DATE &TD_MEND_DATE.  
10-EXT-DWPVIEWA-ACCT_FIN_MM|"""&TDP5."""|'TD_SGDW'|DWPVIEWA|ACCT_FIN  |ADL_EXT|BAL_AMT|   WHERE FROM_DATE <= DATE &TD_MEND_DATE.   AND TO_DATE >= DATE &TD_MSTART_DATE. - 1  
10-EXT-DWPVIEWA-ACCT_FUNDS_TRANSFER|"""&TDP5."""|'TD_SGDW'|DWPVIEWA|ACCT_FUNDS_TRANSFER|ADL_EXT|FUNDS_TRANSFER_AMT|   WHERE ( (DATE &TD_SYS_PROC_DATE. BETWEEN FROM_DATE AND TO_DATE)  OR (TO_DATE BETWEEN DATE &TD_MSTART_DATE. AND DATE &TD_SYS_PROC_DATE.)    OR (FROM_DATE <= DATE &TD_SYS_PROC_DATE. AND TO_DATE IS NULL) )
10-EXT-DWPVIEWA-ACCT_GCIS_CUST_LINK|"""&TDP5."""|'TD_SGDW'|DWPVIEWA|ACCT_GCIS_CUST_LINK|ADL_EXT|NULL| WHERE ( (DATE &TD_SYS_PROC_DATE. BETWEEN FROM_DATE AND TO_DATE) OR (TO_DATE BETWEEN DATE &TD_MSTART_DATE. AND DATE &TD_SYS_PROC_DATE.) OR (FROM_DATE <= DATE &TD_SYS_PROC_DATE. AND TO_DATE IS NULL) )
10-EXT-DWPVIEWA-ACCT_GCIS_CUST_LINK_MM|"""&TDP5."""|'TD_SGDW'|DWPVIEWA|ACCT_GCIS_CUST_LINK|ADL_EXT|NULL| WHERE ( (DATE &TD_SYS_PROC_DATE. BETWEEN FROM_DATE AND TO_DATE) OR (TO_DATE BETWEEN DATE &TD_MSTART_DATE. AND DATE &TD_SYS_PROC_DATE.) OR (FROM_DATE <= DATE &TD_SYS_PROC_DATE. AND TO_DATE IS NULL) )
10-EXT-DWPVIEWA-ACCT_LOAN-HIST|"""&TDP5."""|'TD_SGDW'|DWPVIEWA|ACCT_LOAN  |ADL_EXT|ACTUAL_REPAY_AMT| WHERE TO_DATE <= DATE &TD_MEND_DATE. 
10-EXT-DWPVIEWA-ACCT_LOAN|"""&TDP5."""|'TD_SGDW'|DWPVIEWA|ACCT_LOAN  |ADL_EXT|APPR_AMT| WHERE FROM_DATE <= DATE &TD_MEND_DATE.   AND TO_DATE   >= DATE &TD_MSTART_DATE. 
10-EXT-DWPVIEWA-ACCT_LOAN_CONDUCT|"""&TDP5."""|'TD_SGDW'|DWPVIEWA|ACCT_LOAN_CONDUCT  |ADL_EXT|ARREARS_BAL_AMT|WHERE ( (DATE &TD_SYS_PROC_DATE. BETWEEN FROM_DATE and TO_DATE) OR (TO_DATE BETWEEN DATE &TD_MSTART_DATE. AND DATE &TD_SYS_PROC_DATE.) OR (FROM_DATE <= DATE &TD_SYS_PROC_DATE. AND TO_DATE IS NULL) )
10-EXT-DWPVIEWA-ACCT_LOAN_CONDUCT_MM|"""&TDP5."""|'TD_SGDW'|DWPVIEWA|ACCT_LOAN_CONDUCT  |ADL_EXT|ARREARS_BAL_AMT|WHERE ( (DATE &TD_SYS_PROC_DATE. BETWEEN FROM_DATE and TO_DATE) OR (TO_DATE BETWEEN DATE &TD_MSTART_DATE. AND DATE &TD_SYS_PROC_DATE.) OR (FROM_DATE <= DATE &TD_SYS_PROC_DATE. AND TO_DATE IS NULL) )
10-EXT-DWPVIEWA-ACCT_LOAN_FULL|"""&TDP5."""|'TD_SGDW'|DWPVIEWA|ACCT_LOAN|ADL_EXT|ACTUAL_REPAY_AMT|   WHERE FROM_DATE <= DATE &TD_MEND_DATE. WHERE FROM_DATE <= DATE &TD_MEND_DATE.  
10-EXT-DWPVIEWA-ACCT_LOAN_MM|"""&TDP5."""|'TD_SGDW'|DWPVIEWA|ACCT_LOAN  |ADL_EXT|APPR_AMT| WHERE FROM_DATE <= DATE &TD_MEND_DATE.   AND TO_DATE   >= DATE &TD_MSTART_DATE. 
10-EXT-DWPVIEWA-ACCT_MIS|"""&TDP5."""|'TD_SGDW'|DWPVIEWA|ACCT_MIS|ADL_EXT|NULL| WHERE ( (DATE &TD_SYS_PROC_DATE. BETWEEN FROM_DATE AND TO_DATE) OR (TO_DATE BETWEEN DATE &TD_MSTART_DATE. AND DATE &TD_SYS_PROC_DATE.) OR (FROM_DATE <= DATE &TD_SYS_PROC_DATE. AND TO_DATE IS NULL) )
10-EXT-DWPVIEWA-ACCT_MM|"""&TDP5."""|'TD_SGDW'|DWPVIEWA|ACCT|ADL_EXT|PROD_COA_KEY| WHERE FROM_DATE <= DATE &TD_MEND_DATE. AND TO_DATE >= DATE &TD_MSTART_DATE. - 1
10-EXT-DWPVIEWA-APPLN-HIST|"""&TDP5."""|'TD_SGDW'|DWPVIEWA|APPLN |ADL_EXT|NEW_ACCT_CNT|WHERE TO_DATE <= DATE &TD_SYS_PROC_DATE.
10-EXT-DWPVIEWA-APPLN|"""&TDP5."""|'TD_SGDW'|DWPVIEWA|APPLN |ADL_EXT|NEW_ACCT_CNT|WHERE ( (DATE &TD_SYS_PROC_DATE. BETWEEN FROM_DATE AND TO_DATE)  OR (TO_DATE     BETWEEN DATE &TD_MSTART_DATE. AND DATE &TD_SYS_PROC_DATE.)  OR (FROM_DATE <= DATE &TD_SYS_PROC_DATE. AND TO_DATE IS NULL) )
10-EXT-DWPVIEWA-APPLN_FIN_ACCT-HIST|"""&TDP5."""|'TD_SGDW'|DWPVIEWA|APPLN_FIN_ACCT |ADL_EXT|APPLN_AMT|WHERE TO_DATE <= DATE &TD_SYS_PROC_DATE. 
10-EXT-DWPVIEWA-APPLN_FIN_ACCT|"""&TDP5."""|'TD_SGDW'|DWPVIEWA|APPLN_FIN_ACCT |ADL_EXT|APPLN_AMT|WHERE ( (DATE &TD_SYS_PROC_DATE. BETWEEN FROM_DATE AND TO_DATE)  OR (TO_DATE     BETWEEN DATE &TD_MSTART_DATE. AND DATE &TD_SYS_PROC_DATE.)  OR (FROM_DATE <= DATE &TD_SYS_PROC_DATE. AND TO_DATE IS NULL   ) )
10-EXT-DWPVIEWA-APPLN_FIN_ACCT_FULL|"""&TDP5."""|'TD_SGDW'|DWPVIEWA|APPLN_FIN_ACCT |ADL_EXT|APPLN_AMT|   WHERE FROM_DATE <= DATE &TD_MEND_DATE. 
10-EXT-DWPVIEWA-APPLN_FIN_LINK-HIST|"""&TDP5."""|'TD_SGDW'|DWPVIEWA|APPLN_FIN_LINK |ADL_EXT|NULL|WHERE TO_DATE <= DATE &TD_SYS_PROC_DATE. 
10-EXT-DWPVIEWA-APPLN_FIN_LINK|"""&TDP5."""|'TD_SGDW'|DWPVIEWA|APPLN_FIN_LINK |ADL_EXT|NULL|WHERE (DATE &TD_SYS_PROC_DATE. BETWEEN FROM_DATE AND TO_DATE)    OR (TO_DATE     BETWEEN DATE &TD_MSTART_DATE. AND DATE &TD_SYS_PROC_DATE.)    OR (FROM_DATE <= DATE &TD_SYS_PROC_DATE. AND TO_DATE IS NULL   )
10-EXT-DWPVIEWA-APPLN_FIN_LINK_FULL|"""&TDP5."""|'TD_SGDW'|DWPVIEWA|APPLN_FIN_LINK |ADL_EXT|NULL|   WHERE FROM_DATE <= DATE &TD_MEND_DATE.  
10-EXT-DWPVIEWA-APPLN_FULL|"""&TDP5."""|'TD_SGDW'|DWPVIEWA|APPLN |ADL_EXT|NEW_ACCT_CNT|   WHERE FROM_DATE <= DATE &TD_MEND_DATE.  
10-EXT-DWPVIEWA-BRANCH|"""&TDP5."""|'TD_SGDW'|DWPVIEWA|BRANCH |ADL_EXT|NULL|   WHERE FROM_DATE <= DATE &TD_MEND_DATE. AND TO_DATE >= DATE &TD_MSTART_DATE.  
10-EXT-DWPVIEWA-CFAL_REL_MAPPING|"""&TDP5."""|'TD_SGDW'|DWPVIEWA|CFAL_REL_MAPPING  |ADL_EXT|NULL|   WHERE TO_DATE >= DATE &TD_MSTART_DATE. AND FROM_DATE <= DATE &TD_MEND_DATE.  
10-EXT-DWPVIEWA-CFAL_REL_MAPPING_MM|"""&TDP5."""|'TD_SGDW'|DWPVIEWA|CFAL_REL_MAPPING  |ADL_EXT|NULL|   WHERE TO_DATE >= DATE &TD_MSTART_DATE. AND FROM_DATE <= DATE &TD_MEND_DATE.  
10-EXT-DWPVIEWA-CIS_CUST|"""&TDP5."""|'TD_SGDW'|DWPVIEWA|CIS_CUST |ADL_EXT|NULL| WHERE ( (DATE &TD_SYS_PROC_DATE. BETWEEN FROM_DATE and TO_DATE)  OR   (TO_DATE BETWEEN DATE &TD_MSTART_DATE. AND DATE &TD_SYS_PROC_DATE.)  OR   (FROM_DATE <= DATE &TD_SYS_PROC_DATE. AND TO_DATE IS NULL) )
10-EXT-DWPVIEWA-CIS_CUST_ACCT_LINK|"""&TDP5."""|'TD_SGDW'|DWPVIEWA|CIS_CUST_ACCT_LINK |ADL_EXT|NULL| WHERE ( (DATE &TD_SYS_PROC_DATE. BETWEEN FROM_DATE and TO_DATE)  OR   (TO_DATE BETWEEN DATE &TD_MSTART_DATE. AND DATE &TD_SYS_PROC_DATE.)  OR   (FROM_DATE <= DATE &TD_SYS_PROC_DATE. AND TO_DATE IS NULL) )   
10-EXT-DWPVIEWA-CIS_CUST_APPLN|"""&TDP5."""|'TD_SGDW'|DWPVIEWA|CIS_CUST_APPLN |ADL_EXT|ADDITIONAL_INCOME_AMT| WHERE ( (DATE &TD_SYS_PROC_DATE. BETWEEN FROM_DATE and TO_DATE)  OR   (TO_DATE BETWEEN DATE &TD_MSTART_DATE. AND DATE &TD_SYS_PROC_DATE.)  OR   (FROM_DATE <= DATE &TD_SYS_PROC_DATE. AND TO_DATE IS NULL) )
10-EXT-DWPVIEWA-CIS_CUST_LINK|"""&TDP5."""|'TD_SGDW'|DWPVIEWA|CIS_CUST_LINK |ADL_EXT|CIS_KEY| WHERE ( (DATE &TD_SYS_PROC_DATE. BETWEEN FROM_DATE and TO_DATE)  OR   (TO_DATE BETWEEN DATE &TD_MSTART_DATE. AND DATE &TD_SYS_PROC_DATE.)  OR   (FROM_DATE <= DATE &TD_SYS_PROC_DATE. AND TO_DATE IS NULL) )   
10-EXT-DWPVIEWA-CIS_CUST_OUTLINE|"""&TDP5."""|'TD_SGDW'|DWPVIEWA|CIS_CUST_OUTLINE |ADL_EXT|NULL| WHERE ( (DATE &TD_SYS_PROC_DATE. BETWEEN FROM_DATE and TO_DATE)  OR   (TO_DATE BETWEEN DATE &TD_MSTART_DATE. AND DATE &TD_SYS_PROC_DATE.)  OR   (FROM_DATE <= DATE &TD_SYS_PROC_DATE. AND TO_DATE IS NULL) )   
10-EXT-DWPVIEWA-CIS_GCIS_LINK|"""&TDP5."""|'TD_SGDW'|DWPVIEWA|CIS_GCIS_LINK |ADL_EXT|CIS_KEY | WHERE ( (DATE &TD_SYS_PROC_DATE. BETWEEN FROM_DATE and TO_DATE)  OR   (TO_DATE BETWEEN DATE &TD_MSTART_DATE. AND DATE &TD_SYS_PROC_DATE.)  OR   (FROM_DATE <= DATE &TD_SYS_PROC_DATE. AND TO_DATE IS NULL) )   
10-EXT-DWPVIEWA-CIS_GCIS_LINK_MM|"""&TDP5."""|'TD_SGDW'|DWPVIEWA|CIS_GCIS_LINK |ADL_EXT|CIS_KEY | WHERE ( (DATE &TD_SYS_PROC_DATE. BETWEEN FROM_DATE and TO_DATE)  OR   (TO_DATE BETWEEN DATE &TD_MSTART_DATE. AND DATE &TD_SYS_PROC_DATE.)  OR   (FROM_DATE <= DATE &TD_SYS_PROC_DATE. AND TO_DATE IS NULL) )   
10-EXT-DWPVIEWA-CIS_NAME_SCRUBBED|"""&TDP5."""|'TD_SGDW'|DWPVIEWA|CIS_NAME_SCRUBBED|ADL_EXT|NULL|WHERE ( (DATE &TD_SYS_PROC_DATE. BETWEEN FROM_DATE and TO_DATE) OR (TO_DATE BETWEEN DATE &TD_MSTART_DATE. AND DATE &TD_SYS_PROC_DATE.) OR (FROM_DATE <= DATE &TD_SYS_PROC_DATE. AND TO_DATE IS NULL) )
10-EXT-DWPVIEWA-CUST|"""&TDP5."""|'TD_SGDW'|DWPVIEWA|CUST |ADL_EXT|NULL| WHERE ( (DATE &TD_SYS_PROC_DATE. BETWEEN FROM_DATE and TO_DATE)  OR   (TO_DATE BETWEEN DATE &TD_MSTART_DATE. AND DATE &TD_SYS_PROC_DATE.)  OR   (FROM_DATE <= DATE &TD_SYS_PROC_DATE. AND TO_DATE IS NULL) )
10-EXT-DWPVIEWA-CUST_FIN|"""&TDP5."""|'TD_SGDW'|DWPVIEWA|CUST_FIN   |ADL_EXT|NULL| WHERE FROM_DATE <= DATE &TD_MEND_DATE. AND TO_DATE   >= DATE &TD_MSTART_DATE. 
10-EXT-DWPVIEWA-CUST_GCIS_LINK|"""&TDP5."""|'TD_SGDW'|DWPVIEWA|CUST_GCIS_LINK |ADL_EXT|NULL| WHERE ( (DATE &TD_SYS_PROC_DATE. BETWEEN FROM_DATE and TO_DATE)  OR   (TO_DATE BETWEEN DATE &TD_MSTART_DATE. AND DATE &TD_SYS_PROC_DATE.)  OR   (FROM_DATE <= DATE &TD_SYS_PROC_DATE. AND TO_DATE IS NULL) )   
10-EXT-DWPVIEWA-CUST_OUTLINE|"""&TDP5."""|'TD_SGDW'|DWPVIEWA|CUST_OUTLINE |ADL_EXT|NULL| WHERE ( (DATE &TD_SYS_PROC_DATE. BETWEEN FROM_DATE and TO_DATE)  OR   (TO_DATE BETWEEN DATE &TD_MSTART_DATE. AND DATE &TD_SYS_PROC_DATE.)  OR   (FROM_DATE <= DATE &TD_SYS_PROC_DATE. AND TO_DATE IS NULL) )   
10-EXT-DWPVIEWA-FOLIO-FULL|"""&TDP5."""|'TD_SGDW'|DWPVIEWA|FOLIO |ADL_FXT|NULL|WHERE FROM_DATE <= DATE &TD_SYS_PROC_DATE.
10-EXT-DWPVIEWA-FOLIO-HIST|"""&TDP5."""|'TD_SGDW'|DWPVIEWA|FOLIO |ADL_EXT|OPEN_BRANCH_KEY|WHERE DATE &TD_SYS_PROC_DATE. <= TO_DATE
10-EXT-DWPVIEWA-FOLIO|"""&TDP5."""|'TD_SGDW'|DWPVIEWA|FOLIO |ADL_EXT|OPEN_BRANCH_KEY|WHERE FROM_DATE <= DATE &TD_MEND_DATE.  AND TO_DATE   >= DATE &TD_MSTART_DATE.
10-EXT-DWPVIEWA-FOLIO_SECURITY-HIST|"""&TDP5."""|'TD_SGDW'|DWPVIEWA|FOLIO_SECURITY |ADL_EXT|NULL|WHERE DATE &TD_SYS_PROC_DATE. <= TO_DATE
10-EXT-DWPVIEWA-FOLIO_SECURITY|"""&TDP5."""|'TD_SGDW'|DWPVIEWA|FOLIO_SECURITY|ADL_EXT|NULL|WHERE ( (DATE &TD_SYS_PROC_DATE. BETWEEN FROM_DATE AND TO_DATE) OR (TO_DATE BETWEEN DATE &TD_MSTART_DATE. AND DATE &TD_SYS_PROC_DATE.) OR (FROM_DATE <= DATE &TD_SYS_PROC_DATE. AND TO_DATE IS NULL) )
10-EXT-DWPVIEWA-GCIS_ADDR|"""&TDP5."""|"""TD_SGDW"""|DWPVIEWA|GCIS_ADDR|ADL_EXT|NULL| WHERE ( (DATE &TD_SYS_PROC_DATE. BETWEEN FROM_DATE and TO_DATE)  OR   (TO_DATE BETWEEN DATE &TD_MSTART_DATE. AND DATE &TD_SYS_PROC_DATE.)  OR   (FROM_DATE <= DATE &TD_SYS_PROC_DATE. AND TO_DATE IS NULL) )
10-EXT-DWPVIEWA-GCIS_ADDR_MM|"""&TDP5."""|"""TD_SGDW"""|DWPVIEWA|GCIS_ADDR|ADL_EXT|NULL| WHERE ( (DATE &TD_SYS_PROC_DATE. BETWEEN FROM_DATE and TO_DATE)  OR   (TO_DATE BETWEEN DATE &TD_MSTART_DATE. AND DATE &TD_SYS_PROC_DATE.)  OR   (FROM_DATE <= DATE &TD_SYS_PROC_DATE. AND TO_DATE IS NULL) )
10-EXT-DWPVIEWA-GCIS_CIS_LINK|"""&TDP5."""|'TD_SGDW'|DWPVIEWA|GCIS_CIS_LINK |ADL_EXT|NULL| WHERE ( (DATE &TD_SYS_PROC_DATE. BETWEEN FROM_DATE and TO_DATE)  OR   (TO_DATE BETWEEN DATE &TD_MSTART_DATE. AND DATE &TD_SYS_PROC_DATE.)  OR   (FROM_DATE <= DATE &TD_SYS_PROC_DATE. AND TO_DATE IS NULL) )   
10-EXT-DWPVIEWA-GCIS_CUST|"""&TDP5."""|'TD_SGDW'|DWPVIEWA|GCIS_CUST |ADL_EXT|NULL| WHERE ( (DATE &TD_SYS_PROC_DATE. BETWEEN FROM_DATE and TO_DATE)  OR   (TO_DATE BETWEEN DATE &TD_MSTART_DATE. AND DATE &TD_SYS_PROC_DATE.)  OR   (FROM_DATE <= DATE &TD_SYS_PROC_DATE. AND TO_DATE IS NULL) )
10-EXT-DWPVIEWA-GCIS_CUST_ADDR_LINK|"""&TDP5."""|"""TD_SGDW"""|DWPVIEWA|GCIS_CUST_ADDR_LINK |ADL_EXT|NULL| WHERE ( (DATE &TD_SYS_PROC_DATE. BETWEEN FROM_DATE and TO_DATE)  OR   (TO_DATE BETWEEN DATE &TD_MSTART_DATE. AND DATE &TD_SYS_PROC_DATE.)  OR   (FROM_DATE <= DATE &TD_SYS_PROC_DATE. AND TO_DATE IS NULL) )   
10-EXT-DWPVIEWA-GCIS_CUST_ADDR_LINK_20072018|"""&TDP5."""|"""TD_SGDW"""|DWPVIEWA|GCIS_CUST_ADDR_LINK |ADL_EXT|NULL| WHERE ( (DATE &TD_SYS_PROC_DATE. BETWEEN FROM_DATE and TO_DATE)  OR   (TO_DATE BETWEEN DATE &TD_MSTART_DATE. AND DATE &TD_SYS_PROC_DATE.)  OR   (FROM_DATE <= DATE &TD_SYS_PROC_DATE. AND TO_DATE IS NULL) )   
10-EXT-DWPVIEWA-GCIS_CUST_LINK|"""&TDP5."""|'TD_SGDW'|DWPVIEWA|GCIS_CUST_LINK |ADL_EXT|NULL|  WHERE FROM_DATE <= DATE &TD_MEND_DATE. AND TO_DATE >= DATE &TD_MSTART_DATE. - 1
10-EXT-DWPVIEWA-LG_HIER_CENTRE|"""&TDP5."""|"""TD_SGDW"""|DWPVIEWA|LG_HIER_CENTRE   |ADL_EXT|NULL| WHERE FROM_DATE <= DATE &TD_MEND_DATE. AND TO_DATE   >= DATE &TD_MSTART_DATE.
10-EXT-DWPVIEWA-LG_HIER_CENTRE_EOP|"""&TDP5."""|'TD_SGDW'|DWPVIEWA|LG_HIER_CENTRE_EOP  |ADL_EXT|NULL|   WHERE TO_DATE >= DATE &TD_MSTART_DATE. AND FROM_DATE <= DATE &TD_MEND_DATE.  
10-EXT-DWPVIEWA-LG_HIER_LOCATION|"""&TDP5."""|"""TD_SGDW"""|DWPVIEWA|LG_HIER_LOCATION   |ADL_EXT|NULL| WHERE FROM_DATE <= DATE &TD_MEND_DATE. AND TO_DATE   >= DATE &TD_MSTART_DATE.   
10-EXT-DWPVIEWA-LMI_LOAN|"""&TDP5."""|'TD_SGDW'|DWPVIEWA|LMI_LOAN|ADL_EXT|PROD_COA_KEY|   WHERE TO_DATE >= DATE &TD_MSTART_DATE. AND FROM_DATE <= DATE &TD_MEND_DATE.  
10-EXT-DWPVIEWA-MIS_ORG_UNIT|"""&TDP5."""|'TD_SGDW'|DWPVIEWA|MIS_ORG_UNIT|ADL_EXT|MIS_ORG_UNIT_SEQ_NUM|WHERE ( (DATE &TD_SYS_PROC_DATE. BETWEEN FROM_DATE AND TO_DATE) OR (TO_DATE BETWEEN DATE &TD_MSTART_DATE. AND DATE &TD_SYS_PROC_DATE.) OR (FROM_DATE <= DATE &TD_SYS_PROC_DATE. AND TO_DATE IS NULL) QUALIFY ROW_NUMBER() OVER (  PARTITION BY MIS_ORG_UNIT_ID, MIS_ORG_AREA_KEY, MIS_ORG_DIVISION_KEY, MIS_ORG_BANKING_UNIT_KEY, MIS_ORG_BANK_KEY ) )
10-EXT-DWPVIEWA-PROD_CATEGORY|"""&TDP5."""|'TD_SGDW'|DWPVIEWA|PROD_CATEGORY  |ADL_EXT|PROD_CATEGORY_KEY| WHERE (DATE &TD_SYS_PROC_DATE. BETWEEN FROM_DATE and TO_DATE) 
10-EXT-DWPVIEWA-PROD_COA|"""&TDP5."""|'TD_SGDW'|DWPVIEWA|PROD_COA|ADL_EXT|PROD_CATEGORY_KEY| WHERE ( (DATE &TD_SYS_PROC_DATE. BETWEEN FROM_DATE and TO_DATE) OR   (TO_DATE BETWEEN DATE &TD_MSTART_DATE. AND DATE &TD_SYS_PROC_DATE.) OR   (FROM_DATE <= DATE &TD_SYS_PROC_DATE. AND TO_DATE IS NULL) )
10-EXT-DWPVIEWA-PROD_COA_MM|"""&TDP5."""|'TD_SGDW'|DWPVIEWA|PROD_COA  |ADL_EXT|PROD_CATEGORY_KEY| WHERE ( (DATE &TD_SYS_PROC_DATE. BETWEEN FROM_DATE and TO_DATE)  OR   (TO_DATE BETWEEN DATE &TD_MSTART_DATE. AND DATE &TD_SYS_PROC_DATE.)  OR   (FROM_DATE <= DATE &TD_SYS_PROC_DATE. AND TO_DATE IS NULL) )
10-EXT-DWPVIEWA-PROD_LINE|"""&TDP5."""|'TD_SGDW'|DWPVIEWA|PROD_LINE  |ADL_EXT|PROD_CLASS_KEY| WHERE ( (DATE &TD_SYS_PROC_DATE. BETWEEN FROM_DATE and TO_DATE)  OR   (TO_DATE BETWEEN DATE &TD_MSTART_DATE. AND DATE &TD_SYS_PROC_DATE.)  OR   (FROM_DATE <= DATE &TD_SYS_PROC_DATE. AND TO_DATE IS NULL) )
10-EXT-DWPVIEWA-TRAN|"""&TDP5."""|'TD_SGDW'|DWPVIEWA|TRAN|ADL_EXT|MICR_CODE| WHERE PROCESS_DATE BETWEEN DATE &TD_MSTART_DATE. AND DATE &TD_SYS_PROC_DATE. 
10-EXT-DWPVIEWA-TRAN_MM|"""&TDP5."""|'TD_SGDW'|DWPVIEWA|TRAN|ADL_EXT|MICR_CODE| WHERE PROCESS_DATE BETWEEN DATE &TD_MSTART_DATE. AND DATE &TD_SYS_PROC_DATE. 
10-EXT-DWPVIEWA-ZCHA_FACILITY_LIMITS|"""&TDP5."""|'TD_SGDW'|DWPVIEWA|ZCHA_FACILITY_LIMITS|ADL_EXT|FACILITY_LIMIT| WHERE ( (DATE &TD_SYS_PROC_DATE. BETWEEN FROM_DATE AND TO_DATE) OR (TO_DATE BETWEEN DATE &TD_MSTART_DATE. AND DATE &TD_SYS_PROC_DATE.) OR (FROM_DATE <= DATE &TD_SYS_PROC_DATE. AND TO_DATE IS NULL) )
10-EXT-DWPVIEWA-ZCLS_APPL-HIST|"""&TDP5."""|'TD_SGDW'|DWPVIEWA|ZCLS_APPL|ADL_EXT|NUM_DEPENDENT_CHILDREN|   WHERE TO_DATE <= DATE &TD_SYS_PROC_DATE.  
10-EXT-DWPVIEWA-ZCLS_APPL|"""&TDP5."""|'TD_SGDW'|DWPVIEWA|ZCLS_APPL |ADL_EXT|NUM_DEPENDENT_CHILDREN|WHERE FROM_DATE <= DATE &TD_MEND_DATE. AND TO_DATE   >= DATE &TD_MSTART_DATE.
10-EXT-DWPVIEWA-ZCLS_APPL_EMPLOYMENT|"""&TDP5."""|'TD_SGDW'|DWPVIEWA|ZCLS_APPL_EMPLOYMENT|ADL_EXT|LENGTH_OF_SERVICE_YEAR|WHERE FROM_DATE <= DATE &TD_MEND_DATE. AND TO_DATE   >= DATE &TD_MSTART_DATE.
10-EXT-DWPVIEWA-ZCLS_APPL_EMPLOYMENT_MM|"""&TDP5."""|'TD_SGDW'|DWPVIEWA|ZCLS_APPL_EMPLOYMENT|ADL_EXT|LENGTH_OF_SERVICE_YEAR|WHERE FROM_DATE <= DATE &TD_MEND_DATE. AND TO_DATE   >= DATE &TD_MSTART_DATE.
10-EXT-DWPVIEWA-ZCLS_APPL_MM|"""&TDP5."""|'TD_SGDW'|DWPVIEWA|ZCLS_APPL |ADL_EXT|NUM_DEPENDENT_CHILDREN|WHERE FROM_DATE <= DATE &TD_MEND_DATE. AND TO_DATE   >= DATE &TD_MSTART_DATE.
10-EXT-DWPVIEWA-ZCLS_CONTRACT_AFFORD-HIST|"""&TDP5."""|'TD_SGDW'|DWPVIEWA|ZCLS_CONTRACT_AFFORD |ADL_EXT|NET_INCOME|WHERE TO_DATE <= DATE &TD_SYS_PROC_DATE.
10-EXT-DWPVIEWA-ZCLS_CONTRACT_AFFORD|"""&TDP5."""|'TD_SGDW'|DWPVIEWA|ZCLS_CONTRACT_AFFORD |ADL_EXT|NET_INCOME|WHERE FROM_DATE <= DATE &TD_MEND_DATE. AND TO_DATE   >= DATE &TD_MSTART_DATE.
10-EXT-DWPVIEWA-ZCLS_CONTRACT_AFFORD_MM|"""&TDP5."""|'TD_SGDW'|DWPVIEWA|ZCLS_CONTRACT_AFFORD |ADL_EXT|NET_INCOME|WHERE FROM_DATE <= DATE &TD_MEND_DATE. AND TO_DATE   >= DATE &TD_MSTART_DATE.
10-EXT-DWPVIEWA-ZCLS_FDTL_MORT_ACCT-HIST|"""&TDP5."""|'TD_SGDW'|DWPVIEWA|ZCLS_FDTL_MORT_ACCT|ADL_EXT|EXIST_BALANCE|WHERE TO_DATE <= DATE &TD_SYS_PROC_DATE.   
10-EXT-DWPVIEWA-ZCLS_FDTL_MORT_ACCT|"""&TDP5."""|'TD_SGDW'|DWPVIEWA|ZCLS_FDTL_MORT_ACCT|ADL_EXT|EXIST_BALANCE|WHERE FROM_DATE <= DATE &TD_MEND_DATE. AND TO_DATE   >= DATE &TD_MSTART_DATE.
10-EXT-DWPVIEWA-ZCLS_FDTL_MORT_ACCT_FULL|"""&TDP5."""|'TD_SGDW'|DWPVIEWA|ZCLS_FDTL_MORT_ACCT|ADL_EXT|EXIST_BALANCE|   WHERE FROM_DATE <= DATE &TD_MEND_DATE. 
10-EXT-DWPVIEWA-ZCLS_FDTL_MORT_ACCT_MM|"""&TDP5."""|'TD_SGDW'|DWPVIEWA|ZCLS_FDTL_MORT_ACCT|ADL_EXT|EXIST_BALANCE|WHERE FROM_DATE <= DATE &TD_MEND_DATE. AND TO_DATE   >= DATE &TD_MSTART_DATE.
10-EXT-DWPVIEWA-ZCMSR_ACCT|"""&TDP5"""|'TD_SGDW'|DWPVIEWA|ZCMSR_ACCT|ADL_EXT|ACCT_EXP|   WHERE PROCESS_DATE = ( SELECT MAX(PROCESS_DATE) FROM DWPVIEWA.ZCMSR_ACCT WHERE CAST(CAST(PROCESS_DATE AS FORMAT 'YYYYMM') AS CHAR(6)) = %STR(%')&MONTH_KEY.%STR(%') )
10-EXT-DWPVIEWA-ZCMSR_ACCT_HIST|"""&TDP5"""|'TD_SGDW'|DWPVIEWA|ZCMSR_ACCT|ADL_EXT|ACCT_EXP| WHERE CAST(PROCESS_DATE AS DATE) <= &LDOY   AND CAST(PROCESS_DATE AS DATE) >= &FDOY 
10-EXT-DWPVIEWA-ZCMSR_ACCT_MM|"""&TDP5"""|'TD_SGDW'|DWPVIEWA|ZCMSR_ACCT|ADL_EXT|ACCT_EXP|   WHERE PROCESS_DATE = ( SELECT MAX(PROCESS_DATE) FROM DWPVIEWA.ZCMSR_ACCT WHERE CAST(CAST(PROCESS_DATE AS FORMAT 'YYYYMM') AS CHAR(6)) = %STR(%')&MONTH_KEY.%STR(%') ) 
10-EXT-DWPVIEWA-ZCMS_ACCOUNT_CREDIT_RISK|"""&TDP5."""|'TD_SGDW'|DWPVIEWA|ZCMS_ACCOUNT_CREDIT_RISK  |ADL_EXT|CR_RSK_RNK| WHERE  ( (FROM_DATE <= DATE &TD_SYS_PROC_DATE. AND TO_DATE >= DATE &TD_MSTART_DATE.) OR  (FROM_DATE <= DATE &TD_SYS_PROC_DATE. AND TO_DATE IS NULL) )
10-EXT-DWPVIEWA-ZCMS_CREDIT_CUSTOMER|"""&TDP5."""|'TD_SGDW'|DWPVIEWA|ZCMS_CREDIT_CUSTOMER|ADL_EXT|CURR_WR_OFF_AMT| WHERE ( (DATE &TD_SYS_PROC_DATE. BETWEEN FROM_DATE AND TO_DATE) OR (TO_DATE BETWEEN DATE &TD_MSTART_DATE. AND DATE &TD_SYS_PROC_DATE.) OR (FROM_DATE <= DATE &TD_SYS_PROC_DATE. AND TO_DATE IS NULL) )
10-EXT-DWPVIEWA-ZCMS_CUSTOMER_OTHER_EXPOSURE|"""&TDP5."""|'TD_SGDW'|DWPVIEWA|ZCMS_CUSTOMER_OTHER_EXPOSURE  |ADL_EXT|RBA_RSK_WGHT_RTE| WHERE (  (DATE &TD_SYS_PROC_DATE. BETWEEN FROM_DATE and TO_DATE)  OR   (TO_DATE BETWEEN DATE &TD_MSTART_DATE. AND DATE &TD_SYS_PROC_DATE.)  OR   (FROM_DATE <= DATE &TD_SYS_PROC_DATE. AND TO_DATE IS NULL) )
10-EXT-DWPVIEWA-ZCMS_CUSTOMER_RISK_GRADE|"""&TDP5."""|'TD_SGDW'|DWPVIEWA|ZCMS_CUSTOMER_RISK_GRADE|ADL_EXT|CR_RSK_RANK|WHERE FROM_DATE <= DATE &TD_MEND_DATE. AND   TO_DATE >= DATE &TD_MSTART_DATE.   
10-EXT-DWPVIEWA-ZCMS_MAP_ACCOUNT|"""&TDP5."""|'TD_SGDW'|DWPVASOGA|ZCMS_MAP_ACCOUNT  |ADL_EXT|NULL| WHERE FROM_DATE <= DATE &TD_MEND_DATE. AND TO_DATE   >= DATE &TD_MSTART_DATE.
10-EXT-DWPVIEWA-ZCMS_MAP_MASTER|"""&TDP5."""|'TD_SGDW'|DWPVIEWA|ZCMS_MAP_MASTER|ADL_EXT|ACCUM_EXPSR_AMT|   WHERE FROM_DATE <= DATE &TD_MEND_DATE.   AND TO_DATE >= DATE &TD_MSTART_DATE.
10-EXT-DWPVIEWA-ZGCIS_CUSTOMER_PRODUCT|"""&TDP5."""|'TD_SGDW'|DWPVIEWA|ZGCIS_CUSTOMER_PRODUCT  |ADL_EXT|BCH_CDE| WHERE  ( (FROM_DATE <= DATE &TD_SYS_PROC_DATE. AND TO_DATE >= DATE &TD_MSTART_DATE.) OR  (FROM_DATE <= DATE &TD_SYS_PROC_DATE. AND TO_DATE IS NULL) )
10-EXT-DWPVIEWA-ZGCIS_CUSTOMER_PRODUCT_BAL|"""&TDP5."""|'TD_SGDW'|DWPVIEWA|ZGCIS_CUSTOMER_PRODUCT_BAL  |ADL_EXT|BAL_AMT| WHERE ( (DATE &TD_SYS_PROC_DATE. BETWEEN FROM_DATE and TO_DATE)  OR   (TO_DATE BETWEEN DATE &TD_MSTART_DATE. AND DATE &TD_SYS_PROC_DATE.)  OR   (FROM_DATE <= DATE &TD_SYS_PROC_DATE. AND TO_DATE IS NULL) )
10-EXT-DWPVIEWA-ZIPM_INDIVIDUAL_PROVISION|"""&TDP5."""|'TD_SGDW'|DWPVIEWA|ZIPM_INDIVIDUAL_PROVISION|ADL_EXT|NULL|
10-EXT-DWPVIEWA-ZIPM_INDIVIDUAL_PROVISION_MM|"""&TDP5."""|'TD_SGDW'|DWPVIEWA|ZIPM_INDIVIDUAL_PROVISION|ADL_EXT|NULL|
10-EXT-DWPVIEWA-ZSOV_ACCT_MAP|"""&TDP5."""|'TD_SGDW'|DWPVIEWA|ZSOV_ACCT_MAP |ADL_EXT|NULL|   WHERE FROM_DATE <= DATE &TD_MEND_DATE. AND TO_DATE >= DATE &TD_MSTART_DATE.  
10-EXT-DWPVIEWA-ZSOV_ACCT_MAP_MM|"""&TDP5."""|'TD_SGDW'|DWPVIEWA|ZSOV_ACCT_MAP |ADL_EXT|NULL|   WHERE FROM_DATE <= DATE &TD_MEND_DATE. AND TO_DATE >= DATE &TD_MSTART_DATE.  
10-EXT-DWPVIEWA-ZSOV_APPLN|"""&TDP5."""|'TD_SGDW'|DWPVIEWA|ZSOV_APPLN |ADL_EXT|NULL|   WHERE FROM_DATE <= DATE &TD_MEND_DATE. AND TO_DATE >= DATE &TD_MSTART_DATE.
10-EXT-DWPVIEWA-ZSOV_APPLN_LOAN_DETAIL|"""&TDP5."""|'TD_SGDW'|DWPVIEWA|ZSOV_APPLN_LOAN_DETAIL |ADL_EXT|AMT_REQUIRED|   WHERE FROM_DATE <= DATE &TD_MEND_DATE. AND TO_DATE >= DATE &TD_MSTART_DATE.
10-EXT-DWPVIEWA-ZSOV_APPLN_LOAN_DETAIL_MM|"""&TDP5."""|'TD_SGDW'|DWPVIEWA|ZSOV_APPLN_LOAN_DETAIL |ADL_EXT|AMT_REQUIRED|   WHERE FROM_DATE <= DATE &TD_MEND_DATE. AND TO_DATE >= DATE &TD_MSTART_DATE.
10-EXT-DWPVIEWA-ZSOV_APPLN_MM|"""&TDP5."""|'TD_SGDW'|DWPVIEWA|ZSOV_APPLN |ADL_EXT|NULL|   WHERE FROM_DATE <= DATE &TD_MEND_DATE. AND TO_DATE >= DATE &TD_MSTART_DATE.
10-EXT-DWPVIEWA-ZSOV_ASSET|"""&TDP5."""|'TD_SGDW'|DWPVIEWA|ZSOV_ASSET|ADL_EXT|ASSET_PCT_TO_USE|   WHERE TO_DATE >= DATE &TD_MSTART_DATE. AND FROM_DATE <= DATE &TD_MEND_DATE.  
10-EXT-DWPVIEWA-ZSOV_ASSET_CLASSIFICATION|"""&TDP5"""|'TD_SGDW'|DWPVIEWA|ZSOV_ASSET_CLASSIFICATION|ADL_EXT|ASC_SPARE_AMT|   WHERE FROM_DATE <= DATE &TD_MEND_DATE. AND TO_DATE   >= DATE &TD_MSTART_DATE.     
10-EXT-DWPVIEWA-ZSOV_ASSET_CLASSIFICATION_MM|"""&TDP5"""|'TD_SGDW'|DWPVIEWA|ZSOV_ASSET_CLASSIFICATION|ADL_EXT|ASC_SPARE_AMT|   WHERE FROM_DATE <= DATE &TD_MEND_DATE. AND TO_DATE   >= DATE &TD_MSTART_DATE.     
10-EXT-DWPVIEWA-ZSOV_ASSET_CONSUMER_GOODS|"""&TDP5."""|'TD_SGDW'|DWPVIEWA|ZSOV_ASSET_CONSUMER_GOODS |ADL_EXT|NULL|   WHERE TO_DATE >= DATE &TD_MSTART_DATE. AND FROM_DATE <= DATE &TD_MEND_DATE.  
10-EXT-DWPVIEWA-ZSOV_ASSET_CONSUMER_GOODS_MM|"""&TDP5."""|'TD_SGDW'|DWPVIEWA|ZSOV_ASSET_CONSUMER_GOODS |ADL_EXT|NULL|   WHERE TO_DATE >= DATE &TD_MSTART_DATE. AND FROM_DATE <= DATE &TD_MEND_DATE.  
10-EXT-DWPVIEWA-ZSOV_ASSET_MISCELLANEOUS|"""&TDP5."""|'TD_SGDW'|DWPVIEWA|ZSOV_ASSET_MISCELLANEOUS |ADL_EXT|NULL|   WHERE TO_DATE >= DATE &TD_MSTART_DATE. AND FROM_DATE <= DATE &TD_MEND_DATE.  
10-EXT-DWPVIEWA-ZSOV_ASSET_MISCELLANEOUS_MM|"""&TDP5."""|'TD_SGDW'|DWPVIEWA|ZSOV_ASSET_MISCELLANEOUS |ADL_EXT|NULL|   WHERE TO_DATE >= DATE &TD_MSTART_DATE. AND FROM_DATE <= DATE &TD_MEND_DATE.  
10-EXT-DWPVIEWA-ZSOV_ASSET_MM|"""&TDP5."""|'TD_SGDW'|DWPVIEWA|ZSOV_ASSET|ADL_EXT|ASSET_PCT_TO_USE|   WHERE TO_DATE >= DATE &TD_MSTART_DATE. AND FROM_DATE <= DATE &TD_MEND_DATE.  
10-EXT-DWPVIEWA-ZSOV_ASSET_VEHICLE|"""&TDP5."""|'TD_SGDW'|DWPVIEWA|ZSOV_ASSET_VEHICLE |ADL_EXT|NULL|   WHERE TO_DATE >= DATE &TD_MSTART_DATE. AND FROM_DATE <= DATE &TD_MEND_DATE.  
10-EXT-DWPVIEWA-ZSOV_ASSET_VEHICLE_MM|"""&TDP5."""|'TD_SGDW'|DWPVIEWA|ZSOV_ASSET_VEHICLE |ADL_EXT|NULL|   WHERE TO_DATE >= DATE &TD_MSTART_DATE. AND FROM_DATE <= DATE &TD_MEND_DATE.  
10-EXT-DWPVIEWA-ZSOV_CLIENT_EMPLOYMENT|"""&TDP5."""|"""TD_SGDW"""|DWPVIEWA|ZSOV_CLIENT_EMPLOYMENT |ADL_EXT|NULL| WHERE FROM_DATE <= DATE &TD_MEND_DATE. AND TO_DATE   >= DATE &TD_MSTART_DATE.   
10-EXT-DWPVIEWA-ZSOV_CLIENT_EMPLOYMENT_MM|"""&TDP5."""|"""TD_SGDW"""|DWPVIEWA|ZSOV_CLIENT_EMPLOYMENT |ADL_EXT|NULL| WHERE FROM_DATE <= DATE &TD_MEND_DATE. AND TO_DATE   >= DATE &TD_MSTART_DATE.   
10-EXT-DWPVIEWA-ZSOV_CLIENT_EXTENSION|"""&TDP5."""|'TD_SGDW'|DWPVIEWA|ZSOV_CLIENT_EXTENSION |ADL_EXT|NULL| WHERE FROM_DATE <= DATE &TD_MEND_DATE. AND TO_DATE   >= DATE &TD_MSTART_DATE.   
10-EXT-DWPVIEWA-ZSOV_CLIENT_EXTENSION_MM|"""&TDP5."""|'TD_SGDW'|DWPVIEWA|ZSOV_CLIENT_EXTENSION |ADL_EXT|NULL| WHERE FROM_DATE <= DATE &TD_MEND_DATE. AND TO_DATE   >= DATE &TD_MSTART_DATE.   
10-EXT-DWPVIEWA-ZSOV_CLIENT_PERSONAL_DTL|"""&TDP5."""|'TD_SGDW'|DWPVIEWA|ZSOV_CLIENT_PERSONAL_DTL |ADL_EXT|NULL| WHERE FROM_DATE <= DATE &TD_MEND_DATE. AND TO_DATE   >= DATE &TD_MSTART_DATE.   
10-EXT-DWPVIEWA-ZSOV_CLIENT_PERSONAL_DTL_MM|"""&TDP5."""|'TD_SGDW'|DWPVIEWA|ZSOV_CLIENT_PERSONAL_DTL |ADL_EXT|NULL| WHERE FROM_DATE <= DATE &TD_MEND_DATE. AND TO_DATE   >= DATE &TD_MSTART_DATE.   
10-EXT-DWPVIEWA-ZSOV_CLIENT_STMT_OF_POS_1|"""&TDP5."""|'TD_SGDW'|DWPVIEWA|ZSOV_CLIENT_STMT_OF_POS_1 |ADL_EXT|PERIOD_FOR_LENGTH|   WHERE FROM_DATE <= DATE &TD_MEND_DATE. AND TO_DATE >= DATE &TD_MSTART_DATE.
10-EXT-DWPVIEWA-ZSOV_CLIENT_STMT_OF_POS_1_MM|"""&TDP5."""|'TD_SGDW'|DWPVIEWA|ZSOV_CLIENT_STMT_OF_POS_1 |ADL_EXT|PERIOD_FOR_LENGTH|   WHERE FROM_DATE <= DATE &TD_MEND_DATE. AND TO_DATE >= DATE &TD_MSTART_DATE.
10-EXT-DWPVIEWA-ZSOV_COMPANY_PROFILE|"""&TDP5."""|'TD_SGDW'|DWPVIEWA|ZSOV_COMPANY_PROFILE  |ADL_EXT|NULL| WHERE FROM_DATE <= DATE &TD_MEND_DATE. AND TO_DATE   >= DATE &TD_MSTART_DATE.   
10-EXT-DWPVIEWA-ZSOV_COMPANY_PROFILE_MM|"""&TDP5."""|'TD_SGDW'|DWPVIEWA|ZSOV_COMPANY_PROFILE  |ADL_EXT|NULL| WHERE FROM_DATE <= DATE &TD_MEND_DATE. AND TO_DATE   >= DATE &TD_MSTART_DATE.   
10-EXT-DWPVIEWA-ZSOV_GL_SMARTSTREAM|"""&TDP5."""|'TD_SGDW'|DWPVIEWA|ZSOV_GL_SMARTSTREAM|ADL_EXT|BALANCE_OUTSTANDING_AMT|   WHERE PROCESS_DATE BETWEEN DATE &TD_MSTART_DATE AND DATE &TD_MEND_DATE
10-EXT-DWPVIEWA-ZSOV_GL_SMARTSTREAM_MM|"""&TDP5."""|'TD_SGDW'|DWPVIEWA|ZSOV_GL_SMARTSTREAM|ADL_EXT|BALANCE_OUTSTANDING_AMT|   WHERE PROCESS_DATE BETWEEN DATE &TD_MSTART_DATE AND DATE &TD_MEND_DATE
10-EXT-DWPVIEWA-ZSOV_LENDING_ACCT|"""&TDP5."""|'TD_SGDW'|DWPVIEWA|ZSOV_LENDING_ACCT |ADL_EXT|CURRENT_BALANCE|   WHERE TO_DATE >= DATE &TD_MSTART_DATE. AND FROM_DATE <= DATE &TD_MEND_DATE.  
10-EXT-DWPVIEWA-ZSOV_LENDING_ACCT_FIN_DTL-HIST|"""&TDP5."""|'TD_SGDW'|DWPVIEWA|ZSOV_LENDING_ACCT_FIN_DTL|ADL_EXT|AMT_FINANCED|WHERE TO_DATE <= DATE &TD_MEND_DATE.
10-EXT-DWPVIEWA-ZSOV_LENDING_ACCT_FIN_DTL|"""&TDP5."""|'TD_SGDW'|DWPVIEWA|ZSOV_LENDING_ACCT_FIN_DTL|ADL_EXT|AMT_FINANCED|WHERE ( (DATE &TD_SYS_PROC_DATE. BETWEEN FROM_DATE AND TO_DATE) OR (TO_DATE BETWEEN DATE &TD_MSTART_DATE.     AND DATE &TD_SYS_PROC_DATE.) OR (FROM_DATE <= DATE &TD_SYS_PROC_DATE. AND TO_DATE IS NULL) )
10-EXT-DWPVIEWA-ZSOV_LENDING_ACCT_FIN_DTL_ALL|"""&TDP5."""|'TD_SGDW'|DWPVIEWA|ZSOV_LENDING_ACCT_FIN_DTL|ADL_EXT|AMT_FINANCED|WHERE FROM_DATE <= &TD_MEND_DATE. (DATE, FORMAT 'YYYY-MM-DD') 
10-EXT-DWPVIEWA-ZSOV_LENDING_ACCT_FIN_DTL_MM|"""&TDP5."""|'TD_SGDW'|DWPVIEWA|ZSOV_LENDING_ACCT_FIN_DTL|ADL_EXT|AMT_FINANCED|WHERE ( (DATE &TD_SYS_PROC_DATE. BETWEEN FROM_DATE AND TO_DATE) OR (TO_DATE BETWEEN DATE &TD_MSTART_DATE.     AND DATE &TD_SYS_PROC_DATE.) OR (FROM_DATE <= DATE &TD_SYS_PROC_DATE. AND TO_DATE IS NULL) )
10-EXT-DWPVIEWA-ZSOV_LENDING_ACCT_MM|"""&TDP5."""|'TD_SGDW'|DWPVIEWA|ZSOV_LENDING_ACCT |ADL_EXT|CURRENT_BALANCE|   WHERE TO_DATE >= DATE &TD_MSTART_DATE. AND FROM_DATE <= DATE &TD_MEND_DATE.  
10-EXT-DWPVIEWA-ZSOV_LENDING_TRAN|"""&TDP5."""|'TD_SGDW'|DWPVIEWA|ZSOV_LENDING_TRAN|ADL_EXT|TRAN_AMT|WHERE PROCESS_DATE BETWEEN DATE &TD_MSTART_DATE. AND DATE &TD_MEND_DATE.
10-EXT-DWPVIEWA-ZSOV_LOAN_ACTVITY_WORKFILE|"""&TDP5."""|'TD_SGDW'|DWPVIEWA|ZSOV_LOAN_ACTVITY_WORKFILE|ADL_EXT|NULL|WHERE PRODUCT_TYPE = 'COF' AND ACTIVITY_DATE >= %STR(%')&END_DATE.%STR(%')(DATE, FORMAT 'YYYYMMDD')  
10-EXT-DWPVIEWA-ZSOV_LOAN_ACTVITY_WORKFILE_MM|"""&TDP5."""|'TD_SGDW'|DWPVIEWA|ZSOV_LOAN_ACTVITY_WORKFILE|ADL_EXT|NULL|WHERE PRODUCT_TYPE = 'COF' AND ACTIVITY_DATE >= %STR(%')&END_DATE.%STR(%')(DATE, FORMAT 'YYYYMMDD')  
10-EXT-DWPVIEWA-ZSOV_LOAN_INSTAL_BRKDOWN-HIST|"""&TDP5."""|'TD_SGDW'|DWPVIEWA|ZSOV_LOAN_INSTAL_BRKDOWN|ADL_EXT|LOAN_INTEREST_COMPONENT|WHERE LOAN_INSTALMENT_DATE <= DATE &TD_MEND_DATE
10-EXT-DWPVIEWA-ZSOV_LOAN_INSTAL_BRKDOWN|"""&TDP5."""|'TD_SGDW'|DWPVIEWA|ZSOV_LOAN_INSTAL_BRKDOWN|ADL_EXT|LOAN_INTEREST_COMPONENT|WHERE LOAN_INSTALMENT_DATE <= DATE &TD_MEND_DATEAND LOAN_INSTALMENT_DATE >= DATE &TD_MSTART_DATE
10-EXT-DWPVIEWA-ZSOV_LOAN_INSTAL_BRKDOWN_ALL|"""&TDP5."""|'TD_SGDW'|DWPVIEWA|ZSOV_LOAN_INSTAL_BRKDOWN|ADL_EXT|LOAN_INTEREST_COMPONENT|WHERE ( LOAN_INSTALMENT_DATE BETWEEN DATE %STR(%')%SYSFUNC(INTNX(MONTH,%SYSFUNC(INPUTN(&MONTH_KEY.,YYMMN6.)),-15,B),YYMMDD10.)%STR(%') AND DATE %STR(%')%SYSFUNC(INTNX(MONTH,%SYSFUNC(INPUTN(&MONTH_KEY.,YYMMN6.)),0,E),YYMMDD10.)%STR(%')  )
10-EXT-DWPVIEWA-ZSOV_LOAN_INSTAL_BRKDOWN_MM|"""&TDP5."""|'TD_SGDW'|DWPVIEWA|ZSOV_LOAN_INSTAL_BRKDOWN|ADL_EXT|LOAN_INTEREST_COMPONENT|WHERE LOAN_INSTALMENT_DATE <= DATE &TD_MEND_DATEAND LOAN_INSTALMENT_DATE >= DATE &TD_MSTART_DATE
10-EXT-DWPVIEWA-ZSOV_ORG_UNIT|"""&TDP5."""|'TD_SGDW'|DWPVIEWA|ZSOV_ORG_UNIT |ADL_EXT|NULL|   WHERE FROM_DATE <= DATE &TD_MEND_DATE. AND TO_DATE >= DATE &TD_MSTART_DATE.  
10-EXT-DWPVIEWA-ZSOV_ORG_UNIT_MM|"""&TDP5."""|'TD_SGDW'|DWPVIEWA|ZSOV_ORG_UNIT |ADL_EXT|NULL|   WHERE FROM_DATE <= DATE &TD_MEND_DATE. AND TO_DATE >= DATE &TD_MSTART_DATE.  
10-EXT-DWPVIEWA-ZSOV_PROD_CLIENT|"""&TDP5."""|'TD_SGDW'|DWPVIEWA|ZSOV_PROD_CLIENT   |ADL_EXT|NULL|   WHERE FROM_DATE <= DATE &TD_MEND_DATE. AND TO_DATE >= DATE &TD_MSTART_DATE.  
10-EXT-DWPVIEWA-ZSOV_PROD_CLIENT_MM|"""&TDP5."""|'TD_SGDW'|DWPVIEWA|ZSOV_PROD_CLIENT   |ADL_EXT|NULL|   WHERE FROM_DATE <= DATE &TD_MEND_DATE. AND TO_DATE >= DATE &TD_MSTART_DATE.  
10-EXT-DWPVIEWA-ZSOV_SECURITY_FOR_ACCT|"""&TDP5."""|'TD_SGDW'|DWPVIEWA|ZSOV_SECURITY_FOR_ACCT |ADL_EXT|SECURITY_PCT_USED_FOR_ACCT|   WHERE TO_DATE >= DATE &TD_MSTART_DATE. AND FROM_DATE <= DATE &TD_MEND_DATE.  
10-EXT-DWPVIEWA-ZSOV_SECURITY_FOR_ACCT_MM|"""&TDP5."""|'TD_SGDW'|DWPVIEWA|ZSOV_SECURITY_FOR_ACCT |ADL_EXT|SECURITY_PCT_USED_FOR_ACCT|   WHERE TO_DATE >= DATE &TD_MSTART_DATE. AND FROM_DATE <= DATE &TD_MEND_DATE.  
10-EXT-DWPVIEWA-ZSOV_SOP_INC_EXPEND_ITEM|"""&TDP5."""|'TD_SGDW'|DWPVIEWA|ZSOV_SOP_INC_EXPEND_ITEM |ADL_EXT|NULL|   WHERE FROM_DATE <= DATE &TD_MEND_DATE. AND TO_DATE >= DATE &TD_MSTART_DATE.
10-EXT-DWPVIEWA-ZSOV_SOP_INC_EXPEND_ITEM_MM|"""&TDP5."""|'TD_SGDW'|DWPVIEWA|ZSOV_SOP_INC_EXPEND_ITEM |ADL_EXT|NULL|   WHERE FROM_DATE <= DATE &TD_MEND_DATE. AND TO_DATE >= DATE &TD_MSTART_DATE.
10-EXT-DWPVIEWA-ZVIP_ACCT_DELINQUENCY|"""&TDP5."""|'TD_SGDW'|DWPVIEWA|ACCT_LOAN  |ADL_EXT|PMT_30DAYS|   WHERE FROM_DATE <= DATE &TD_MEND_DATE.     AND TO_DATE   >= DATE &TD_MSTART_DATE.
10-EXT-DWPVIEWA-ZVIP_ACCT_DELINQUENCY_MM|"""&TDP5."""|'TD_SGDW'|DWPVIEWA|ACCT_LOAN  |ADL_EXT|PMT_30DAYS|   WHERE FROM_DATE <= DATE &TD_MEND_DATE.     AND TO_DATE   >= DATE &TD_MSTART_DATE.
10-EXT-DWPVIEWA-ZVIP_ACCT_STATUS|"""&TDP5."""|'TD_SGDW'|DWPVIEWA|ZVIP_ACCT_STATUS |ADL_EXT|CARD_USAGE_FLAG| WHERE ( (DATE &TD_SYS_PROC_DATE. BETWEEN FROM_DATE and TO_DATE)  OR   (TO_DATE BETWEEN DATE &TD_MSTART_DATE. AND DATE &TD_SYS_PROC_DATE.)  OR   (FROM_DATE <= DATE &TD_SYS_PROC_DATE. AND TO_DATE IS NULL) )
10-EXT-DWPVIEWA-ZVIP_ACCT_STATUS_MM|"""&TDP5."""|'TD_SGDW'|DWPVIEWA|ZVIP_ACCT_STATUS |ADL_EXT|CARD_USAGE_FLAG| WHERE ((DATE &TD_SYS_PROC_DATE. BETWEEN FROM_DATE and TO_DATE)  OR   (TO_DATE BETWEEN DATE &TD_MSTART_DATE. AND DATE &TD_SYS_PROC_DATE.)  OR   (FROM_DATE <= DATE &TD_SYS_PROC_DATE. AND TO_DATE IS NULL) )
10-EXT-DWPVIEWA-ZVIP_POSTED_TRAN|"""&TDP5"""|'TD_SGDW'|DWPVIEWA|ZVIP_POSTED_TRAN|ADL_EXT|MT_PLAN| WHERE PROCESS_DATE BETWEEN DATE &TD_MSTART_DATE AND DATE &TD_MEND_DATE. 
10-EXT-DWPVIEWA-ZVIP_POSTED_TRAN_MM|"""&TDP5"""|'TD_SGDW'|DWPVIEWA|ZVIP_POSTED_TRAN|ADL_EXT|MT_PLAN| WHERE PROCESS_DATE BETWEEN DATE &TD_MSTART_DATE AND DATE &TD_MEND_DATE. 
10-EXT-DWPVTBLA-ACCT-HIST|"""&TDP5."""|'TD_SGDW'|DWPVTBLA|ACCT|ADL_EXT|PROD_COA_KEY|WHERE TO_DATE <= &LDOYAND TO_DATE >= &FDOY
10-EXT-DWPVTBLA-ACCT|"""&TDP5."""|'TD_SGDW'|DWPVTBLA|ACCT|ADL_EXT|PROD_COA_KEY| WHERE FROM_DATE <= DATE &TD_MEND_DATE. AND TO_DATE >= DATE &TD_MSTART_DATE. - 1 
10-EXT-DWPVTBLA-ACCT_CHA|"""&TDP5."""|'TD_SGDW'|DWPVTBLA|ACCT_CHA|ADL_EXT|DR_INT_RATE| WHERE ( (DATE &TD_SYS_PROC_DATE. BETWEEN FROM_DATE AND TO_DATE) OR (TO_DATE BETWEEN DATE &TD_MSTART_DATE. AND DATE &TD_SYS_PROC_DATE.) OR (FROM_DATE <= DATE &TD_SYS_PROC_DATE. AND TO_DATE IS NULL) )
10-EXT-DWPVTBLA-ACCT_CUST_LINK|"""&TDP5."""|'TD_SGDW'|DWPViewA|ACCT_CUST_LINK |ADL_EXT|NULL| WHERE ( ( (DATE &TD_SYS_PROC_DATE. BETWEEN FROM_DATE and TO_DATE)  OR   (TO_DATE BETWEEN DATE &TD_MSTART_DATE. AND DATE &TD_SYS_PROC_DATE.)  OR   (FROM_DATE <= DATE &TD_SYS_PROC_DATE. AND TO_DATE IS NULL) ) AND (ACCT_PURGE_DATE IS NULL OR ACCT_PURGE_DATE = DATE '0101-01-01' OR ACCT_PURGE_DATE >= DATE &TD_MSTART_DATE.) )
10-EXT-DWPVTBLA-ACCT_CUST_LINK_HIST|"""&TDP5."""|'TD_SGDW'|DWPVTBLA|ACCT_CUST_LINK |ADL_EXT|NULL| WHERE CAST(FROM_DATE AS DATE) <= DATE &TD_SYS_PROC_DATE. AND (ACCT_PURGE_DATE IS NULL OR ACCT_PURGE_DATE = DATE '0101-01-01' OR ACCT_PURGE_DATE >= DATE &TD_MSTART_DATE.) 
10-EXT-DWPVTBLA-ACCT_EVENT|"""&TDP5."""|'TD_SGDW'|DWPVTBLA|ACCT_EVENT |ADL_EXT|EVENT_KEY| WHERE PROCESS_DATE BETWEEN DATE &TD_MSTART_DATE AND DATE &TD_SYS_PROC_DATE 
10-EXT-DWPVTBLA-ACCT_FIN|"""&TDP5."""|'TD_SGDW'|DWPVTBLA|ACCT_FIN  |ADL_EXT|BAL_AMT|   WHERE FROM_DATE <= DATE &TD_MEND_DATE.   AND TO_DATE >= DATE &TD_MSTART_DATE. - 1
10-EXT-DWPVTBLA-ACCT_FIN_CHA|"""&TDP5."""|'TD_SGDW'|DWPVTBLA|ACCT_FIN_CHA  |ADL_EXT|BAL_AMT| WHERE ( (DATE &TD_SYS_PROC_DATE. BETWEEN FROM_DATE and TO_DATE)  OR   (TO_DATE BETWEEN DATE &TD_MSTART_DATE. AND DATE &TD_SYS_PROC_DATE.)  OR   (FROM_DATE <= DATE &TD_SYS_PROC_DATE. AND TO_DATE IS NULL) ) QUALIFY ROW_NUMBER() OVER (PARTITION BY ACCT_KEY ORDER BY FROM_DATE DESC) =1
10-EXT-DWPVTBLA-ACCT_FIN_LG_LINK|"""&TDP5."""|'TD_SGDW'|DWPVTBLA|ACCT_FIN_LG_LINK  |ADL_EXT|BAL_AMT|   WHERE TO_DATE >= DATE &TD_MSTART_DATE. AND FROM_DATE <= DATE &TD_MEND_DATE.  
10-EXT-DWPVTBLA-ACCT_FUNDS_TRANSFER|"""&TDP5."""|'TD_SGDW'|DWPVTBLA|ACCT_FUNDS_TRANSFER|ADL_EXT|FUNDS_TRANSFER_AMT|  WHERE ( (DATE &TD_SYS_PROC_DATE. BETWEEN FROM_DATE AND TO_DATE)  OR (TO_DATE BETWEEN DATE &TD_MSTART_DATE. AND DATE &TD_SYS_PROC_DATE.)    OR (FROM_DATE <= DATE &TD_SYS_PROC_DATE. AND TO_DATE IS NULL) )
10-EXT-DWPVTBLA-ACCT_GCIS_CUST_LINK|"""&TDP5."""|'TD_SGDW'|DWPVTBLA|ACCT_GCIS_CUST_LINK|ADL_EXT|NULL| WHERE ( (DATE &TD_SYS_PROC_DATE. BETWEEN FROM_DATE AND TO_DATE) OR (TO_DATE BETWEEN DATE &TD_MSTART_DATE. AND DATE &TD_SYS_PROC_DATE.) OR (FROM_DATE <= DATE &TD_SYS_PROC_DATE. AND TO_DATE IS NULL) )
10-EXT-DWPVTBLA-ACCT_LOAN-HIST|"""&TDP5."""|'TD_SGDW'|DWPVTBLA|ACCT_LOAN  |ADL_EXT|ACTUAL_REPAY_AMT| WHERE TO_DATE <= DATE &TD_MEND_DATE. 
10-EXT-DWPVTBLA-ACCT_LOAN|"""&TDP5."""|'TD_SGDW'|DWPVTBLA|ACCT_LOAN  |ADL_EXT|APPR_AMT| WHERE FROM_DATE <= DATE &TD_MEND_DATE.   AND TO_DATE   >= DATE &TD_MSTART_DATE.  
10-EXT-DWPVTBLA-ACCT_LOAN_CONDUCT|"""&TDP5."""|'TD_SGDW'|DWPVTBLA|ACCT_LOAN_CONDUCT  |ADL_EXT|ARREARS_BAL_AMT|   WHERE ( (DATE &TD_SYS_PROC_DATE. BETWEEN FROM_DATE and TO_DATE) OR (TO_DATE BETWEEN DATE &TD_MSTART_DATE. AND DATE &TD_SYS_PROC_DATE.) OR (FROM_DATE <= DATE &TD_SYS_PROC_DATE. AND TO_DATE IS NULL) )
10-EXT-DWPVTBLA-ACCT_LOAN_FULL|"""&TDP5."""|'TD_SGDW'|DWPVTBLA|ACCT_LOAN|ADL_EXT|ACTUAL_REPAY_AMT|   WHERE FROM_DATE <= DATE &TD_MEND_DATE.  
10-EXT-DWPVTBLA-ACCT_MIS|"""&TDP5."""|'TD_SGDW'|DWPVTBLA|ACCT_MIS|ADL_EXT|NULL| WHERE ( (DATE &TD_SYS_PROC_DATE. BETWEEN FROM_DATE AND TO_DATE) OR (TO_DATE BETWEEN DATE &TD_MSTART_DATE. AND DATE &TD_SYS_PROC_DATE.) OR (FROM_DATE <= DATE &TD_SYS_PROC_DATE. AND TO_DATE IS NULL) )
10-EXT-DWPVTBLA-APPLN-HIST|"""&TDP5."""|'TD_SGDW'|DWPVTBLA|APPLN |ADL_EXT|NEW_ACCT_CNT|WHERE TO_DATE <= DATE &TD_SYS_PROC_DATE.
10-EXT-DWPVTBLA-APPLN|"""&TDP5."""|'TD_SGDW'|DWPVTBLA|APPLN |ADL_EXT|NEW_ACCT_CNT|WHERE ( (DATE &TD_SYS_PROC_DATE. BETWEEN FROM_DATE AND TO_DATE)  OR (TO_DATE     BETWEEN DATE &TD_MSTART_DATE. AND DATE &TD_SYS_PROC_DATE.)  OR (FROM_DATE <= DATE &TD_SYS_PROC_DATE. AND TO_DATE IS NULL   ) )
10-EXT-DWPVTBLA-APPLN_FIN_ACCT-HIST|"""&TDP5."""|'TD_SGDW'|DWPVTBLA|APPLN_FIN_ACCT |ADL_EXT|APPLN_AMT|WHERE TO_DATE <= DATE &TD_SYS_PROC_DATE. 
10-EXT-DWPVTBLA-APPLN_FIN_ACCT|"""&TDP5."""|'TD_SGDW'|DWPVTBLA|APPLN_FIN_ACCT |ADL_EXT|APPLN_AMT|WHERE ( (DATE &TD_SYS_PROC_DATE. BETWEEN FROM_DATE AND TO_DATE)  OR (TO_DATE     BETWEEN DATE &TD_MSTART_DATE. AND DATE &TD_SYS_PROC_DATE.)  OR (FROM_DATE <= DATE &TD_SYS_PROC_DATE. AND TO_DATE IS NULL   ) )
10-EXT-DWPVTBLA-APPLN_FIN_ACCT_FULL|"""&TDP5."""|'TD_SGDW'|DWPVTBLA|APPLN_FIN_ACCT |ADL_EXT|APPLN_AMT|   WHERE FROM_DATE <= DATE &TD_MEND_DATE. 
10-EXT-DWPVTBLA-APPLN_FIN_LINK-HIST|"""&TDP5."""|'TD_SGDW'|DWPVTBLA|APPLN_FIN_LINK |ADL_EXT|NULL|WHERE TO_DATE <= DATE &TD_SYS_PROC_DATE. 
10-EXT-DWPVTBLA-APPLN_FIN_LINK|"""&TDP5."""|'TD_SGDW'|DWPVTBLA|APPLN_FIN_LINK |ADL_EXT|NULL|WHERE ( (DATE &TD_SYS_PROC_DATE. BETWEEN FROM_DATE AND TO_DATE)    OR (TO_DATE     BETWEEN DATE &TD_MSTART_DATE. AND DATE &TD_SYS_PROC_DATE.)    OR (FROM_DATE <= DATE &TD_SYS_PROC_DATE. AND TO_DATE IS NULL   ) )
10-EXT-DWPVTBLA-APPLN_FIN_LINK_FULL|"""&TDP5."""|'TD_SGDW'|DWPVTBLA|APPLN_FIN_LINK |ADL_EXT|NULL|   WHERE FROM_DATE <= DATE &TD_MEND_DATE.  
10-EXT-DWPVTBLA-APPLN_FULL|"""&TDP5."""|'TD_SGDW'|DWPVTBLA|APPLN |ADL_EXT|NEW_ACCT_CNT|   WHERE FROM_DATE <= DATE &TD_MEND_DATE.  
10-EXT-DWPVTBLA-BRANCH|"""&TDP5."""|'TD_SGDW'|DWPVTBLA|BRANCH |ADL_EXT|NULL|   WHERE FROM_DATE <= DATE &TD_MEND_DATE. AND TO_DATE >= DATE &TD_MSTART_DATE.  
10-EXT-DWPVTBLA-CFAL_REL_MAPPING|"""&TDP5."""|'TD_SGDW'|DWPVTBLA|CFAL_REL_MAPPING  |ADL_EXT|NULL|   WHERE TO_DATE >= DATE &TD_MSTART_DATE. AND FROM_DATE <= DATE &TD_MEND_DATE.  
10-EXT-DWPVTBLA-CIS_CUST|"""&TDP5."""|'TD_SGDW'|DWPVTBLA|CIS_CUST |ADL_EXT|NULL| WHERE ( (DATE &TD_SYS_PROC_DATE. BETWEEN FROM_DATE and TO_DATE)  OR   (TO_DATE BETWEEN DATE &TD_MSTART_DATE. AND DATE &TD_SYS_PROC_DATE.)  OR   (FROM_DATE <= DATE &TD_SYS_PROC_DATE. AND TO_DATE IS NULL) ) QUALIFY ROW_NUMBER() OVER (PARTITION BY CIS_KEY ORDER BY FROM_DATE DESC) =1
10-EXT-DWPVTBLA-CIS_CUST_ACCT_LINK|"""&TDP5."""|'TD_SGDW'|DWPVTBLA|CIS_CUST_ACCT_LINK |ADL_EXT|NULL| WHERE ( (DATE &TD_SYS_PROC_DATE. BETWEEN FROM_DATE and TO_DATE)  OR   (TO_DATE BETWEEN DATE &TD_MSTART_DATE. AND DATE &TD_SYS_PROC_DATE.)  OR   (FROM_DATE <= DATE &TD_SYS_PROC_DATE. AND TO_DATE IS NULL) )  QUALIFY ROW_NUMBER() OVER (PARTITION BY ACCT_KEY, CIS_KEY ORDER BY FROM_DATE DESC) =1 
10-EXT-DWPVTBLA-CIS_CUST_APPLN|"""&TDP5."""|'TD_SGDW'|DWPVTBLA|CIS_CUST_APPLN |ADL_EXT|ADDITIONAL_INCOME_AMT| WHERE ( (DATE &TD_SYS_PROC_DATE. BETWEEN FROM_DATE and TO_DATE)  OR   (TO_DATE BETWEEN DATE &TD_MSTART_DATE. AND DATE &TD_SYS_PROC_DATE.)  OR   (FROM_DATE <= DATE &TD_SYS_PROC_DATE. AND TO_DATE IS NULL) )  QUALIFY ROW_NUMBER() OVER (PARTITION BY CIS_KEY ORDER BY FROM_DATE DESC) =1
10-EXT-DWPVTBLA-CIS_CUST_LINK|"""&TDP5."""|'TD_SGDW'|DWPVTBLA|CIS_CUST_LINK |ADL_EXT|NULL| WHERE ( (DATE &TD_SYS_PROC_DATE. BETWEEN FROM_DATE and TO_DATE)  OR   (TO_DATE BETWEEN DATE &TD_MSTART_DATE. AND DATE &TD_SYS_PROC_DATE.)  OR   (FROM_DATE <= DATE &TD_SYS_PROC_DATE. AND TO_DATE IS NULL) )  QUALIFY ROW_NUMBER() OVER (PARTITION BY CIS_KEY, CUST_KEY ORDER BY FROM_DATE DESC) =1  
10-EXT-DWPVTBLA-CIS_CUST_OUTLINE|"""&TDP5."""|'TD_SGDW'|DWPVTBLA|CIS_CUST_OUTLINE |ADL_EXT|NULL| WHERE ( (DATE &TD_SYS_PROC_DATE. BETWEEN FROM_DATE and TO_DATE)  OR   (TO_DATE BETWEEN DATE &TD_MSTART_DATE. AND DATE &TD_SYS_PROC_DATE.)  OR   (FROM_DATE <= DATE &TD_SYS_PROC_DATE. AND TO_DATE IS NULL) ) QUALIFY ROW_NUMBER() OVER (PARTITION BY CIS_KEY ORDER BY FROM_DATE DESC) =1   
10-EXT-DWPVTBLA-CIS_GCIS_LINK|"""&TDP5."""|'TD_SGDW'|DWPVTBLA|CIS_GCIS_LINK |ADL_EXT|NULL| WHERE ( (DATE &TD_SYS_PROC_DATE. BETWEEN FROM_DATE and TO_DATE)  OR   (TO_DATE BETWEEN DATE &TD_MSTART_DATE. AND DATE &TD_SYS_PROC_DATE.)  OR   (FROM_DATE <= DATE &TD_SYS_PROC_DATE. AND TO_DATE IS NULL) )  QUALIFY ROW_NUMBER() OVER (PARTITION BY CIS_KEY, GCIS_KEY ORDER BY FROM_DATE DESC) =1   
10-EXT-DWPVTBLA-CIS_NAME|"""&TDP5."""|'TD_SGDW'|DWPVTBLA|CIS_NAME|ADL_EXT|NULL|   WHERE FROM_DATE <= DATE &TD_MEND_DATE.   AND TO_DATE >= DATE &TD_MSTART_DATE.
10-EXT-DWPVTBLA-CIS_NAME_SCRUBBED|"""&TDP5."""|'TD_SGDW'|DWPVTBLA|CIS_NAME_SCRUBBED|ADL_EXT|NULL|WHERE ( (DATE &TD_SYS_PROC_DATE. BETWEEN FROM_DATE and TO_DATE) OR (TO_DATE BETWEEN DATE &TD_MSTART_DATE. AND DATE &TD_SYS_PROC_DATE.) OR (FROM_DATE <= DATE &TD_SYS_PROC_DATE. AND TO_DATE IS NULL) ) QUALIFY ROW_NUMBER() OVER (PARTITION BY CIS_KEY ORDER BY FROM_DATE DESC) =1
10-EXT-DWPVTBLA-CUST|"""&TDP5."""|'TD_SGDW'|DWPVTBLA|CUST |ADL_EXT|NULL| WHERE ( (DATE &TD_SYS_PROC_DATE. BETWEEN FROM_DATE and TO_DATE)  OR   (TO_DATE BETWEEN DATE &TD_MSTART_DATE. AND DATE &TD_SYS_PROC_DATE.)  OR   (FROM_DATE <= DATE &TD_SYS_PROC_DATE. AND TO_DATE IS NULL) ) QUALIFY ROW_NUMBER() OVER (PARTITION BY CUST_KEY ORDER BY FROM_DATE DESC) =1
10-EXT-DWPVTBLA-CUST_FIN|"""&TDP5."""|'TD_SGDW'|DWPVTBLA|CUST_FIN   |ADL_EXT|NULL| WHERE FROM_DATE <= DATE &TD_MEND_DATE. AND TO_DATE   >= DATE &TD_MSTART_DATE.
10-EXT-DWPVTBLA-CUST_GCIS_LINK|"""&TDP5."""|'TD_SGDW'|DWPVTBLA|CUST_GCIS_LINK |ADL_EXT|NULL| WHERE ( (DATE &TD_SYS_PROC_DATE. BETWEEN FROM_DATE and TO_DATE)  OR   (TO_DATE BETWEEN DATE &TD_MSTART_DATE. AND DATE &TD_SYS_PROC_DATE.)  OR   (FROM_DATE <= DATE &TD_SYS_PROC_DATE. AND TO_DATE IS NULL) ) QUALIFY ROW_NUMBER() OVER (PARTITION BY CUST_KEY, GCIS_KEY ORDER BY FROM_DATE DESC) =1  
10-EXT-DWPVTBLA-CUST_OUTLINE|"""&TDP5."""|'TD_SGDW'|DWPVTBLA|CUST_OUTLINE |ADL_EXT|NULL| WHERE ( (DATE &TD_SYS_PROC_DATE. BETWEEN FROM_DATE and TO_DATE)  OR   (TO_DATE BETWEEN DATE &TD_MSTART_DATE. AND DATE &TD_SYS_PROC_DATE.)  OR   (FROM_DATE <= DATE &TD_SYS_PROC_DATE. AND TO_DATE IS NULL) )   
10-EXT-DWPVTBLA-DDA_DEB_INT_PENALTY_CODE|"""&TDP5."""|'TD_SGDW'|DWPVTBLA|DDA_DEB_INT_PENALTY_CODE  |ADL_EXT|Margin_Percent| WHERE ( (DATE &TD_SYS_PROC_DATE. BETWEEN FROM_DATE and TO_DATE)  OR   (TO_DATE BETWEEN DATE &TD_MSTART_DATE. AND DATE &TD_SYS_PROC_DATE.)  OR   (FROM_DATE <= DATE &TD_SYS_PROC_DATE. AND TO_DATE IS NULL) )
10-EXT-DWPVTBLA-FOLIO-FULL|"""&TDP5."""|'TD_SGDW'|DWPVTBLA|FOLIO |ADL_FXT|NULL|WHERE FROM_DATE <= DATE &TD_SYS_PROC_DATE.
10-EXT-DWPVTBLA-FOLIO-HIST|"""&TDP5."""|'TD_SGDW'|DWPVTBLA|FOLIO |ADL_EXT|OPEN_BRANCH_KEY|WHERE DATE &TD_SYS_PROC_DATE. <= TO_DATE
10-EXT-DWPVTBLA-FOLIO|"""&TDP5."""|'TD_SGDW'|DWPVTBLA|FOLIO |ADL_EXT|OPEN_BRANCH_KEY|WHERE FROM_DATE <= DATE &TD_MEND_DATE.  AND TO_DATE   >= DATE &TD_MSTART_DATE.
10-EXT-DWPVTBLA-FOLIO_SECURITY-HIST|"""&TDP5."""|'TD_SGDW'|DWPVTBLA|FOLIO_SECURITY |ADL_EXT|NULL|WHERE DATE &TD_SYS_PROC_DATE. <= TO_DATE
10-EXT-DWPVTBLA-FOLIO_SECURITY|"""&TDP5."""|'TD_SGDW'|DWPVTBLA|FOLIO_SECURITY|ADL_EXT|NULL|WHERE ( (DATE &TD_SYS_PROC_DATE. BETWEEN FROM_DATE AND TO_DATE) OR (TO_DATE BETWEEN DATE &TD_MSTART_DATE. AND DATE &TD_SYS_PROC_DATE.) OR (FROM_DATE <= DATE &TD_SYS_PROC_DATE. AND TO_DATE IS NULL) )
10-EXT-DWPVTBLA-GCIS_CIS_LINK|"""&TDP5."""|'TD_SGDW'|DWPVTBLA|GCIS_CIS_LINK |ADL_EXT|NULL| WHERE ( (DATE &TD_SYS_PROC_DATE. BETWEEN FROM_DATE and TO_DATE)  OR   (TO_DATE BETWEEN DATE &TD_MSTART_DATE. AND DATE &TD_SYS_PROC_DATE.)  OR   (FROM_DATE <= DATE &TD_SYS_PROC_DATE. AND TO_DATE IS NULL) )  QUALIFY ROW_NUMBER() OVER (PARTITION BY GCIS_KEY,CIS_KEY ORDER BY FROM_DATE DESC) =1 
10-EXT-DWPVTBLA-GCIS_CUST|"""&TDP5."""|'TD_SGDW'|DWPVTBLA|GCIS_CUST |ADL_EXT|NULL| WHERE ( (DATE &TD_SYS_PROC_DATE. BETWEEN FROM_DATE and TO_DATE)  OR   (TO_DATE BETWEEN DATE &TD_MSTART_DATE. AND DATE &TD_SYS_PROC_DATE.)  OR   (FROM_DATE <= DATE &TD_SYS_PROC_DATE. AND TO_DATE IS NULL) ) QUALIFY ROW_NUMBER() OVER (PARTITION BY GCIS_KEY ORDER BY FROM_DATE DESC) =1
10-EXT-DWPVTBLA-GCIS_CUST_LINK|"""&TDP5."""|'TD_SGDW'|DWPVTBLA|GCIS_CUST_LINK |ADL_EXT|NULL|  WHERE FROM_DATE <= DATE &TD_MEND_DATE. AND TO_DATE >= DATE &TD_MSTART_DATE. - 1
10-EXT-DWPVTBLA-INTERNAL_CRA_ACCT_LINK|"""&TDP5."""|'TD_SGDW'|DWPVTBLA|INTERNAL_CRA_ACCT_LINK  |ADL_EXT|NULL|WHERE TO_DATE   >= DATE &TD_MSTART_DATE    AND FROM_DATE <= DATE &TD_MEND_DATE
10-EXT-DWPVTBLA-LG_HIER_CENTRE|"""&TDP5."""|"""TD_SGDW"""|DWPVTBLA|LG_HIER_CENTRE   |ADL_EXT|NULL| WHERE FROM_DATE <= DATE &TD_MEND_DATE. AND TO_DATE   >= DATE &TD_MSTART_DATE. 
10-EXT-DWPVTBLA-LG_HIER_CENTRE_EOP|"""&TDP5."""|'TD_SGDW'|DWPVTBLA|LG_HIER_CENTRE_EOP  |ADL_EXT|NULL|   WHERE TO_DATE >= DATE &TD_MSTART_DATE. AND FROM_DATE <= DATE &TD_MEND_DATE.  
10-EXT-DWPVTBLA-LG_HIER_LOCATION|"""&TDP5."""|"""TD_SGDW"""|DWPVTBLA|LG_HIER_LOCATION   |ADL_EXT|NULL| WHERE FROM_DATE <= DATE &TD_MEND_DATE. AND TO_DATE   >= DATE &TD_MSTART_DATE.   
10-EXT-DWPVTBLA-LMI_LOAN|"""&TDP5."""|'TD_SGDW'|DWPVTBLA|LMI_LOAN|ADL_EXT|PROD_COA_KEY|   WHERE TO_DATE >= DATE &TD_MSTART_DATE. AND FROM_DATE <= DATE &TD_MEND_DATE.  
10-EXT-DWPVTBLA-MIS_ORG_UNIT|"""&TDP5."""|'TD_SGDW'|DWPVTBLA|MIS_ORG_UNIT|ADL_EXT|MIS_ORG_UNIT_SEQ_NUM|WHERE ( (DATE &TD_SYS_PROC_DATE. BETWEEN FROM_DATE AND TO_DATE) OR (TO_DATE BETWEEN DATE &TD_MSTART_DATE. AND DATE &TD_SYS_PROC_DATE.) OR (FROM_DATE <= DATE &TD_SYS_PROC_DATE. AND TO_DATE IS NULL) QUALIFY ROW_NUMBER() OVER (  PARTITION BY MIS_ORG_UNIT_ID, MIS_ORG_AREA_KEY, MIS_ORG_DIVISION_KEY, MIS_ORG_BANKING_UNIT_KEY, MIS_ORG_BANK_KEY ))
10-EXT-DWPVTBLA-PROD_CATEGORY|"""&TDP5."""|'TD_SGDW'|DWPVTBLA|PROD_CATEGORY  |ADL_EXT|PROD_CATEGORY_KEY| WHERE (DATE &TD_SYS_PROC_DATE. BETWEEN FROM_DATE and TO_DATE) 
10-EXT-DWPVTBLA-PROD_COA|"""&TDP5."""|'TD_SGDW'|DWPVTBLA|PROD_COA  |ADL_EXT|PROD_CATEGORY_KEY| WHERE ( (DATE &TD_SYS_PROC_DATE. BETWEEN FROM_DATE and TO_DATE)  OR   (TO_DATE BETWEEN DATE &TD_MSTART_DATE. AND DATE &TD_SYS_PROC_DATE.)  OR   (FROM_DATE <= DATE &TD_SYS_PROC_DATE. AND TO_DATE IS NULL) ) QUALIFY ROW_NUMBER() OVER (PARTITION BY PROD_COA_KEY ORDER BY FROM_DATE DESC) =1
10-EXT-DWPVTBLA-PROD_LINE|"""&TDP5."""|'TD_SGDW'|DWPVTBLA|PROD_LINE  |ADL_EXT|PROD_CLASS_KEY| WHERE ( (DATE &TD_SYS_PROC_DATE. BETWEEN FROM_DATE and TO_DATE)  OR   (TO_DATE BETWEEN DATE &TD_MSTART_DATE. AND DATE &TD_SYS_PROC_DATE.)  OR   (FROM_DATE <= DATE &TD_SYS_PROC_DATE. AND TO_DATE IS NULL) ) QUALIFY ROW_NUMBER() OVER (PARTITION BY PROD_LINE_KEY ORDER BY FROM_DATE DESC) =1
10-EXT-DWPVTBLA-RC_Expos_Comp_OCB_STG_Mth|"""&TDP5."""|'TD_SGDW'|DWPVTBLA|RC_Expos_Comp_OCB_STG_Mth |ADL_EXT|Comp_Amt_REG| WHERE FROM_DATE <= DATE &TD_MEND_DATE.  AND TO_DATE   >= DATE &TD_MSTART_DATE.  
10-EXT-DWPVTBLA-TRAN|"""&TDP5."""|'TD_SGDW'|DWPVTBLA|TRAN|ADL_EXT|MICR_CODE| WHERE PROCESS_DATE BETWEEN DATE &TD_MSTART_DATE. AND DATE &TD_SYS_PROC_DATE. 
10-EXT-DWPVTBLA-ZCHA_FACILITY_LIMITS|"""&TDP5."""|'TD_SGDW'|DWPVTBLA|ZCHA_FACILITY_LIMITS|ADL_EXT|FACILITY_LIMIT| WHERE ( (DATE &TD_SYS_PROC_DATE. BETWEEN FROM_DATE AND TO_DATE) OR (TO_DATE BETWEEN DATE &TD_MSTART_DATE. AND DATE &TD_SYS_PROC_DATE.) OR (FROM_DATE <= DATE &TD_SYS_PROC_DATE. AND TO_DATE IS NULL) ) QUALIFY ROW_NUMBER() OVER ( PARTITION BY TYP, MAPMAST_ID ORDER BY FROM_DATE DESC ) = 1
10-EXT-DWPVTBLA-ZCLS_APPL-HIST|"""&TDP5."""|'TD_SGDW'|DWPVTBLA|ZCLS_APPL|ADL_EXT|NUM_DEPENDENT_CHILDREN|   WHERE TO_DATE <= DATE &TD_SYS_PROC_DATE.  
10-EXT-DWPVTBLA-ZCLS_APPL|"""&TDP5."""|'TD_SGDW'|DWPVTBLA|ZCLS_APPL |ADL_EXT|NUM_DEPENDENT_CHILDREN|WHERE FROM_DATE <= DATE &TD_MEND_DATE. AND TO_DATE   >= DATE &TD_MSTART_DATE.
10-EXT-DWPVTBLA-ZCLS_APPL_EMPLOYMENT|"""&TDP5."""|'TD_SGDW'|DWPVTBLA|ZCLS_APPL_EMPLOYMENT|ADL_EXT|LENGTH_OF_SERVICE_YEAR|WHERE FROM_DATE <= DATE &TD_MEND_DATE. AND TO_DATE   >= DATE &TD_MSTART_DATE.
10-EXT-DWPVTBLA-ZCLS_CONTRACT_AFFORD-HIST|"""&TDP5."""|'TD_SGDW'|DWPVTBLA|ZCLS_CONTRACT_AFFORD |ADL_EXT|NET_INCOME|WHERE TO_DATE <= DATE &TD_SYS_PROC_DATE.
10-EXT-DWPVTBLA-ZCLS_CONTRACT_AFFORD|"""&TDP5."""|'TD_SGDW'|DWPVTBLA|ZCLS_CONTRACT_AFFORD |ADL_EXT|NET_INCOME|WHERE FROM_DATE <= DATE &TD_MEND_DATE. AND TO_DATE   >= DATE &TD_MSTART_DATE.
10-EXT-DWPVTBLA-ZCLS_FDTL_MORT_ACCT-HIST|"""&TDP5."""|'TD_SGDW'|DWPVTBLA|ZCLS_FDTL_MORT_ACCT|ADL_EXT|EXIST_BALANCE|WHERE TO_DATE <= DATE &TD_SYS_PROC_DATE.   
10-EXT-DWPVTBLA-ZCLS_FDTL_MORT_ACCT|"""&TDP5."""|'TD_SGDW'|DWPVTBLA|ZCLS_FDTL_MORT_ACCT|ADL_EXT|EXIST_BALANCE|WHERE FROM_DATE <= DATE &TD_MEND_DATE. AND TO_DATE   >= DATE &TD_MSTART_DATE.
10-EXT-DWPVTBLA-ZCLS_FDTL_MORT_ACCT_FULL|"""&TDP5."""|'TD_SGDW'|DWPVTBLA|ZCLS_FDTL_MORT_ACCT|ADL_EXT|EXIST_BALANCE|   WHERE FROM_DATE <= DATE &TD_MEND_DATE. 
10-EXT-DWPVTBLA-ZCMSR_ACCT|"""&TDP5"""|'TD_SGDW'|DWPVTBLA|ZCMSR_ACCT|ADL_EXT|ACCT_EXP|   WHERE PROCESS_DATE = ( SELECT MAX(PROCESS_DATE) FROM DWPVTBLA.ZCMSR_ACCT WHERE CAST(CAST(PROCESS_DATE AS FORMAT 'YYYYMM') AS CHAR(6)) = %STR(%')&MONTH_KEY.%STR(%') )  
10-EXT-DWPVTBLA-ZCMSR_ACCT_HIST|"""&TDP5"""|'TD_SGDW'|DWPVTBLA|ZCMSR_ACCT|ADL_EXT|ACCT_EXP| WHERE CAST(PROCESS_DATE AS DATE) <= &LDOY   AND CAST(PROCESS_DATE AS DATE) >= &FDOY  QUALIFY ROW_NUMBER() OVER (PARTITION BY T1.ACCT_KEY ORDER BY T1.PROCESS_DATE DESC)=1
10-EXT-DWPVTBLA-ZCMSR_GROUP|"""&TDP5."""|'TD_SGDW'|DWPVTBLA|ZCMSR_GROUP|ADL_EXT|GRP_EXP|   WHERE PROCESS_DATE BETWEEN DATE &TD_MSTART_DATE AND DATE &TD_MEND_DATE.  
10-EXT-DWPVTBLA-ZCMS_ACCOUNT_CREDIT_RISK|"""&TDP5."""|'TD_SGDW'|DWPVTBLA|ZCMS_ACCOUNT_CREDIT_RISK  |ADL_EXT|CR_RSK_RNK| WHERE  ( (FROM_DATE <= DATE &TD_SYS_PROC_DATE. AND TO_DATE >= DATE &TD_MSTART_DATE.) OR  (FROM_DATE <= DATE &TD_SYS_PROC_DATE. AND TO_DATE IS NULL) )
10-EXT-DWPVTBLA-ZCMS_ACCOUNT_SPF|"""&TDP5."""|'TD_SGDW'|DWPVTBLA|ZCMS_ACCOUNT_SPF  |ADL_EXT|INT_RTE| WHERE ( (DATE &TD_SYS_PROC_DATE. BETWEEN FROM_DATE and TO_DATE)  OR   (TO_DATE BETWEEN DATE &TD_MSTART_DATE. AND DATE &TD_SYS_PROC_DATE.)  OR   (FROM_DATE <= DATE &TD_SYS_PROC_DATE. AND TO_DATE IS NULL))
10-EXT-DWPVTBLA-ZCMS_CUSTOMER_OTHER_EXPOSURE|"""&TDP5."""|'TD_SGDW'|DWPVTBLA|ZCMS_CUSTOMER_OTHER_EXPOSURE  |ADL_EXT|RBA_RSK_WGHT_RTE| WHERE ( (DATE &TD_SYS_PROC_DATE. BETWEEN FROM_DATE and TO_DATE)  OR   (TO_DATE BETWEEN DATE &TD_MSTART_DATE. AND DATE &TD_SYS_PROC_DATE.)  OR   (FROM_DATE <= DATE &TD_SYS_PROC_DATE. AND TO_DATE IS NULL)  )
10-EXT-DWPVTBLA-ZCMS_CUSTOMER_RISK_GRADE|"""&TDP5."""|'TD_SGDW'|DWPVTBLA|ZCMS_CUSTOMER_RISK_GRADE|ADL_EXT|CR_RSK_RANK|WHERE FROM_DATE <= DATE &TD_MEND_DATE. AND   TO_DATE >= DATE &TD_MSTART_DATE.   
10-EXT-DWPVTBLA-ZCMS_MAP_ACCOUNT|"""&TDP5."""|'TD_SGDW'|DWPVASOGA|ZCMS_MAP_ACCOUNT  |ADL_EXT|NULL| WHERE FROM_DATE <= DATE &TD_MEND_DATE. AND TO_DATE   >= DATE &TD_MSTART_DATE.
10-EXT-DWPVTBLA-ZCMS_MAP_MASTER|"""&TDP5."""|'TD_SGDW'|DWPVTBLA|ZCMS_MAP_MASTER|ADL_EXT|ACCUM_EXPSR_AMT|   WHERE FROM_DATE <= DATE &TD_MEND_DATE.   AND TO_DATE >= DATE &TD_MSTART_DATE.
10-EXT-DWPVTBLA-ZDDA_AMFODRFT|"""&TDP5."""|'TD_SGDW'|DWPVTBLA|ZDDA_AMFODRFT  |ADL_EXT|OD_Lock_Rate| WHERE ( (DATE &TD_SYS_PROC_DATE. BETWEEN FROM_DATE and TO_DATE)  OR   (TO_DATE BETWEEN DATE &TD_MSTART_DATE. AND DATE &TD_SYS_PROC_DATE.)  OR   (FROM_DATE <= DATE &TD_SYS_PROC_DATE. AND TO_DATE IS NULL) ) QUALIFY ROW_NUMBER() OVER (PARTITION BY ACCT_KEY ORDER BY FROM_DATE DESC) =1	
10-EXT-DWPVTBLA-ZGCIS_CUSTOMER_PRODUCT|"""&TDP5."""|'TD_SGDW'|DWPVTBLA|ZGCIS_CUSTOMER_PRODUCT  |ADL_EXT|BCH_CDE| WHERE  ( (FROM_DATE <= DATE &TD_SYS_PROC_DATE. AND TO_DATE >= DATE &TD_MSTART_DATE.) OR  (FROM_DATE <= DATE &TD_SYS_PROC_DATE. AND TO_DATE IS NULL) ) QUALIFY ROW_NUMBER() OVER (PARTITION BY PRODUCT_KEY ORDER BY FROM_DATE DESC) =1
10-EXT-DWPVTBLA-ZGCIS_CUSTOMER_PRODUCT_BAL|"""&TDP5."""|'TD_SGDW'|DWPVTBLA|ZGCIS_CUSTOMER_PRODUCT_BAL  |ADL_EXT|BAL_AMT| WHERE ( (DATE &TD_SYS_PROC_DATE. BETWEEN FROM_DATE and TO_DATE)  OR   (TO_DATE BETWEEN DATE &TD_MSTART_DATE. AND DATE &TD_SYS_PROC_DATE.)  OR   (FROM_DATE <= DATE &TD_SYS_PROC_DATE. AND TO_DATE IS NULL) )
10-EXT-DWPVTBLA-ZIPM_INDIVIDUAL_PROVISION|"""&TDP5."""|'TD_SGDW'|DWPVTBLA|ZIPM_INDIVIDUAL_PROVISION|ADL_EXT|NULL|
10-EXT-DWPVTBLA-ZSOV_ACCT_MAP|"""&TDP5."""|'TD_SGDW'|DWPVTBLA|ZSOV_ACCT_MAP |ADL_EXT|NULL|   WHERE FROM_DATE <= DATE &TD_MEND_DATE. AND TO_DATE >= DATE &TD_MSTART_DATE.  
10-EXT-DWPVTBLA-ZSOV_APPLN|"""&TDP5."""|'TD_SGDW'|DWPVTBLA|ZSOV_APPLN |ADL_EXT|NULL|   WHERE FROM_DATE <= DATE &TD_MEND_DATE. AND TO_DATE >= DATE &TD_MSTART_DATE.
10-EXT-DWPVTBLA-ZSOV_APPLN_LOAN_DETAIL|"""&TDP5."""|'TD_SGDW'|DWPVTBLA|ZSOV_APPLN_LOAN_DETAIL |ADL_EXT|AMT_REQUIRED|   WHERE FROM_DATE <= DATE &TD_MEND_DATE. AND TO_DATE >= DATE &TD_MSTART_DATE.
10-EXT-DWPVTBLA-ZSOV_ASSET|"""&TDP5."""|'TD_SGDW'|DWPVTBLA|ZSOV_ASSET|ADL_EXT|ASSET_PCT_TO_USE|   WHERE TO_DATE >= DATE &TD_MSTART_DATE. AND FROM_DATE <= DATE &TD_MEND_DATE.  
10-EXT-DWPVTBLA-ZSOV_ASSET_CLASSIFICATION|"""&TDP5"""|'TD_SGDW'|DWPVTBLA|ZSOV_ASSET_CLASSIFICATION|ADL_EXT|Default_Pct_For_Class|   WHERE FROM_DATE <= DATE &TD_MEND_DATE. AND TO_DATE   >= DATE &TD_MSTART_DATE.     
10-EXT-DWPVTBLA-ZSOV_ASSET_CONSUMER_GOODS|"""&TDP5."""|'TD_SGDW'|DWPVTBLA|ZSOV_ASSET_CONSUMER_GOODS |ADL_EXT|NULL|   WHERE TO_DATE >= DATE &TD_MSTART_DATE. AND FROM_DATE <= DATE &TD_MEND_DATE.  
10-EXT-DWPVTBLA-ZSOV_ASSET_MISCELLANEOUS|"""&TDP5."""|'TD_SGDW'|DWPVTBLA|ZSOV_ASSET_MISCELLANEOUS |ADL_EXT|NULL|   WHERE TO_DATE >= DATE &TD_MSTART_DATE. AND FROM_DATE <= DATE &TD_MEND_DATE.  
10-EXT-DWPVTBLA-ZSOV_ASSET_VEHICLE|"""&TDP5."""|'TD_SGDW'|DWPVTBLA|ZSOV_ASSET_VEHICLE |ADL_EXT|NULL|   WHERE TO_DATE >= DATE &TD_MSTART_DATE. AND FROM_DATE <= DATE &TD_MEND_DATE.  
10-EXT-DWPVTBLA-ZSOV_CLIENT_EXTENSION|"""&TDP5."""|'TD_SGDW'|DWPVTBLA|ZSOV_CLIENT_EXTENSION |ADL_EXT|NULL| WHERE FROM_DATE <= DATE &TD_MEND_DATE. AND TO_DATE   >= DATE &TD_MSTART_DATE.   
10-EXT-DWPVTBLA-ZSOV_CLIENT_PERSONAL_DTL|"""&TDP5."""|'TD_SGDW'|DWPVTBLA|ZSOV_CLIENT_PERSONAL_DTL |ADL_EXT|NULL| WHERE FROM_DATE <= DATE &TD_MEND_DATE. AND TO_DATE   >= DATE &TD_MSTART_DATE.   
10-EXT-DWPVTBLA-ZSOV_CLIENT_STMT_OF_POS_1|"""&TDP5."""|'TD_SGDW'|DWPVTBLA|ZSOV_CLIENT_STMT_OF_POS_1 |ADL_EXT|PERIOD_FOR_LENGTH|   WHERE FROM_DATE <= DATE &TD_MEND_DATE. AND TO_DATE >= DATE &TD_MSTART_DATE.
10-EXT-DWPVTBLA-ZSOV_COMPANY_PROFILE|"""&TDP5."""|'TD_SGDW'|DWPVTBLA|ZSOV_COMPANY_PROFILE  |ADL_EXT|NULL| WHERE FROM_DATE <= DATE &TD_MEND_DATE. AND TO_DATE   >= DATE &TD_MSTART_DATE.   
10-EXT-DWPVTBLA-ZSOV_GL_SMARTSTREAM|"""&TDP5."""|'TD_SGDW'|DWPVTBLA|ZSOV_GL_SMARTSTREAM|ADL_EXT|BALANCE_OUTSTANDING_AMT|   WHERE PROCESS_DATE BETWEEN DATE &TD_MSTART_DATE AND DATE &TD_MEND_DATE
10-EXT-DWPVTBLA-ZSOV_LENDING_ACCT_FIN_DTL-HIST|"""&TDP5."""|'TD_SGDW'|DWPVTBLA|ZSOV_LENDING_ACCT_FIN_DTL|ADL_EXT|AMT_FINANCED|WHERE TO_DATE <= DATE &TD_MEND_DATE.
10-EXT-DWPVTBLA-ZSOV_LENDING_ACCT_FIN_DTL|"""&TDP5."""|'TD_SGDW'|DWPVTBLA|ZSOV_LENDING_ACCT_FIN_DTL|ADL_EXT|AMT_FINANCED|WHERE ( (DATE &TD_SYS_PROC_DATE. BETWEEN FROM_DATE AND TO_DATE) OR (TO_DATE BETWEEN DATE &TD_MSTART_DATE. AND DATE &TD_SYS_PROC_DATE.) OR (FROM_DATE <= DATE &TD_SYS_PROC_DATE. AND TO_DATE IS NULL) )
10-EXT-DWPVTBLA-ZSOV_LENDING_TRAN|"""&TDP5."""|'TD_SGDW'|DWPVTBLA|ZSOV_LENDING_TRAN|ADL_EXT|TRAN_AMT|WHERE PROCESS_DATE BETWEEN DATE &TD_MSTART_DATE. AND DATE &TD_MEND_DATE. QUALIFY ROW_NUMBER() OVER (PARTITION BY INTERNAL_ACCT_NBR ORDER BY PROCESS_DATE DESC) =1
10-EXT-DWPVTBLA-ZSOV_LOAN_INSTAL_BRKDOWN-HIST|"""&TDP5."""|'TD_SGDW'|DWPVTBLA|ZSOV_LOAN_INSTAL_BRKDOWN|ADL_EXT|LOAN_INTEREST_COMPONENT|WHERE LOAN_INSTALMENT_DATE <= DATE &TD_MEND_DATE
10-EXT-DWPVTBLA-ZSOV_LOAN_INSTAL_BRKDOWN|"""&TDP5."""|'TD_SGDW'|DWPVTBLA|ZSOV_LOAN_INSTAL_BRKDOWN|ADL_EXT|LOAN_INTEREST_COMPONENT|WHERE LOAN_INSTALMENT_DATE <= DATE &TD_MEND_DATEAND LOAN_INSTALMENT_DATE >= DATE &TD_MSTART_DATE
10-EXT-DWPVTBLA-ZSOV_LOAN_INSTAL_BRKDOWN_ALL|"""&TDP5."""|'TD_SGDW'|DWPVTBLA|ZSOV_LOAN_INSTAL_BRKDOWN|ADL_EXT|LOAN_INTEREST_COMPONENT|WHERE ( LOAN_INSTALMENT_DATE BETWEEN DATE %STR(%')%SYSFUNC(INTNX(MONTH,%SYSFUNC(INPUTN(&MONTH_KEY.,YYMMN6.)),-15,B),YYMMDD10.)%STR(%') AND DATE %STR(%')%SYSFUNC(INTNX(MONTH,%SYSFUNC(INPUTN(&MONTH_KEY.,YYMMN6.)),0,E),YYMMDD10.)%STR(%') )
10-EXT-DWPVTBLA-ZSOV_ORG_UNIT|"""&TDP5."""|'TD_SGDW'|DWPVTBLA|ZSOV_ORG_UNIT |ADL_EXT|NULL|   WHERE FROM_DATE <= DATE &TD_MEND_DATE. AND TO_DATE >= DATE &TD_MSTART_DATE.  
10-EXT-DWPVTBLA-ZSOV_SECURITY_FOR_ACCT|"""&TDP5."""|'TD_SGDW'|DWPVTBLA|ZSOV_SECURITY_FOR_ACCT |ADL_EXT|SECURITY_PCT_USED_FOR_ACCT|   WHERE TO_DATE >= DATE &TD_MSTART_DATE. AND FROM_DATE <= DATE &TD_MEND_DATE.  
10-EXT-DWPVTBLA-ZSOV_SOP_INC_EXPEND_ITEM|"""&TDP5."""|'TD_SGDW'|DWPVTBLA|ZSOV_SOP_INC_EXPEND_ITEM |ADL_EXT|NULL|   WHERE FROM_DATE <= DATE &TD_MEND_DATE. AND TO_DATE >= DATE &TD_MSTART_DATE.
10-EXT-DWPVTBLA-ZTSY_ACCOUNT|"""&TDP5."""|'TD_SGDW'|DWPVTBLA|ZTSY_ACCOUNT  |ADL_EXT|Total_Income| WHERE ( (DATE &TD_SYS_PROC_DATE. BETWEEN FROM_DATE and TO_DATE)  OR   (TO_DATE BETWEEN DATE &TD_MSTART_DATE. AND DATE &TD_SYS_PROC_DATE.)  OR   (FROM_DATE <= DATE &TD_SYS_PROC_DATE. AND TO_DATE IS NULL) ) QUALIFY ROW_NUMBER() OVER (PARTITION BY ACCT_KEY ORDER BY FROM_DATE DESC) =1
10-EXT-DWPVTBLA-ZTSY_ACCOUNT_MM|"""&TDP5."""|'TD_SGDW'|DWPVTBLA|ZTSY_ACCOUNT  |ADL_EXT|Total_Income| WHERE ( (DATE &TD_SYS_PROC_DATE. BETWEEN FROM_DATE and TO_DATE)  OR   (TO_DATE BETWEEN DATE &TD_MSTART_DATE. AND DATE &TD_SYS_PROC_DATE.)  OR   (FROM_DATE <= DATE &TD_SYS_PROC_DATE. AND TO_DATE IS NULL) )
10-EXT-DWPVTBLA-ZVIP_ACCT_DELINQUENCY|"""&TDP5."""|'TD_SGDW'|DWPVTBLA|ACCT_LOAN  |ADL_EXT|PMT_30DAYS|   WHERE FROM_DATE <= DATE &TD_MEND_DATE.     AND TO_DATE   >= DATE &TD_MSTART_DATE.
10-EXT-DWPVTBLA-ZVIP_POSTED_TRAN|"""&TDP5"""|'TD_SGDW'|DWPVTBLA|ZVIP_POSTED_TRAN|ADL_EXT|MT_PLAN| WHERE PROCESS_DATE BETWEEN DATE &TD_MSTART_DATE AND DATE &TD_MEND_DATE. 
10-EXT-DWPVTBLA-Zcms_Responsible_Officer|"""&TDP5."""|'TD_SGDW'|DWPVTBLA|Zcms_Responsible_Officer|ADL_EXT|NULL|   WHERE FROM_DATE <= DATE &TD_MEND_DATE.   AND TO_DATE >= DATE &TD_MSTART_DATE.  
10-EXT-DWPVTBLA-Zcms_customer_group|"""&TDP5."""|'TD_SGDW'|DWPVTBLA|zcms_customer_group|ADL_EXT|NULL|   WHERE FROM_DATE <= DATE &TD_MEND_DATE.   AND TO_DATE >= DATE &TD_MSTART_DATE.  
10-EXT-DWPVTCSA-ZTCS_ACCT_INFO-HIST|"""&TDP5."""|'TD_SGDW'|DWPVTCSA|ZTCS_ACCT_INFO|ADL_EXT|NULL|WHERE TO_DATE <= &LDOYAND TO_DATE >= &FDOY
10-EXT-DWPVTCSA-ZTCS_ACCT_INFO|"""&TDP5."""|'TD_SGDW'|DWPVTCSA|ZTCS_ACCT_INFO|ADL_EXT|NULL|   WHERE From_Date <= DATE &TD_MEND_DATE. AND To_Date   >= DATE &TD_MSTART_DATE.  
10-EXT-DWPVTCSA-ZTCS_ACCT_INFO_MM|"""&TDP5."""|'TD_SGDW'|DWPVTCSA|ZTCS_ACCT_INFO|ADL_EXT|NULL|   WHERE From_Date <= DATE &TD_MEND_DATE. AND To_Date   >= DATE &TD_MSTART_DATE.  
10-EXT-EWP1ABASE-BASE_EXT_WBC_NW_CD_CUSTOMER_H|"""&TDP5"""|"""TD_SGDW"""|EWP1ABASE|BASE_EXT_WBC_NW_CD_CUSTOMER_H|ADL_EXT|NULL|   WHERE OBSERVATION_MTH = DATE &TD_MEND_DATE  
10-EXT-EWP1ABASE-BASE_EXT_WBC_NW_CD_CUSTOMER_H_MM|"""&TDP5"""|"""TD_SGDW"""|EWP1ABASE|BASE_EXT_WBC_NW_CD_CUSTOMER_H|ADL_EXT|NULL|   WHERE OBSERVATION_MTH = DATE &TD_MEND_DATE  
10-EXT-EWP1ABASE-BASE_EXT_WBC_NW_COLLATERALS_H|"""&TDP5"""|"""TD_SGDW"""|EWP1ABASE|BASE_EXT_WBC_NW_COLLATERALS_H|ADL_EXT||   WHERE OBSERVATION_MTH = DATE &TD_MEND_DATE  
10-EXT-EWP1ABASE-BASE_RAW_ACCOUNT|"""&TDP5"""|"""TD_SGDW"""|EWP1ABASE|BASE_RAW_ACCOUNT|ADL_EXT|NULL|   WHERE OBSERVATION_MTH = DATE &TD_MEND_DATE  
10-EXT-EWP1ABASE-BASE_ROLLUP_SECURITY_MAPPING|"""&TDP5"""|"""TD_SGDW"""|EWP1ABASE|BASE_ROLLUP_SECURITY_MAPPING|ADL_EXT|NULL|   WHERE FROM_DATE <= DATE &TD_MEND_DATE AND TO_DATE >= DATE &TD_MSTART_DATE 
10-EXT-EWP1VIEWA-ARMT_GDW_LINK|"""&TDP5."""|'TD_SGDW'|EWP1VIEWA|ARMT_GDW_LINK |ADL_EXT|NULL|   WHERE FROM_DATE <= DATE &TD_MEND_DATE. AND TO_DATE >= DATE &TD_MSTART_DATE.  
10-EXT-EWP1VIEWA-CCR_PARTY_ARMT_LINK|"""&TDP5."""|'TD_SGDW_CCR'|EWP1VIEWA|PARTY_ARMT_LINK |ADL_EXT|NULL|   WHERE FROM_DATE <= DATE &TD_MEND_DATE. AND TO_DATE >= DATE &TD_MSTART_DATE.  
10-EXT-EWP1VIEWA-CCR_PARTY_PSN|"""&TDP5."""|'TD_SGDW_CCR'|EWP1VIEWA|PARTY_PSN |ADL_EXT|NULL|   WHERE FROM_DATE <= DATE &TD_MEND_DATE. AND TO_DATE >= DATE &TD_MSTART_DATE.  
10-EXT-EWP1VIEWA-CCR_PARTY_PSTADDR_LINK|"""&TDP5."""|'TD_SGDW_CCR'|EWP1VIEWA|PARTY_PSTADDR_LINK |ADL_EXT|NULL|   WHERE FROM_DATE <= DATE &TD_MEND_DATE. AND TO_DATE >= DATE &TD_MSTART_DATE.  
10-EXT-EWP1VIEWA-CCR_PSTADDR|"""&TDP5."""|'TD_SGDW_CCR'|EWP1VIEWA|PSTADDR |ADL_EXT|NULL|   WHERE FROM_DATE <= DATE &TD_MEND_DATE. AND TO_DATE >= DATE &TD_MSTART_DATE.  
10-EXT-EWP1VIEWA-CCR_ZGCM_IP_PSN|"""&TDP5."""|'TD_SGDW_CCR'|EWP1VIEWA|ZGCM_IP_PSN |ADL_EXT|NULL|   WHERE FROM_DATE <= DATE &TD_MEND_DATE. AND TO_DATE >= DATE &TD_MSTART_DATE.  
10-EXT-EWP1VIEWA-CCR_ZVPS_Cardholder|"""&TDP5."""|'TD_SGDW_CCR'|EWP1VIEWA|ZVPS_Cardholder |ADL_EXT|Bad_Debt_Wroff|   WHERE FROM_DATE <= DATE &TD_MEND_DATE. AND TO_DATE >= DATE &TD_MSTART_DATE.  
10-EXT-EWP1VIEWA-PARTY_ARMT_LINK|"""&TDP5."""|'TD_SGDW'|EWP1VIEWA|PARTY_ARMT_LINK |ADL_EXT|NULL|   WHERE FROM_DATE <= DATE &TD_MEND_DATE. AND TO_DATE >= DATE &TD_MSTART_DATE.  
10-EXT-EWP1VIEWA-PARTY_PSN|"""&TDP5."""|'TD_SGDW'|EWP1VIEWA|PARTY_PSN |ADL_EXT|NULL|   WHERE FROM_DATE <= DATE &TD_MEND_DATE. AND TO_DATE >= DATE &TD_MSTART_DATE.  
10-EXT-EWP1VIEWA-PARTY_PSTADDR_LINK|"""&TDP5."""|'TD_SGDW'|EWP1VIEWA|PARTY_PSTADDR_LINK |ADL_EXT|NULL|   WHERE FROM_DATE <= DATE &TD_MEND_DATE. AND TO_DATE >= DATE &TD_MSTART_DATE.  
10-EXT-EWP1VIEWA-PSTADDR|"""&TDP5."""|'TD_SGDW'|EWP1VIEWA|PSTADDR |ADL_EXT|NULL|   WHERE FROM_DATE <= DATE &TD_MEND_DATE. AND TO_DATE >= DATE &TD_MSTART_DATE.  
10-EXT-EWP1VIEWA-ZATV_CARD_TRAN_EXTENSION|"""&TDP5."""|'TD_SGDW'|EWP1VIEWA|ZATV_CARD_TRAN_EXTENSION |ADL_EXT|NULL| WHERE PROCESS_DATE BETWEEN DATE &TD_MSTART_DATE. AND DATE &TD_SYS_PROC_DATE.  
10-EXT-EWP1VIEWA-ZATV_COMMON_TRAN|"""&TDP5."""|'TD_SGDW'|EWP1VIEWA|ZATV_COMMON_TRAN|ADL_EXT|EXCEPTION_TYPE| WHERE PROCESS_DATE BETWEEN DATE &TD_MSTART_DATE. AND DATE &TD_SYS_PROC_DATE.  
10-EXT-EWP1VIEWA-ZGCM_IP_PSN|"""&tdp5."""|'TD_SGDW'|EWP1VIEWA|ZGCM_IP_PSN |ADL_EXT|NULL|   WHERE FROM_DATE <= DATE &TD_MEND_DATE. AND TO_DATE >= DATE &TD_MSTART_DATE.   
10-EXT-EWP1VIEWA-ZMDM_ENTITY|"""&TDP5."""|'TD_SGDW'|EWP1VIEWA|ZMDM_ENTITY|ADL_EXT|NULL|WHERE MDM_ENTITY_TYPE in ('ORG','IND') AND ( (DATE &TD_SYS_PROC_DATE. BETWEEN FROM_DATE AND TO_DATE) OR (TO_DATE BETWEEN DATE &TD_MSTART_DATE. AND DATE &TD_SYS_PROC_DATE.) OR (FROM_DATE <= DATE &TD_SYS_PROC_DATE. AND TO_DATE IS NULL) ) QUALIFY ROW_NUMBER() OVER ( PARTITION BY CURRENT_CUSTOMER_ID ORDER BY MDM_MEMBER_LINKED_DATE,TO_DATE DESC ) = 1
10-EXT-EWP1VIEWA-ZNEX_ACCOUNT|"""&TDP5."""|'TD_SGDW'|EWP1VIEWA|ZNEX_ACCOUNT |ADL_EXT|maximum_drawn_value|   WHERE FROM_DATE <= DATE &TD_MEND_DATE. AND TO_DATE >= DATE &TD_MSTART_DATE.  
10-EXT-EWP1VIEWA-ZNEX_ENTITY|"""&TDP5."""|'TD_SGDW'|EWP1VIEWA|ZNEX_ENTITY |ADL_EXT|NULL|   WHERE FROM_DATE <= DATE &TD_MEND_DATE. AND TO_DATE >= DATE &TD_MSTART_DATE.  
10-EXT-EWP1VIEWA-ZNEX_LOAN|"""&TDP5."""|'TD_SGDW'|EWP1VIEWA|ZNEX_LOAN |ADL_EXT|current_balance|   WHERE FROM_DATE <= DATE &TD_MEND_DATE. AND TO_DATE >= DATE &TD_MSTART_DATE.  
10-EXT-EWP1VIEWA-ZNEX_SECURITY|"""&TDP5."""|'TD_SGDW'|EWP1VIEWA|ZNEX_SECURITY |ADL_EXT|ON_HAND_HELD_VALUE|   WHERE FROM_DATE <= DATE &TD_MEND_DATE. AND TO_DATE >= DATE &TD_MSTART_DATE.  
10-EXT-EWP1VIEWA-ZPOS_TRANSACTION|"""&TDP5."""|'TD_SGDW'|EWP1VIEWA|ZPOS_TRANSACTION|ADL_EXT|TRANAMT1| WHERE PROCESS_DATE BETWEEN DATE &TD_MSTART_DATE. AND DATE &TD_MEND_DATE.  
10-EXT-EWP1VIEWA-ZRBD_PA_PPC_DETAIL|"""&tdp1."""|"""&user."""|EWP1VIEWA|ZRBD_PA_PPC_DETAIL |ADL_EXT|NUM_PRODUCT| WHERE ( (DATE &TD_SYS_PROC_DATE. BETWEEN FROM_DATE and TO_DATE)  OR   (TO_DATE BETWEEN DATE &TD_MSTART_DATE. AND DATE &TD_SYS_PROC_DATE.)  OR   (FROM_DATE <= DATE &TD_SYS_PROC_DATE. AND TO_DATE IS NULL) ) QUALIFY ROW_NUMBER() OVER (PARTITION BY CUSTOMER_ID ORDER BY FROM_DATE DESC) =1
10-EXT-EWP1VIEWA-ZRMS_CUSTOMER|"""&TDP5."""|'TD_SGDW'|EWP1VIEWA|ZRMS_CUSTOMER |ADL_EXT|NULL|   WHERE FROM_DATE <= DATE &TD_MEND_DATE. AND TO_DATE >= DATE &TD_MSTART_DATE.  
10-EXT-EWP1VIEWA-ZRMS_LOAN_ACCOUNT|"""&TDP5."""|'TD_SGDW'|EWP1VIEWA|ZRMS_LOAN_ACCOUNT |ADL_EXT|NULL|   WHERE FROM_DATE <= DATE &TD_MEND_DATE. AND TO_DATE >= DATE &TD_MSTART_DATE.  
10-EXT-EWP1VIEWA-ZRMS_LOAN_SECURITY_LINK|"""&TDP5."""|'TD_SGDW'|EWP1VIEWA|ZRMS_LOAN_SECURITY_LINK |ADL_EXT|NULL|   WHERE FROM_DATE <= DATE &TD_MEND_DATE. AND TO_DATE >= DATE &TD_MSTART_DATE.  
10-EXT-EWP1VIEWA-ZRMS_SECURITY|"""&TDP5."""|'TD_SGDW'|EWP1VIEWA|ZRMS_SECURITY |ADL_EXT|VALUATION_AMOUNT|   WHERE FROM_DATE <= DATE &TD_MEND_DATE. AND TO_DATE >= DATE &TD_MSTART_DATE.  
10-EXT-EWP1VIEWA-ZSDW_ZTSY_ACCOUNT|"""&TDP5."""|'TD_SGDW'|EWP1VIEWA|ZSDW_ZTSY_ACCOUNT  |ADL_EXT|Total_Income| WHERE ( (DATE &TD_SYS_PROC_DATE. BETWEEN FROM_DATE and TO_DATE)  OR   (TO_DATE BETWEEN DATE &TD_MSTART_DATE. AND DATE &TD_SYS_PROC_DATE.)  OR   (FROM_DATE <= DATE &TD_SYS_PROC_DATE. AND TO_DATE IS NULL) ) QUALIFY ROW_NUMBER() OVER (PARTITION BY ACCT_KEY ORDER BY FROM_DATE DESC) =1
10-EXT-EWP1VIEWA-ZVPS_ACQUIRING_TRANSACTION|"""&TDP5."""|'TD_SGDW'|EWP1VIEWA|ZVPS_ACQUIRING_TRANSACTION|ADL_EXT|CASHOUT_AMOUNT| WHERE PROCESS_DATE BETWEEN DATE &TD_MSTART_DATE. AND DATE &TD_MEND_DATE.  
10-EXT-EWP1VIEWA-ZVPS_CARDHOLDER|"""&TDP5."""|'TD_SGDW'|EWP1VIEWA|ZVPS_CARDHOLDER |ADL_EXT|NULL|   WHERE FROM_DATE <= DATE &TD_MEND_DATE. AND TO_DATE >= DATE &TD_MSTART_DATE.  
10-EXT-EWP1VIEWA-ZVPS_CARDHOLDER_MM|"""&TDP5."""|'TD_SGDW'|EWP1VIEWA|ZVPS_CARDHOLDER |ADL_EXT|NULL|   WHERE FROM_DATE <= DATE &TD_MEND_DATE. AND TO_DATE >= DATE &TD_MSTART_DATE.  
10-EXT-EWP1VIEWA-ZVPS_Cardholder_Fin|"""&TDP5."""|'TD_SGDW'|EWP1VIEWA|ZVPS_Cardholder_Fin |ADL_EXT|CURR_BAL|   WHERE FROM_DATE <= DATE &TD_MEND_DATE. AND TO_DATE >= DATE &TD_MSTART_DATE.  
10-EXT-EWP1VIEWA-ZVPS_SGB_VISA_DEBIT_TRAN|"""&TDP5."""|'TD_SGDW'|EWP1VIEWA|ZVPS_SGB_VISA_DEBIT_TRAN|ADL_EXT|TRAN_AMT| WHERE PROCESS_DATE BETWEEN DATE &TD_MSTART_DATE. AND DATE &TD_MEND_DATE.  
10-EXT-EWP1VIEWA-ZVPS_TRANSACTION|"""&TDP5."""|'TD_SGDW'|EWP1VIEWA|ZVPS_TRANSACTION|ADL_EXT|TRAN_AMT| WHERE PROCESS_DATE BETWEEN DATE &TD_MSTART_DATE. AND DATE &TD_MEND_DATE.  
10-EXT-EWP1VIEWA-ZWGD_ACCT_ALL_COF_M_HIST|"""&tdp1."""|"""&user."""|EWP1VIEWA|ZWGD_ACCT_ALL_COF_M_HIST|ADL_EXT|BHAV_MATY| WHERE ( (DATE &TD_SYS_PROC_DATE. BETWEEN FROM_DATE and TO_DATE)  OR   (TO_DATE BETWEEN DATE &TD_MSTART_DATE. AND DATE &TD_SYS_PROC_DATE.)  OR   (FROM_DATE <= DATE &TD_SYS_PROC_DATE. AND TO_DATE IS NULL) ) QUALIFY ROW_NUMBER() OVER (PARTITION BY INSTRUMENT_ID ORDER BY FROM_DATE DESC) =1
10-EXT-EWP1VIEWA-ZWGD_ALL_ACCT_M_HIST|"""&tdp1."""|"""&user."""|EWP1VIEWA|ZWGD_ALL_ACCT_M_HIST |ADL_EXT|CURRENT_SURPLUS_BUFFER| WHERE ( (DATE &TD_SYS_PROC_DATE. BETWEEN FROM_DATE and TO_DATE)  OR   (TO_DATE BETWEEN DATE &TD_MSTART_DATE. AND DATE &TD_SYS_PROC_DATE.)  OR   (FROM_DATE <= DATE &TD_SYS_PROC_DATE. AND TO_DATE IS NULL) ) QUALIFY ROW_NUMBER() OVER (PARTITION BY ACCOUNT_ID ORDER BY FROM_DATE DESC) =1
10-EXT-EWP1VIEWA-ZWGD_CB_FACILITIES_M_HIST|"""&tdp1."""|"""&user."""|EWP1VIEWA|ZWGD_CB_FACILITIES_M_HIST   |ADL_EXT|ACCEPTANCE_FEE_RATE| WHERE ( (DATE &TD_SYS_PROC_DATE. BETWEEN FROM_DATE and TO_DATE)  OR   (TO_DATE BETWEEN DATE &TD_MSTART_DATE. AND DATE &TD_SYS_PROC_DATE.)  OR   (FROM_DATE <= DATE &TD_SYS_PROC_DATE. AND TO_DATE IS NULL) ) QUALIFY ROW_NUMBER() OVER (PARTITION BY FACILITY_ID ORDER BY FROM_DATE DESC) =1
10-EXT-EWP1VIEWA-ZWGD_TB_W_HIST|"""&tdp1."""|"""&user."""|EWP1VIEWA|ZWGD_TB_W_HIST  |ADL_EXT|LOAN_USAGE_INDICATOR| WHERE ( (DATE &TD_SYS_PROC_DATE. BETWEEN FROM_DATE and TO_DATE)  OR   (TO_DATE BETWEEN DATE &TD_MSTART_DATE. AND DATE &TD_SYS_PROC_DATE.)  OR   (FROM_DATE <= DATE &TD_SYS_PROC_DATE. AND TO_DATE IS NULL) )  QUALIFY ROW_NUMBER() OVER (PARTITION BY ACCOUNT_ID ORDER BY FROM_DATE DESC) =1
10-EXT-EWP1VIEWD-ZTDM_FTP_CUSTACCT|"""&TDP5"""|'TD_SGDW'|EWP1VIEWD|ZTDM_FTP_CUSTACCT|ADL_EXT|Tot_Premm_Rate|   WHERE PROCESS_DATE BETWEEN DATE &TD_MSTART_DATE. AND DATE &TD_MEND_DATE.     
10-EXT-EWP1VIEWD-ZTDM_FTP_CUSTACCT_MTH|"""&TDP5"""|'TD_SGDW'|EWP1VIEWD|ZTDM_FTP_CUSTACCT_MTH|ADL_EXT|TOT_PREMM_RATE|   WHERE PROCESS_DATE BETWEEN DATE &TD_MSTART_DATE. AND DATE &TD_MEND_DATE.     
10-EXT-NW-DW_CR_FCLY_AR_DIM|"""&tdp3."""|'TD_WGDW'|NW|DW_CR_FCLY_AR_DIM  |ADL_EXT|NULL|WHERE EFFV_FROM <= DATE &TD_MEND_DATE. AND EFFV_TO   >= DATE &TD_MSTART_DATE.
10-EXT-NW-DW_CR_FCLY_AR_DIM_ACCTID_V|"""&tdp3."""|'TD_WGDW'|NW|DW_CR_FCLY_AR_DIM_ACCTID_V|ADL_EXT|MORTGAGE_LVR|  WHERE EFFV_FROM <= DATE &TD_MEND_DATE.   AND EFFV_TO >= DATE &TD_MSTART_DATE.  
10-EXT-NW-DW_CR_IP_DIM|"""&tdp3."""|'TD_WGDW'|NW|DW_CR_IP_DIM   |ADL_EXT|NULL|WHERE EFFV_FROM <= DATE &TD_MEND_DATE. AND EFFV_TO   >= DATE &TD_MSTART_DATE.
10-EXT-NW-DW_CR_IP_DIM_CUSTID_V|"""&tdp3."""|'TD_WGDW'|NW|DW_CR_IP_DIM_CUSTID_V|ADL_EXT|NULL|  WHERE EFFV_FROM <= DATE &TD_MEND_DATE.   AND EFFV_TO >= DATE &TD_MSTART_DATE.  
10-EXT-NW-DW_CR_IP_GRP_DIM|"""&tdp3."""|'TD_WGDW'|NW|DW_CR_IP_GRP_DIM|ADL_EXT|NULL|  WHERE EFFV_FROM <= DATE &TD_MEND_DATE.   AND EFFV_TO >= DATE &TD_MSTART_DATE.  
10-EXT-NW-DW_EXCH_RATE_FACT|"""&tdp3."""|'TD_WGDW'|NW|DW_EXCH_RATE_FACT |ADL_EXT|BASE_CNCY_ID|  WHERE MONTH_KEY = %STR(%')&MONTH_KEY.%STR(%')  
10-EXT-NW-DW_GRP_CR_FCLY_AR_FACT|"""&tdp3."""|'TD_WGDW'|NW|DW_GRP_CR_FCLY_AR_FACT|ADL_EXT|NULL|WHERE MONTH_KEY = %STR(%')&MONTH_KEY.%STR(%')
10-EXT-NW-DW_GRP_CR_FCLY_RPRT_FACT|"""&tdp3."""|'TD_WGDW'|NW|DW_GRP_CR_FCLY_RPRT_FACT|ADL_EXT|CCF_FACTOR|  WHERE MONTH_KEY = %STR(%')&MONTH_KEY.%STR(%')  
10-EXT-NW-DW_PDCT_DIM|"""&tdp3."""|'TD_WGDW'|NW|DW_PDCT_DIM   |ADL_EXT|NULL|WHERE EFFV_FROM <= DATE &TD_MEND_DATE. AND EFFV_TO   >= DATE &TD_MSTART_DATE.
10-EXT-NW-DW_RISK_GRADE_REF|"""&tdp3."""|'TD_WGDW'|NW|DW_RISK_GRADE_REF  |ADL_EXT|NULL| WHERE EFFV_FROM <= DATE &TD_MEND_DATE. AND EFFV_TO   >= DATE &TD_MSTART_DATE.  
10-EXT-NW-NW_ACCOUNT_LOAN_GRADES|"""&tdp3."""|'TD_WGDW'|NW|NW_ACCOUNT_LOAN_GRADES  |ADL_EXT|NULL|
10-EXT-NW-NW_ACCOUNT_LOSSES|"""&tdp3."""|'TD_WGDW'|NW|NW_ACCOUNT_LOSSES|ADL_EXT|LOSS_AMOUNT|
10-EXT-NW-NW_ACCOUNT_LOSSES_MM|"""&tdp3."""|'TD_WGDW'|NW|NW_ACCOUNT_LOSSES|ADL_EXT|LOSS_AMOUNT|
10-EXT-NW-NW_CB_FACILITIES_M_HIST|"""&tdp3."""|'TD_WGDW'|NW|NW_CB_FACILITIES_M_HIST|ADL_EXT|FACILITY_LIMIT|  WHERE MONTH_KEY = %STR(%')&MONTH_KEY.%STR(%')  
10-EXT-NW-NW_CB_FACILITIES_M_HIST_MM|"""&tdp3."""|'TD_WGDW'|NW|NW_CB_FACILITIES_M_HIST|ADL_EXT|FACILITY_LIMIT|  WHERE MONTH_KEY = %STR(%')&MONTH_KEY.%STR(%')  
10-EXT-NW-NW_CCBHAV_CYCL_M_HIST_V|"""&TDP3"""|'TD_WGDW'|NW|NW_CCBHAV_CYCL_M_HIST|ADL_EXT|CURRENT_BALANCE|   WHERE MONTH_KEY = %STR(%')&MONTH_KEY.%STR(%')  
10-EXT-NW-NW_CCBHAV_CYCL_M_HIST_V_MM|"""&TDP3"""|'TD_WGDW'|NW|NW_CCBHAV_CYCL_M_HIST|ADL_EXT|CURRENT_BALANCE|   WHERE MONTH_KEY = %STR(%')&MONTH_KEY.%STR(%') 
10-EXT-NW-NW_CC_ASSOCIATED_CARD_NUMBER|"""&TDP3"""|"""TD_WGDW"""|NW|NW_CC_ASSOCIATED_CARD_NUMBER|ADL_EXT|NULL|   WHERE OBSERVATION_MTH = DATE &TD_MEND_DATE   
10-EXT-NW-NW_CD_CUSTOMER_V|"""&tdp3."""|'TD_WGDW'|NW|NW_CD_CUSTOMER_V |ADL_EXT|BUFF_ALWNC_AMT|  WHERE MONTH_KEY = %STR(%')&MONTH_KEY.%STR(%')  
10-EXT-NW-NW_CIF_ACCOUNT_M_HIST|"""&tdp3."""|'TD_WGDW'|NW|NW_CIF_ACCOUNT_M_HIST |ADL_EXT|NULL| WHERE MONTH_KEY = %STR(%')&MONTH_KEY%STR(%')
10-EXT-NW-NW_CIF_FACILTY_M_HIST|"""&tdp3."""|'TD_WGDW'|NW|NW_CIF_FACILTY_M_HIST  |ADL_EXT|CURRENT_BALANCE| WHERE MONTH_KEY = %STR(%')&MONTH_KEY.%STR(%')  
10-EXT-NW-NW_CLOANFIX_M_HIST|"""&tdp3."""|'TD_WGDW'|NW|NW_CLOANFIX_M_HIST  |ADL_EXT|LIMIT_REDUCTION|  WHERE MONTH_KEY = %STR(%')&MONTH_KEY.%STR(%')  
10-EXT-NW-NW_CLOANFIX_M_HIST_MM|"""&tdp3."""|'TD_WGDW'|NW|NW_CLOANFIX_M_HIST  |ADL_EXT|LIMIT_REDUCTION|  WHERE MONTH_KEY = %STR(%')&MONTH_KEY.%STR(%')  
10-EXT-NW-NW_CLOANFIX_TRAN_HIST|"""&tdp3."""|'TD_WGDW'|NW|NW_CLOANFIX_TRAN_HIST |ADL_EXT|TRANSACTION_VALUE|  WHERE MONTH_KEY = %STR(%')&MONTH_KEY.%STR(%')  
10-EXT-NW-NW_CLOANFIX_TRAN_HIST_MM|"""&tdp3."""|'TD_WGDW'|NW|NW_CLOANFIX_TRAN_HIST |ADL_EXT|TRANSACTION_VALUE|  WHERE MONTH_KEY = %STR(%')&MONTH_KEY.%STR(%')  
10-EXT-NW-NW_COLL_ACCOUNTS_HIST|"""&tdp3."""|'TD_WGDW'|NW|NW_COLL_ACCOUNTS_HIST|ADL_EXT||   WHERE MONTH_KEY = %STR(%')&MONTH_KEY.%STR(%')  
10-EXT-NW-NW_COLL_ACCOUNTS_HIST_MM|"""&tdp3."""|'TD_WGDW'|NW|NW_COLL_ACCOUNTS_HIST|ADL_EXT||   WHERE MONTH_KEY = %STR(%')&MONTH_KEY.%STR(%')  
10-EXT-NW-NW_COLL_ACCOUNTS_HIST_old|"""&tdp3."""|'TD_WGDW'|NW|NW_COLL_ACCOUNTS_HIST|ADL_EXT||   WHERE MONTH_KEY = %STR(%')&MONTH_KEY.%STR(%')  
10-EXT-NW-NW_COLL_AC_ACTIVITIES_HIST|"""&tdp3."""|'TD_WGDW'|NW|NW_COLL_AC_ACTIVITIES_HIST|ADL_EXT||  WHERE MONTH_KEY = %STR(%')&MONTH_KEY.%STR(%')  
10-EXT-NW-NW_CONN_CUST_M_HIST|"""&tdp3."""|'TD_WGDW'|NW|NW_CONN_CUST_M_HIST|ADL_EXT|NULL|WHERE MONTH_KEY = %STR(%')&MONTH_KEY.%STR(%')    
10-EXT-NW-NW_CONN_CUST_M_HIST_MM|"""&tdp3."""|'TD_WGDW'|NW|NW_CONN_CUST_M_HIST|ADL_EXT|NULL|WHERE MONTH_KEY = %STR(%')&MONTH_KEY.%STR(%')    
10-EXT-NW-NW_CONSUMER_LOAN_ACCOUNTS_FIX|"""&tdp3."""|'TD_WGDW'|NW|NW_CONSUMER_LOAN_ACCOUNTS_FIX   |ADL_EXT|NEGOTIATED_REPAYMENTS_NUMBER|
10-EXT-NW-NW_CORPORATE_CARDS|"""&tdp3."""|'TD_WGDW'|NW|NW_CORPORATE_CARDS  |ADL_EXT|FACILITY_LIMIT|
10-EXT-NW-NW_CORPORATE_CARDS_MM|"""&tdp3."""|'TD_WGDW'|NW|NW_CORPORATE_CARDS  |ADL_EXT|FACILITY_LIMIT|
10-EXT-NW-NW_CRDT_CARD_M_HIST|"""&tdp3."""|'TD_WGDW'|NW|NW_CRDT_CARD_M_HIST|ADL_EXT|CURRENT_BALANCE|  WHERE MONTH_KEY = %STR(%')&MONTH_KEY.%STR(%')  
10-EXT-NW-NW_CRDT_CARD_M_HIST_MM|"""&tdp3."""|'TD_WGDW'|NW|NW_CRDT_CARD_M_HIST|ADL_EXT|CURRENT_BALANCE|  WHERE MONTH_KEY = %STR(%')&MONTH_KEY.%STR(%')  
10-EXT-NW-NW_CREDIENT_ACCT_M_HIST|"""&tdp3."""|'TD_WGDW'|NW|NW_CREDIENT_ACCT_M_HIST |ADL_EXT|EXCHNG_RATE|  WHERE MTH_KEY = %STR(%')&MONTH_KEY.%STR(%')  
10-EXT-NW-NW_CREDIENT_ACCT_M_HIST_V|"""&tdp3."""|'TD_WGDW'|NW|NW_CREDIENT_ACCT_M_HIST_V |ADL_EXT|EXCHNG_RATE|  WHERE MTH_KEY = %STR(%')&MONTH_KEY.%STR(%')  
10-EXT-NW-NW_CREDIT_APPL_LOANS|"""&tdp3."""|'TD_WGDW'|NW|NW_CREDIT_APPL_LOANS|ADL_EXT|FIXED_RATE_PERIOD|
10-EXT-NW-NW_CRS_CUSTOMER_NAME_ADRS|"""&tdp3."""|'TD_WGDW'|NW|NW_CRS_CUSTOMER_NAME_ADRS |ADL_EXT|PPSR_COMPANY_NUMBER|  WHERE ( (DATE &TD_SYS_PROC_DATE. BETWEEN START_DATE and END_DATE) OR    (START_DATE <= DATE &TD_SYS_PROC_DATE. AND END_DATE IS NULL)  )
10-EXT-NW-NW_CRS_CUST_M_HIST|"""&tdp3."""|'TD_WGDW'|NW|NW_CRS_CUST_M_HIST |ADL_EXT|NULL|   WHERE MONTH_KEY = %STR(%')&MONTH_KEY%STR(%')
10-EXT-NW-NW_CR_BASEL_PRODUCTS_PARM|"""&tdp3."""|'TD_WGDW'|NW|NW_CR_BASEL_PRODUCTS_PARM|ADL_EXT|NULL|
10-EXT-NW-NW_CR_IFRS_RISK_GRADE_REF|"""&tdp3."""|'TD_WGDW'|NW|NW_CR_IFRS_RISK_GRADE_REF  |ADL_EXT|NULL|
10-EXT-NW-NW_CR_UNSC_INVT_NUMB_PARM_REF|"""&tdp3."""|'TD_WGDW'|NW|NW_CR_UNSC_INVT_NUMB_PARM_REF|ADL_EXT|NULL|   WHERE CAST(EFFV_FROM AS DATE) <= DATE &TD_SYS_PROC_DATE. AND CAST(EFFV_TO AS DATE) >= DATE &TD_MSTART_DATE.  
10-EXT-NW-NW_CR_UNSC_INVT_NUMB_PARM_REF_MM|"""&tdp3."""|'TD_WGDW'|NW|NW_CR_UNSC_INVT_NUMB_PARM_REF|ADL_EXT|NULL|   WHERE CAST(EFFV_FROM AS DATE) <= DATE &TD_SYS_PROC_DATE. AND CAST(EFFV_TO AS DATE) >= DATE &TD_MSTART_DATE.  
10-EXT-NW-NW_CUSTOMERS_ACCOUNTS_CURRENT|"""&tdp3."""|'TD_WGDW'|NW|NW_CUSTOMERS_ACCOUNTS_CURRENT|ADL_EXT|NULL|
10-EXT-NW-NW_CUSTOMERS_ACCOUNTS_FULL|"""&tdp3."""|'TD_WGDW')|NW|NW_CUSTOMERS_ACCOUNTS_FULL |ADL_EXT|NULL| WHERE ( CAST(START_DATE AS DATE) <= DATE &TD_SYS_PROC_DATE.  AND CAST(END_DATE AS DATE) >= DATE &TD_MSTART_DATE. )  QUALIFY ROW_NUMBER() OVER (PARTITION BY CUSTOMER_ID, ACCOUNT_ID ORDER BY START_DATE DESC)=1
10-EXT-NW-NW_CUSTOMERS_ACCOUNTS_FULL_MM|"""&tdp3."""|'TD_WGDW')|NW|NW_CUSTOMERS_ACCOUNTS_FULL |ADL_EXT|NULL| WHERE CAST(START_DATE AS DATE) <= DATE &TD_SYS_PROC_DATE.  AND CAST(END_DATE AS DATE) >= DATE &TD_MSTART_DATE. 
10-EXT-NW-NW_CUSTOMER_NAME_ADRS|"""&tdp3."""|'TD_WGDW'|NW|NW_CUSTOMER_NAME_ADRS|ADL_EXT|NULL|QUALIFY ROW_NUMBER() OVER (PARTITION BY CUSTOMER_ID ORDER BY CUSTOMER_ID )=1
10-EXT-NW-NW_CUSTOMER_NAME_ADRS_MM|"""&tdp3."""|'TD_WGDW'|NW|NW_CUSTOMER_NAME_ADRS|ADL_EXT|NULL|
10-EXT-NW-NW_DEBIT_CARD_TRAN_M_SNAP|"""&tdp3."""|'TD_WGDW'|NW|NW_DEBIT_CARD_TRAN_M_SNAP  |ADL_EXT|CASH_OUT_AMOUNT|  WHERE MONTH_KEY = %STR(%')&MONTH_KEY.%STR(%')  
10-EXT-NW-NW_DEBTOR_FIN_M_HIST|"""&tdp3."""|'TD_WGDW'|NW|NW_DEBTOR_FIN_M_HIST |ADL_EXT|ACCELERATION_RATE|  WHERE MONTH_KEY = %STR(%')&MONTH_KEY.%STR(%')  
10-EXT-NW-NW_DEBTOR_FIN_M_HIST_MM|"""&tdp3."""|'TD_WGDW'|NW|NW_DEBTOR_FIN_M_HIST |ADL_EXT|ACCELERATION_RATE|  WHERE MONTH_KEY = %STR(%')&MONTH_KEY.%STR(%')  
10-EXT-NW-NW_DS_CUSTOMER_M_HIST|"""&tdp3."""|'TD_WGDW'|NW|NW_DS_CUSTOMER_M_HIST |ADL_EXT|NULL|   WHERE MONTH_KEY = %STR(%')&MONTH_KEY%STR(%')
10-EXT-NW-NW_EXCHANGE_RATE_M_HIST|"""&tdp3."""|'TD_WGDW'|NW|NW_EXCHANGE_RATE_M_HIST |ADL_EXT|EXCHANGE_RATE|  WHERE MONTH_KEY = %STR(%')&MONTH_KEY.%STR(%')  
10-EXT-NW-NW_EXCHANGE_RATE_M_HIST_MM|"""&tdp3."""|'TD_WGDW'|NW|NW_EXCHANGE_RATE_M_HIST |ADL_EXT|EXCHANGE_RATE|  WHERE MONTH_KEY = %STR(%')&MONTH_KEY.%STR(%')  
10-EXT-NW-NW_GL_ACTUAL_FRGN_HIST|"""&tdp3."""|'TD_WGDW'|NW|NW_GL_ACTUAL_FRGN_HIST |ADL_EXT|GLAC_JAN_MOVEMENT|  WHERE YEAR_KEY = %STR(%')&YEAR_KEY.%STR(%')  
10-EXT-NW-NW_GL_ACTUAL_HIST|"""&tdp3."""|'TD_WGDW'|NW|NW_GL_ACTUAL_HIST |ADL_EXT|NULL|  WHERE YEAR_KEY = %STR(%')&YEAR_KEY.%STR(%')  
10-EXT-NW-NW_INDUSTRY|"""&tdp3."""|'TD_WGDW'|NW|NW_INDUSTRY |ADL_EXT|NULL|
10-EXT-NW-NW_INDUSTRY_MM|"""&tdp3."""|'TD_WGDW'|NW|NW_INDUSTRY |ADL_EXT|NULL|
10-EXT-NW-NW_LEASE_BULK_LIMT_M_HIST|"""&tdp3."""|'TD_WGDW'|NW|NW_LEASE_BULK_LIMT_M_HIST |ADL_EXT|BULK_LIMIT_ID|  WHERE MONTH_KEY = %STR(%')&MONTH_KEY.%STR(%')  
10-EXT-NW-NW_LEASE_BULK_LIMT_M_HIST_V|"""&tdp3."""|'TD_WGDW'|NW|NW_LEASE_BULK_LIMT_M_HIST_V |ADL_EXT|BULK_LIMIT_ID|  WHERE MONTH_KEY = %STR(%')&MONTH.%STR(%')  
10-EXT-NW-NW_LEASE_INSTALMENTS|"""&tdp3."""|'TD_WGDW'|NW|NW_LEASE_INSTALMENTS |ADL_EXT|INSTALMENT_NUMBER|
10-EXT-NW-NW_LEASE_M_HIST|"""&tdp3."""|'TD_WGDW'|NW|NW_LEASE_M_HIST|ADL_EXT|GRACE_DAYS|  WHERE MONTH_KEY = %STR(%')&MONTH_KEY.%STR(%')  
10-EXT-NW-NW_MANAGERS_M_HIST|"""&tdp3."""|'TD_WGDW'|NW|NW_MANAGERS_M_HIST  |ADL_EXT|NULL|  WHERE MONTH_KEY = %STR(%')&MONTH_KEY.%STR(%')  
10-EXT-NW-NW_MANAGERS_M_HIST_MM|"""&tdp3."""|'TD_WGDW'|NW|NW_MANAGERS_M_HIST  |ADL_EXT|NULL|  WHERE MONTH_KEY = %STR(%')&MONTH_KEY.%STR(%')  
10-EXT-NW-NW_MARGIN_LENDING_M_HIST|"""&tdp3."""|'TD_WGDW'|NW|NW_MARGIN_LENDING_M_HIST|ADL_EXT|CURRENT_BALANCE|  WHERE MONTH_KEY = %STR(%')&MONTH_KEY.%STR(%')  
10-EXT-NW-NW_MD_CU_LIMIT_M_HIST|"""&tdp3."""|'TD_WGDW'|NW|NW_MD_CU_LIMIT_M_HIST |ADL_EXT|NULL|   WHERE MONTH_KEY = %STR(%')&MONTH_KEY%STR(%')
10-EXT-NW-NW_MD_FCA_M_HIST|"""&tdp3."""|'TD_WGDW'|NW|NW_MD_FCA_M_HIST  |ADL_EXT|NULL|   WHERE MONTH_KEY = %STR(%')&MONTH_KEY%STR(%')
10-EXT-NW-NW_MD_MONY_MKT_M_HIST|"""&tdp3."""|'TD_WGDW'|NW|NW_MD_MONY_MKT_M_HIST |ADL_EXT|NULL|   WHERE MONTH_KEY = %STR(%')&MONTH_KEY%STR(%')
10-EXT-NW-NW_MERCH_M_HIST|"""&tdp3."""|'TD_WGDW'|NW|NW_MERCH_M_HIST|ADL_EXT|YEARTD_FEES_CHARGED|  WHERE MONTH_KEY = %STR(%')&MONTH_KEY.%STR(%')  
10-EXT-NW-NW_MERCH_M_HIST_PREV|"""&TDP3."""|'TD_WGDW'|NW|NW_MERCH_M_HIST|ADL_EXT|YEARTD_FEES_CHARGED|  WHERE MONTH_KEY = %STR(%')&MONTH_KEY_PREV.%STR(%')  
10-EXT-NW-NW_MI_DAILY_FX_RATE|"""&TDP3."""|NW|NW|NW_MSS_SECURITY_DETAILS_M_HIST |ADL_EXT|EXCHANGE_RATE|WHERE CURRENCY_DATE BETWEEN DATE &TD_MSTART_DATE. AND DATE &TD_MEND_DATE.  
10-EXT-NW-NW_ML_FCLT_M_HIST_V|"""&TDP3."""|'TD_WGDW'|NW|NW_ML_FCLT_M_HIST_V |ADL_EXT|FACILITY_LIMIT_AMOUNT|   WHERE MONTH_KEY = %STR(%')&MONTH_KEY.%STR(%')  
10-EXT-NW-NW_MRTG_LOAN_M_HIST|"""&tdp3."""|'TD_WGDW'|NW|NW_MRTG_LOAN_M_HIST|ADL_EXT|CURRENT_BALANCE|  WHERE MONTH_KEY = %STR(%')&MONTH_KEY.%STR(%')  
10-EXT-NW-NW_MRTG_LOAN_M_HIST_MM|"""&tdp3."""|'TD_WGDW'|NW|NW_MRTG_LOAN_M_HIST|ADL_EXT|CURRENT_BALANCE|  WHERE MONTH_KEY = %STR(%')&MONTH_KEY.%STR(%')  
10-EXT-NW-NW_MSS_SECURITY_ASSETS_M_HIST_old|"""&tdp3."""|'TD_WGDW'|NW|NW_MSS_SECURITY_ASSETS_M_HIST |ADL_EXT|NULL|WHERE MONTH_KEY = %STR(%')&MONTH_KEY.%STR(%')
10-EXT-NW-NW_NC_CARD_M_HIST|"""&tdp3."""|'TD_WGDW'|NW|NW_NC_CARD_M_HIST  |ADL_EXT||  WHERE MONTH_KEY = %STR(%')&MONTH_KEY%STR(%')
10-EXT-NW-NW_NZ_ACCTSEGM_M_HIST|"""&tdp3."""|'TD_WGDW'|NW|NW_NZ_ACCTSEGM_M_HIST |ADL_EXT|NULL| WHERE MONTH_KEY = %STR(%')&MONTH_KEY%STR(%')
10-EXT-NW-NW_NZ_PROPERTY_ASSET_ADDRESS|"""&tdp3."""|'TD_WGDW'|NW|NW_NZ_PROPERTY_ASSET_ADDRESS |ADL_EXT|NULL|  WHERE START_DATE <= DATE  &TD_MEND_DATE./*   AND (END_DATE >= DATE &TD_MSTART_DATE.)*/AND (END_DATE >= DATE &TD_MSTART_DATE. or END_DATE is null)  
10-EXT-NW-NW_NZ_PROPERTY_ASSET_ADDRESS_BKP|"""&tdp3."""|'TD_WGDW'|NW|NW_NZ_PROPERTY_ASSET_ADDRESS |ADL_EXT|NULL|  WHERE START_DATE <= DATE  &TD_MEND_DATE. AND END_DATE >= DATE &TD_MSTART_DATE.  
10-EXT-NW-NW_NZ_PROPERTY_ASSET_M_HIST|"""&tdp3."""|'TD_WGDW'|NW|NW_NZ_PROPERTY_ASSET_M_HIST |ADL_EXT|NULL|   WHERE MONTH_KEY = %STR(%')&MONTH_KEY%STR(%')   
10-EXT-NW-NW_NZ_SECURITY_ACCOUNT|"""&tdp3."""|'TD_WGDW'|NW|NW_NZ_SECURITY_ACCOUNT |ADL_EXT|SECY_ACCT_GRUP_LVR|  WHERE START_DATE <= DATE  &TD_MEND_DATE. AND END_DATE >= DATE &TD_MSTART_DATE.  
10-EXT-NW-NW_ORGANISATION_UNIT_RELATIONS|"""&tdp3."""|'TD_WGDW'|NW|NW_ORGANISATION_UNIT_RELATIONS   |ADL_EXT|ORG_UNIT_HIERARCHY_LEVEL|
10-EXT-NW-NW_ORGANISATION_UNIT_RELATIONS_MM|"""&tdp3."""|'TD_WGDW'|NW|NW_ORGANISATION_UNIT_RELATIONS   |ADL_EXT|ORG_UNIT_HIERARCHY_LEVEL|
10-EXT-NW-NW_ORGANISATION_UNIT_STRUCTURE|"""&tdp3."""|'TD_WGDW'|NW|NW_ORGANISATION_UNIT_STRUCTURE   |ADL_EXT|NULL|
10-EXT-NW-NW_PBLM_ACCOUNTING|"""&tdp3."""|'TD_WGDW'|NW|NW_PBLM_ACCOUNTING  |ADL_EXT|SEQUENCE_NUMBER|
10-EXT-NW-NW_PBLM_ACCOUNTING_MM|"""&tdp3."""|'TD_WGDW'|NW|NW_PBLM_ACCOUNTING  |ADL_EXT|SEQUENCE_NUMBER|
10-EXT-NW-NW_PBLM_CFLW_ACCT_ALLOC|"""&tdp3."""|'TD_WGDW'|NW|NW_PBLM_CFLW_ACCT_ALLOC|ADL_EXT|NULL|
10-EXT-NW-NW_PBLM_CFLW_ACCT_ALLOC_MM|"""&tdp3."""|'TD_WGDW'|NW|NW_PBLM_CFLW_ACCT_ALLOC|ADL_EXT|NULL|
10-EXT-NW-NW_PRODUCTS|"""&tdp3."""|'TD_WGDW'|NW|NW_PRODUCTS |ADL_EXT|NULL|
10-EXT-NW-NW_PRODUCTS_MM|"""&tdp3."""|'TD_WGDW'|NW|NW_PRODUCTS |ADL_EXT|NULL|
10-EXT-NW-NW_PRODUCT_RELATIONS|"""&tdp3."""|'TD_WGDW'|NW|NW_PRODUCT_RELATIONS |ADL_EXT|PRODUCT_ABS_SEQUENCE_NUMBER|
10-EXT-NW-NW_PRODUCT_RELATIONS_MM|"""&tdp3."""|'TD_WGDW'|NW|NW_PRODUCT_RELATIONS |ADL_EXT|PRODUCT_ABS_SEQUENCE_NUMBER|
10-EXT-NW-NW_PZ_ACCOUNT_M_HIST|"""&tdp3."""|'TD_WGDW'|NW|NW_PZ_ACCOUNT_M_HIST |ADL_EXT|NULL| WHERE MONTH_KEY <= %STR(%')&MONTH_KEY%STR(%')
10-EXT-NW-NW_RAMS_ACCT_M_HIST|"""&tdp3."""|'TD_WGDW'|NW|NW_RAMS_ACCT_M_HIST |ADL_EXT|CRRNT_LIMIT|  WHERE MTH_KEY = %STR(%')&MONTH_KEY.%STR(%')  
10-EXT-NW-NW_REMNGRCU_M_SNAP|"""&tdp3."""|'TD_WGDW'|NW|NW_REMNGRCU_M_SNAP_&MONTH_KEY|ADL_EXT|NULL| WHERE MONTH_KEY = %STR(%')&MONTH_KEY.%STR(%')  
10-EXT-NW-NW_REMNGRCU_M_SNAP_MM|"""&tdp3."""|'TD_WGDW'|NW|NW_REMNGRCU_M_SNAP_&MONTH_KEY|ADL_EXT|NULL| WHERE MONTH_KEY = %STR(%')&MONTH_KEY.%STR(%')  
10-EXT-NW-NW_RP_TF_M_HIST|"""&tdp3."""|'TD_WGDW'|NW|NW_RP_TF_M_HIST  |ADL_EXT|FRGN_CURRENT_BALANCE| WHERE MONTH_KEY = %STR(%')&MONTH_KEY.%STR(%')  
10-EXT-NW-NW_SECURITY_QUALITY_INDICATORS|"""&tdp3."""|'TD_WGDW'|NW|NW_SECURITY_QUALITY_INDICATORS|ADL_EXT|LOSS_GIVEN_DEFAULT_FACTOR|
10-EXT-NW-NW_SETO_BALANCES_M_HIST|"""&tdp3."""|'TD_WGDW'|NW|NW_SETO_BALANCES_M_HIST |ADL_EXT|BALANCE|  WHERE MONTH_KEY = %STR(%')&MONTH_KEY.%STR(%')  
10-EXT-NW-NW_SETO_NETACCT_M_HIST|"""&tdp3."""|'TD_WGDW'|NW|NW_SETO_NETACCT_M_HIST |ADL_EXT|NULL|  WHERE MONTH_KEY = %STR(%')&MONTH_KEY.%STR(%')  
10-EXT-NW-NW_TERM_DEP_M_HIST|"""&tdp3."""|'TD_WGDW'|NW|NW_TERM_DEP_M_HIST  |ADL_EXT|CURRENT_BALANCE|  WHERE MONTH_KEY = %STR(%')&MONTH_KEY.%STR(%')  
10-EXT-NW-NW_TF_LIMITS_M_HIST|"""&tdp3."""|'TD_WGDW'|NW|NW_TF_LIMITS_M_HIST  |ADL_EXT||  WHERE MONTH_KEY = %STR(%')&MONTH_KEY.%STR(%')  
10-EXT-NW-NW_TRANSACTION_CODES|"""&tdp3."""|'TD_WGDW'|NW|NW_TRANSACTION_CODES|ADL_EXT|NULL|
10-EXT-NW-NW_VALUE_TRAN_HIST|"""&tdp3."""|'TD_WGDW'|NW|NW_VALUE_TRAN_HIST  |ADL_EXT|VALUE_TRANSACTION_VOLUME|  WHERE MONTH_KEY = %STR(%')&MONTH_KEY.%STR(%')  
10-EXT-NW-NW_VALUE_TRAN_HIST_MM|"""&tdp3."""|'TD_WGDW'|NW|NW_VALUE_TRAN_HIST  |ADL_EXT|VALUE_TRANSACTION_VOLUME|  WHERE MONTH_KEY = %STR(%')&MONTH_KEY.%STR(%')  
