<?xml version="1.0" encoding="UTF-8"?>
<!--XML Jobflow definition -->
<!--This file has been generated with Process Manager. 
    Modify at your own risk.  Changes may render the definition unusable.   
    The definition format may change in future versions of Process Manager.    -->
<!DOCTYPE JobFlowReq SYSTEM "JobFlowDef30.dtd"><JobFlowReq  DTDVersion="3.0"  MainEntry="ADL_SIMPLE"  ExitConditionIgnoreWaitingActivities=""  FlowCreateStdout=""  ClientVersion="9.12"  FlowStdout=""  FlowWorkingDir=""  FlowStderrAutoIndex=""  MailDestination=""  FlowOverrideStderr="Yes"  Name="lsf_adlvldn:ADL_SIMPLE"  Owner=""  FlowStdoutDir=""  FlowCreateStderr=""  ExitCodeRule="FromSumOfItems"  FlowStderr=""  EndBehaviour="FlowStop"  FlowStateMailWhen="None"  FlowStdoutAutoIndex=""  FlowOverrideStdout="Yes"  UpdateType=""  Exclusive="Yes"  FlowStderrDir=""  Description="Use Case 1 : Simple flow with standalone jobs"  FlowEnvVars=""  Operation="Schedule" >
<JobDef ExecutionType="lsf" Name="ADL_SIMPLE:MVP_Unittest_1">
  <ExclusiveExec  Value="No"/>
  <ImplementRefer  Value="lsf_adlvldn:ADL_SIMPLE:MVP_Unittest_1"/>
  <JobCmdLine  Value="/opt/sas/conf/grid/Lev2/WBCApp_ADL_Vldn/BatchServer/sasbatch.sh -log /opt/sas/conf/grid/Lev2/WBCApp_ADL_Vldn/BatchServer/Logs/ADL_SIMPLE_MVP_Unittest_1_#Y.#m.#d_#H.#M.#s.log  -batch -noterminal -logparm &quot;rollover=session&quot;  -sysin /opt/sas/conf/grid/Lev2/WBCApp_ADL_Vldn/SASEnvironment/SASCode/Jobs/MVP_Unittest_1.sas"/>
  <QueueSelect  Value="WBC_ADL_L2_Batch_q"/>
  <Name  Value="lsf_adlvldn:ADL_SIMPLE:MVP_Unittest_1"/>
  <ImplementType  Value="Job"/>
  <SearchKey  Value="No"/>
  <UserName  Value="lsf_adlvldn"/>
  <Overridable  Value="Yes"/>
  <Rerunable  Value="No"/>
  <Visible  Value="No"/>
  <SubmissionCmd  Value="bsub"/>
  <OEMAppName  Value="SAS"/>
  <MinMaxCPU  Value="1,1"/>
</JobDef>
<JobDef ExecutionType="lsf" Name="ADL_SIMPLE:MVP_Unittest_2">
  <ExclusiveExec  Value="No"/>
  <ImplementRefer  Value="lsf_adlvldn:ADL_SIMPLE:MVP_Unittest_2"/>
  <JobCmdLine  Value="/opt/sas/conf/grid/Lev2/WBCApp_ADL_Vldn/BatchServer/sasbatch.sh -log /opt/sas/conf/grid/Lev2/WBCApp_ADL_Vldn/BatchServer/Logs/ADL_SIMPLE_MVP_Unittest_2_#Y.#m.#d_#H.#M.#s.log  -batch -noterminal -logparm &quot;rollover=session&quot;  -sysin /opt/sas/conf/grid/Lev2/WBCApp_ADL_Vldn/SASEnvironment/SASCode/Jobs/MVP_Unittest_2.sas"/>
  <QueueSelect  Value="WBC_ADL_L2_Batch_q"/>
  <Name  Value="lsf_adlvldn:ADL_SIMPLE:MVP_Unittest_2"/>
  <ImplementType  Value="Job"/>
  <SearchKey  Value="No"/>
  <UserName  Value="lsf_adlvldn"/>
  <Overridable  Value="Yes"/>
  <Rerunable  Value="No"/>
  <Visible  Value="No"/>
  <SubmissionCmd  Value="bsub"/>
  <OEMAppName  Value="SAS"/>
  <MinMaxCPU  Value="1,1"/>
</JobDef>
<JobFlowDef  Name="ADL_SIMPLE">
  <ActivityDef  Name=""  ImplementType="Job"  ImplementRefer="ADL_SIMPLE:MVP_Unittest_1" Description="" ><Exceptions></Exceptions></ActivityDef>
  <ActivityDef  Name=""  ImplementType="Job"  ImplementRefer="ADL_SIMPLE:MVP_Unittest_2" Description="" ><Exceptions></Exceptions></ActivityDef>
  <ActivityDef  Name=""  ImplementType="Job"  ImplementRefer="ADL_SIMPLE" Description="" ><Events CombinationType="And"><Event GeneratorType="FileAgent_v1.0" Name="&quot;/tmp/myfile&quot; arrival" PositionY="292" PositionX="48" Description="File event. When the file arrives in the specified directory on the Process Manager server host, the subflow that follows the event can be triggered.">age(/opt/sas/data/adletl/Lev2/2_hist/data/0_sys/markers/trigger/ce_drv_acct_rams_ctlfw_c.mkr)<1</Event></Events><Exceptions></Exceptions></ActivityDef>
</JobFlowDef>
</JobFlowReq>