Filename,libname,table,GROUP,Permission
00-SYS-EP1ABASE-BASE_GL_Product_Mapping,ADL_EXT,BASE_GL_Product_Mapping,,
10-EXT-AILD,ADL_EXT,CFAL_DP_T_APP,,
10-EXT-APM_ARRAY,ADL_EXT,APM_ARRAY                                                                                        	,,
10-EXT-APM_HOUSE_PRICE_INCREASES,ADL_EXT,APM_HOUSE_PRICE_INCREASES                                                                         		,,
10-EXT-APM_UNIT_PRICE_INCREASES,ADL_EXT,APM_UNIT_PRICE_INCREASES                                                                         		,,
10-EXT-ASIARET_LOAMSD,ADL_EXT,LOAMSD,,
10-EXT-BASEL_RAMS,ADL_EXT,BASEL_RAMS,,
10-EXT-BF_CCYDESCRIPTION,ADL_EXT,BF_CcyDescription,,
10-EXT-BF_COLLATERALALLOCDETAILS,ADL_EXT,BF_CollateralAllocDetails,,
10-EXT-BF_COLLATERALDETAILS,ADL_EXT,BF_CollateralDetails,,
10-EXT-BF_CUST,ADL_EXT,BF_Cust,,
10-EXT-BF_CUSTEXTN,ADL_EXT,BF_CustExtn,,
10-EXT-BF_DEALLEVELBALS,ADL_EXT,BF_DealLevelBals,,
10-EXT-BF_LENDFCLTY,ADL_EXT,BF_LendFclty,,
10-EXT-BF_LOANACTIVITY,ADL_EXT,BF_LoanActivity,,
10-EXT-BF_LOANDEPOSIT,ADL_EXT,BF_LoanDeposit,,
10-EXT-BF_LOANDRAING,ADL_EXT,BF_LoanDrawing,,
10-EXT-BF_LOANDRAINGEXTN,ADL_EXT,BF_LoanDrawingExtn,,
10-EXT-CFAL-BASE_EXT_CFL_DP_FCL_ITEM,ADL_EXT,BASE_EXT_CFL_DP_FCL_ITEM,,
10-EXT-CFAL-CFAL_CRGS_ASSESSMENT,ADL_EXT,CFAL_CRGS_ASSESSMENT,,
10-EXT-CFAL-CFAL_CRGS_CUSTOMER,ADL_EXT,CFAL_CRGS_CUSTOMER,,
10-EXT-CFAL-CFAL_CRGS_OVERRIDESCORE,ADL_EXT,CFAL_CRGS_OVERRIDESCORE,,
10-EXT-CFAL-CFAL_DP_T_EMP,ADL_EXT,CFAL_DP_T_EMP,,
10-EXT-CFAL-CFAL_DP_T_PROC_APP,ADL_EXT,CFAL_DP_T_PROC_APP,,
10-EXT-CFAL-CFAL_DP_T_SCORE,ADL_EXT,CFAL_DP_T_SCORE,,
10-EXT-CFAL-CFAL_DP_T_TC_APP,ADL_EXT,CFAL_DP_T_TC_APP,,
10-EXT-CFAL-CFAL_EQUIP_EXTRACT_MONTHLY,ADL_EXT,,,
10-EXT-CFAL-CFAL_EQUIP_EXTRACT_MONTHLY_FAILURES,ADL_EXT,CFAL_EQUIP_MONTHLY_FAILURES,,
10-EXT-CFAL-CFAL_EQUIP_EXTRACT_MONTHLY_SUMMARY,ADL_EXT,CFAL_EQUIP_Extract_Monthly_summary,,
10-EXT-CFAL-CFAL_MIS_BASEL,ADL_EXT,CFAL_MIS_BASEL,,
10-EXT-CFAL-CFAL_MIS_LOAN_2,ADL_EXT,CFAL_MIS_LOAN_2,,
10-EXT-CFAL-CFAL_MIS_LOAN_SCHEDULE,ADL_EXT,CFAL_MIS_LOAN_SCHEDULE,,
10-EXT-CFAL-CFAL_MIS_MONTHLY_TREND,ADL_EXT,CFAL_MIS_MONTHLY_TREND,,
10-EXT-CFAL-CFAL_PMS_EXTRACT_LATESTPROV,ADL_EXT,CFAL_PMS_EXTRACT_LATESTPROV,,
10-EXT-CFAL_Equip_Immediate_failures,ADL_EXT,CFAL_CRGS_CUSTOMER,,
10-EXT-CMT_ASSIST_ACCOUNTS,ADL_EXT,CMT_ASSIST_ACCOUNTS,,
10-EXT-CRDM-CRDM_ACCOUNT_DIM,ADL_EXT,CRDM_ACCOUNT_DIM					,,
10-EXT-CRDM-CRDM_APPLCNT,ADL_EXT,CRDM_APPLCNT,,
10-EXT-CRDM-CRDM_APPL_APPLCNT_CC_RIS_V,ADL_EXT,CRDM_APPL_APPLCNT_CC_RIS_V	,,
10-EXT-CRDM-CRDM_APPL_MRTG_FREQ_RIS_V,ADL_EXT,CRDM_APPL_MRTG_FREQ_RIS_V					,,
10-EXT-CRDM-CRDM_APPL_PLOAN_RIS_V,ADL_EXT,CRDM_APPL_PLOAN_RIS_V			,,
10-EXT-CRDM-CRDM_APP_FACT,ADL_EXT,CRDM_APP_FACT,,
10-EXT-CRDM-CRDM_CARD_APPL,ADL_EXT,CRDM_CARD_APPL,,
10-EXT-CRDM-CRDM_CRDT_CARD_LIN_DIM,ADL_EXT,CRDM_CRDT_CARD_LIN_DIM					,,
10-EXT-CRDM-CRDM_CRDT_CARD_LIN_V,ADL_EXT,CRDM_CRDT_CARD_LIN_V		,,
10-EXT-CRDM-CRDM_MORT_APP_FREQ_FACT,ADL_EXT,CRDM_MORT_APP_FREQ_FACT,,
10-EXT-CRDM-CRDM_MORT_PERF_FACT,ADL_EXT,CRDM_MORT_PERF_FACT					,,
10-EXT-CRDM-CRDM_MRTG_APPL,ADL_EXT,CRDM_MRTG_APPL					,,
10-EXT-CRDM-CRDM_MRTG_APPLCNT,ADL_EXT,CRDM_MRTG_APPLCNT                                                                                         		,,
10-EXT-CRDM-CRDM_MRTG_SECY,ADL_EXT,CRDM_MRTG_SECY					,,
10-EXT-CRDM-CRDM_PERF_CC_V,ADL_EXT,CRDM_PERF_CC_V					                                                                				,,
10-EXT-CRDM-CRDM_PERF_FACT,ADL_EXT,CRDM_PERF_FACT					,,
10-EXT-CRDM-CRDM_PERF_FL_V,ADL_EXT,CRDM_PERF_FL_V					                                                                				,,
10-EXT-CRDM-CRDM_PERF_MRTG_SNAP,ADL_EXT,CRDM_PERF_MRTG_SNAP					,,
10-EXT-CRDM-CRDM_PLOAN_APP_FACT,ADL_EXT,CRDM_PLOAN_APP_FACT,,
10-EXT-CRDM-CRDM_POD_APP_FACT,ADL_EXT,CRDM_POD_APP_FACT,,
10-EXT-CS-OFF_ACCOUNT,ADL_EXT,OFF_ACCOUNT,,
10-EXT-CS-OFF_RITEOFF,ADL_EXT,OFF_RITEOFF,,
10-EXT-DM-BRDM_ACCT_BUSN_HIST_V,ADL_EXT,BRDM_ACCT_BUSN_HIST_V		,,
10-EXT-DM-BRDM_CENTRE,ADL_EXT,BRDM_CENTRE		,,
10-EXT-DM-BRDM_CLOSED_ACCT,ADL_EXT,BRDM_CLOSED_ACCT				,,
10-EXT-DPVACEA-ZACE_FINANCIAL_DETAILS_A-HIST,ADL_EXT,ZACE_FINANCIAL_DETAILS_A		,,
10-EXT-DPVACEA-ZACE_FINANCIAL_DETAILS_A,ADL_EXT,ZACE_FINANCIAL_DETAILS_A		,,
10-EXT-DPVACEA-ZACE_FINANCIAL_DETAILS_B-HIST,ADL_EXT,ZACE_FINANCIAL_DETAILS_B		,,
10-EXT-DPVACEA-ZACE_FINANCIAL_DETAILS_B,ADL_EXT,ZACE_FINANCIAL_DETAILS_B		,,
10-EXT-DPVACEA-ZACE_PERSONAL_DETAILS-HIST,ADL_EXT,ZACE_PERSONAL_DETAILS		,,
10-EXT-DPVACEA-ZACE_PERSONAL_DETAILS,ADL_EXT,ZACE_PERSONAL_DETAILS		,,
10-EXT-DPVACEA-ZACE_PERSONAL_DETAILS_MM,ADL_EXT,ZACE_PERSONAL_DETAILS		,,
10-EXT-DPVASOGA-ZSOV_VEHICLE_DEFINITION,ADL_EXT,ZSOV_VEHICLE_DEFINITION                                                                                      	,,
10-EXT-DPVASOGA-ZSOV_VEHICLE_DEFINITION_MM,ADL_EXT,ZSOV_VEHICLE_DEFINITION                                                                                      	,,
10-EXT-DPVIEA-ACCT-HIST,ADL_EXT,ACCT		,,
10-EXT-DPVIEA-ACCT_FUNDS_TRANSFER,ADL_EXT,ACCT_FUNDS_TRANSFER		,,
10-EXT-DPVIEA-ACCT_LOAN-HIST,ADL_EXT,ACCT_LOAN,,
10-EXT-DPVIEA-ACCT_LOAN_FULL,ADL_EXT,ACCT_LOAN_FULL,,
10-EXT-DPVIEA-APPLN-HIST,ADL_EXT,APPLN		                                                                                    		,,
10-EXT-DPVIEA-APPLN_FIN_ACCT-HIST,ADL_EXT,APPLN_FIN_ACCT		                                                                                    	,,
10-EXT-DPVIEA-APPLN_FIN_LIN-HIST,ADL_EXT,APPLN_FIN_LIN		,,
10-EXT-DPVIEA-CIS_CUST_ACCT_LIN_CUR,ADL_EXT,CIS_CUST_ACCT_LIN_CUR,,
10-EXT-DPVIEA-FOLIO-HIST,ADL_EXT,FOLIO		                                                                                    		,,
10-EXT-DPVIEA-FOLIO_SECURITY-HIST,ADL_EXT,FOLIO_SECURITY		,,
10-EXT-DPVIEA-GCIS_ADDR,ADL_EXT,GCIS_ADDR,,
10-EXT-DPVIEA-GCIS_CUST_ADDR_LIN,ADL_EXT,GCIS_CUST_ADDR_LIN		,,
10-EXT-DPVIEA-LG_HIER_LOCATION,ADL_EXT,LG_HIER_LOCATION                                                                                      			,,
10-EXT-DPVIEA-ZCLS_APPL-HIST,ADL_EXT,ZCLS_APPL		                                                                            	,,
10-EXT-DPVIEA-ZCLS_CONTRACT_AFFORD-HIST,ADL_EXT,ZCLS_CONTRACT_AFFORD		                                                                       		,,
10-EXT-DPVIEA-ZCLS_FDTL_MORT_ACCT-HIST,ADL_EXT,ZCLS_FDTL_MORT_ACCT		,,
10-EXT-DPVIEA-ZCLS_FDTL_MORT_ACCT_FULL,ADL_EXT,ZCLS_FDTL_MORT_ACCT		,,
10-EXT-DPVIEA-ZCMSR_ACCT_HIST,ADL_EXT,ZCMSR_ACCT_HIST		,,
10-EXT-DPVIEA-ZCMS_MAP_ACCOUNT,ADL_EXT,ZCMS_MAP_ACCOUNT                                                                                      			,,
10-EXT-DPVIEA-ZGCIS_CUSTOMER_PRODUCT,ADL_EXT,ZGCIS_CUSTOMER_PRODUCT  	,,
10-EXT-DPVIEA-ZGCIS_CUSTOMER_PRODUCT_BAL,ADL_EXT,ZGCIS_CUSTOMER_PRODUCT_BAL  	,,
10-EXT-DPVIEA-ZIPM_INDIVIDUAL_PROVISION,ADL_EXT,ZIPM_INDIVIDUAL_PROVISION,,
10-EXT-DPVIEA-ZSOV_ACCT_MAP,ADL_EXT,vZSOV_ACCT_MAP            	,,
10-EXT-DPVIEA-ZSOV_APPLN,ADL_EXT,ZSOV_APPLN            	,,
10-EXT-DPVIEA-ZSOV_APPLN_LOAN_DETAIL,ADL_EXT,ZSOV_APPLN_LOAN_DETAIL            	,,
10-EXT-DPVIEA-ZSOV_ASSET,ADL_EXT,ZSOV_ASSET,,
10-EXT-DPVIEA-ZSOV_ASSET_CLASSIFICATION,ADL_EXT,ZSOV_ASSET_CLASSIFICATION,,
10-EXT-DPVIEA-ZSOV_ASSET_CONSUMER_GOODS,ADL_EXT,ZSOV_ASSET_CONSUMER_GOODS,,
10-EXT-DPVIEA-ZSOV_ASSET_MISCELLANEOUS,ADL_EXT,ZSOV_ASSET_MISCELLANEOUS,,
10-EXT-DPVIEA-ZSOV_ASSET_VEHICLE,ADL_EXT,ZSOV_ASSET_VEHICLE,,
10-EXT-DPVIEA-ZSOV_CLIENT_EMPLOYMENT,ADL_EXT,ZSOV_CLIENT_EMPLOYMENT                                                                                      	,,
10-EXT-DPVIEA-ZSOV_CLIENT_EXTENSION,ADL_EXT,ZSOV_CLIENT_EXTENSION                                                                                      	,,
10-EXT-DPVIEA-ZSOV_CLIENT_PERSONAL_DTL,ADL_EXT,ZSOV_CLIENT_PERSONAL_DTL                                                                                      	,,
10-EXT-DPVIEA-ZSOV_CLIENT_STMT_OF_POS_1,ADL_EXT,ZSOV_CLIENT_STMT_OF_POS_1            	,,
10-EXT-DPVIEA-ZSOV_COMPANY_PROFILE,ADL_EXT,ZSOV_COMPANY_PROFILE                                                                                      		,,
10-EXT-DPVIEA-ZSOV_GL_SMARTSTREAM,ADL_EXT,ZSOV_GL_SMARTSTREAM,,
10-EXT-DPVIEA-ZSOV_LENDING_ACCT,ADL_EXT,ZSOV_LENDING_ACCT,,
10-EXT-DPVIEA-ZSOV_LENDING_ACCT_FIN_DTL-HIST,ADL_EXT,ZSOV_LENDING_ACCT_FIN_DTL		,,
10-EXT-DPVIEA-ZSOV_LENDING_ACCT_FIN_DTL,ADL_EXT,ZSOV_LENDING_ACCT_FIN_DTL		,,
10-EXT-DPVIEA-ZSOV_LENDING_ACCT_FIN_DTL_ALL,ADL_EXT,ZSOV_LENDING_ACCT_FIN_DTL_ALL		,,
10-EXT-DPVIEA-ZSOV_LENDING_TRAN,ADL_EXT,ZSOV_LENDING_TRAN,,
10-EXT-DPVIEA-ZSOV_LOAN_ACTVITY_ORFILE,ADL_EXT,ZSOV_LOAN_ACTVITY_ORFILE		                                                                            	,,
10-EXT-DPVIEA-ZSOV_LOAN_INSTAL_BRDON-HIST,ADL_EXT,ZSOV_LOAN_INSTAL_BRDON		,,
10-EXT-DPVIEA-ZSOV_LOAN_INSTAL_BRDON,ADL_EXT,ZSOV_LOAN_INSTAL_BRDON		,,
10-EXT-DPVIEA-ZSOV_LOAN_INSTAL_BRDON_ALL,ADL_EXT,ZSOV_LOAN_INSTAL_BRDON_ALL		,,
10-EXT-DPVIEA-ZSOV_ORG_UNIT,ADL_EXT,ZSOV_ORG_UNIT,,
10-EXT-DPVIEA-ZSOV_PROD_CLIENT,ADL_EXT,ZSOV_PROD_CLIENT		                                                                            				,,
10-EXT-DPVIEA-ZSOV_SECURITY_FOR_ACCT,ADL_EXT,ZSOV_SECURITY_FOR_ACCT,,
10-EXT-DPVIEA-ZSOV_SOP_INC_EXPEND_ITEM,ADL_EXT,ZSOV_SOP_INC_EXPEND_ITEM            	,,
10-EXT-DPVIEA-ZVIP_ACCT_DELINQUENCY,ADL_EXT,ZVIP_ACCT_DELINQUENCY,,
10-EXT-DPVIEA-ZVIP_ACCT_STATUS,ADL_EXT,ZVIP_ACCT_STATUS		  	,,
10-EXT-DPVIEA-ZVIP_POSTED_TRAN,ADL_EXT,ZVIP_POSTED_TRAN,,
10-EXT-DPVIED-CALENDAR_DAY,ADL_EXT,CALENDAR_DAY,,
10-EXT-DPVTBLA-ACCT-HIST,ADL_EXT,ACCT		,,
10-EXT-DPVTBLA-ACCT,ADL_EXT,ACCT		,,
10-EXT-DPVTBLA-ACCT_CHA,ADL_EXT,ACCT_CHA		,,
10-EXT-DPVTBLA-ACCT_CUST_LIN,ADL_EXT,ACCT_CUST_LIN		,,
10-EXT-DPVTBLA-ACCT_CUST_LIN_HIST,ADL_EXT,ACCT_CUST_LIN_HIST		,,
10-EXT-DPVTBLA-ACCT_CUST_LIN_HIST_02082018,ADL_EXT,ACCT_CUST_LIN_HIST		,,
10-EXT-DPVTBLA-ACCT_EVENT,ADL_EXT,ACCT_EVENT,,
10-EXT-DPVTBLA-ACCT_EVENT_MM,ADL_EXT,ACCT_EVENT,,
10-EXT-DPVTBLA-ACCT_FIN,ADL_EXT,ACCT_FIN	,,
10-EXT-DPVTBLA-ACCT_FIN_CHA,ADL_EXT,ACCT_FIN_CHA,,
10-EXT-DPVTBLA-ACCT_FIN_LG_LIN,ADL_EXT,ACCT_FIN_LG_LIN		                                                                            			,,
10-EXT-DPVTBLA-ACCT_FIN_LG_LIN_MM,ADL_EXT,ACCT_FIN_LG_LIN		                                                                            			,,
10-EXT-DPVTBLA-ACCT_FIN_MM,ADL_EXT,ACCT_FIN_LG_LIN		                                                                            			,,
10-EXT-DPVTBLA-ACCT_FIN_rollback,ADL_EXT,ACCT_FIN	,,
10-EXT-DPVTBLA-ACCT_FUNDS_TRANSFER,ADL_EXT,ACCT_FUNDS_TRANSFER		,,
10-EXT-DPVTBLA-ACCT_GCIS_CUST_LIN,ADL_EXT,ACCT_GCIS_CUST_LIN		,,
10-EXT-DPVTBLA-ACCT_GCIS_CUST_LIN_CUR,ADL_EXT,ACCT_GCIS_CUST_LIN_CUR,,
10-EXT-DPVTBLA-ACCT_GCIS_CUST_LIN_MM,ADL_EXT,ACCT_GCIS_CUST_LIN		,,
10-EXT-DPVTBLA-ACCT_LOAN-HIST,ADL_EXT,ACCT_LOAN,,
10-EXT-DPVTBLA-ACCT_LOAN,ADL_EXT,ACCT_LOAN ADL_EXT,,
10-EXT-DPVTBLA-ACCT_LOAN_02082018,ADL_EXT,ACCT_LOAN ADL_EXT,,
10-EXT-DPVTBLA-ACCT_LOAN_CONDUCT,ADL_EXT,ACCT_LOAN_CONDUCT	,,
10-EXT-DPVTBLA-ACCT_LOAN_CONDUCT_MM,ADL_EXT,ACCT_LOAN_CONDUCT	,,
10-EXT-DPVTBLA-ACCT_LOAN_FULL,ADL_EXT,ACCT_LOAN_FULL,,
10-EXT-DPVTBLA-ACCT_LOAN_MM,ADL_EXT,ACCT_LOAN_FULL,,
10-EXT-DPVTBLA-ACCT_MIS,ADL_EXT,ACCT_MIS		,,
10-EXT-DPVTBLA-ACCT_MIS_02082018,ADL_EXT,ACCT_MIS		,,
10-EXT-DPVTBLA-ACCT_MM,ADL_EXT,ACCT_MIS		,,
10-EXT-DPVTBLA-APPLN-HIST,ADL_EXT,APPLN		                                                                                    		,,
10-EXT-DPVTBLA-APPLN,ADL_EXT,APPLN		                                                                                    		,,
10-EXT-DPVTBLA-APPLN_FIN_ACCT-HIST,ADL_EXT,APPLN_FIN_ACCT		                                                                                    	,,
10-EXT-DPVTBLA-APPLN_FIN_ACCT,ADL_EXT,APPLN_FIN_ACCT		                                                                                    	,,
10-EXT-DPVTBLA-APPLN_FIN_ACCT_FULL,ADL_EXT,APPLN_FIN_ACCT		                                                                                    		,,
10-EXT-DPVTBLA-APPLN_FIN_LIN-HIST,ADL_EXT,APPLN_FIN_LIN		,,
10-EXT-DPVTBLA-APPLN_FIN_LIN,ADL_EXT,APPLN_FIN_LIN		                                                                                    	,,
10-EXT-DPVTBLA-APPLN_FIN_LIN_FULL,ADL_EXT,APPLN_FIN_LIN		                                                                                    		,,
10-EXT-DPVTBLA-APPLN_FULL,ADL_EXT,APPLN		                                                                                    		,,
10-EXT-DPVTBLA-BRANCH,ADL_EXT,BRANCH		                                                                            						,,
10-EXT-DPVTBLA-CFAL_REL_MAPPING,ADL_EXT,CFAL_REL_MAPPING		                                                                            			,,
10-EXT-DPVTBLA-CIS_CUST,ADL_EXT,CIS_CUST                                                                                             			,,
10-EXT-DPVTBLA-CIS_CUST_ACCT_LIN,ADL_EXT,CIS_CUST_ACCT_LIN		,,
10-EXT-DPVTBLA-CIS_CUST_ACCT_LIN_CUR,ADL_EXT,CIS_CUST_ACCT_LIN_CUR,,
10-EXT-DPVTBLA-CIS_CUST_APPLN,ADL_EXT,CIS_CUST_APPLN		,,
10-EXT-DPVTBLA-CIS_CUST_LIN,ADL_EXT,CIS_CUST_LIN		,,
10-EXT-DPVTBLA-CIS_CUST_OUTLINE,ADL_EXT,CIS_CUST_OUTLINE		,,
10-EXT-DPVTBLA-CIS_GCIS_LIN,ADL_EXT,CIS_GCIS_LIN		,,
10-EXT-DPVTBLA-CIS_NAME,ADL_EXT,CIS_NAME		,,
10-EXT-DPVTBLA-CIS_NAME_SCRUBBED,ADL_EXT,CIS_NAME_SCRUBBED,,
10-EXT-DPVTBLA-CUST,ADL_EXT,CUST				,,
10-EXT-DPVTBLA-CUST_FIN,ADL_EXT,CUST_FIN                                                                                            			,,
10-EXT-DPVTBLA-CUST_GCIS_LIN,ADL_EXT,CUST_GCIS_LIN		,,
10-EXT-DPVTBLA-CUST_OUTLINE,ADL_EXT,CUST_OUTLINE		,,
10-EXT-DPVTBLA-CX_ACCT_MTH,ADL_EXT,CX_ACCT_MTH,,
10-EXT-DPVTBLA-DDA_DEB_INT_PENALTY_CODE,ADL_EXT,DDA_DEB_INT_PENALTY_CODE					,,
10-EXT-DPVTBLA-FOLIO-HIST,ADL_EXT,FOLIO		                                                                                    		,,
10-EXT-DPVTBLA-FOLIO,ADL_EXT,FOLIO		                                                                                    		,,
10-EXT-DPVTBLA-FOLIO_SECURITY-HIST,ADL_EXT,FOLIO_SECURITY		,,
10-EXT-DPVTBLA-FOLIO_SECURITY,ADL_EXT,FOLIO_SECURITY,,
10-EXT-DPVTBLA-GCIS_CIS_LIN,ADL_EXT,GCIS_CIS_LIN		,,
10-EXT-DPVTBLA-GCIS_CUST,ADL_EXT,GCIS_CUST                                                                                             			,,
10-EXT-DPVTBLA-GCIS_CUST_LIN,ADL_EXT,GCIS_CUST_LIN		,,
10-EXT-DPVTBLA-GCIS_NAME,ADL_EXT,GCIS_NAME,,
10-EXT-DPVTBLA-INTERNAL_CRA_ACCT_LIN,ADL_EXT,INTERNAL_CRA_ACCT_LIN,,
10-EXT-DPVTBLA-LG_HIER_CENTRE,ADL_EXT,LG_HIER_CENTRE                                                                                      			,,
10-EXT-DPVTBLA-LG_HIER_CENTRE_EOP,ADL_EXT,LG_HIER_CENTRE_EOP		                                                                            			,,
10-EXT-DPVTBLA-LG_HIER_LOCATION,ADL_EXT,LG_HIER_LOCATION                                                                                      			,,
10-EXT-DPVTBLA-LG_HIER_PRODUCT,ADL_EXT,LG_HIER_PRODUCT					,,
10-EXT-DPVTBLA-LMI_LOAN,ADL_EXT,LMI_LOAN,,
10-EXT-DPVTBLA-MIS_ORG_UNIT,ADL_EXT,MIS_ORG_UNIT		,,
10-EXT-DPVTBLA-PII_CIS_NAME,ADL_EXT,PII_CIS_NAME,,
10-EXT-DPVTBLA-PII_GCIS_NAME,ADL_EXT,PII_GCIS_NAME,,
10-EXT-DPVTBLA-PROD_CATEGORY,ADL_EXT,PROD_CATEGORY               	,,
10-EXT-DPVTBLA-PROD_COA,ADL_EXT,PROD_COA               	,,
10-EXT-DPVTBLA-PROD_COA_MM,ADL_EXT,PROD_COA               	,,
10-EXT-DPVTBLA-PROD_LINE,ADL_EXT,PROD_LINE               	,,
10-EXT-DPVTBLA-RC_Expos_Comp_OCB_STG_Mth,ADL_EXT,RC_Expos_Comp_OCB_STG_Mth                                                                                             			,,
10-EXT-DPVTBLA-TRAN,ADL_EXT,TRAN		,,
10-EXT-DPVTBLA-TRAN_MM,ADL_EXT,TRAN		,,
10-EXT-DPVTBLA-ZCHA_FACILITY_LIMITS,ADL_EXT,ZCHA_FACILITY_LIMITS		,,
10-EXT-DPVTBLA-ZCLS_APPL-HIST,ADL_EXT,ZCLS_APPL		                                                                            	,,
10-EXT-DPVTBLA-ZCLS_APPL,ADL_EXT,ZCLS_APPL		                                                                            					,,
10-EXT-DPVTBLA-ZCLS_APPL_EMPLOYMENT,ADL_EXT,ZCLS_APPL_EMPLOYMENT		,,
10-EXT-DPVTBLA-ZCLS_APPL_EMPLOYMENT_MM,ADL_EXT,ZCLS_APPL_EMPLOYMENT		,,
10-EXT-DPVTBLA-ZCLS_APPL_MM,ADL_EXT,ZCLS_APPL_EMPLOYMENT		,,
10-EXT-DPVTBLA-ZCLS_CONTRACT_AFFORD-HIST,ADL_EXT,ZCLS_CONTRACT_AFFORD		                                                                       		,,
10-EXT-DPVTBLA-ZCLS_CONTRACT_AFFORD,ADL_EXT,ZCLS_CONTRACT_AFFORD		                                                                            		,,
10-EXT-DPVTBLA-ZCLS_CONTRACT_AFFORD_MM,ADL_EXT,ZCLS_CONTRACT_AFFORD		                                                                       		,,
10-EXT-DPVTBLA-ZCLS_FDTL_MORT_ACCT-HIST,ADL_EXT,ZCLS_FDTL_MORT_ACCT		,,
10-EXT-DPVTBLA-ZCLS_FDTL_MORT_ACCT,ADL_EXT,ZCLS_FDTL_MORT_ACCT,,
10-EXT-DPVTBLA-ZCLS_FDTL_MORT_ACCT_FULL,ADL_EXT,ZCLS_FDTL_MORT_ACCT		,,
10-EXT-DPVTBLA-ZCLS_FDTL_MORT_ACCT_MM,ADL_EXT,ZCLS_FDTL_MORT_ACCT		,,
10-EXT-DPVTBLA-ZCMSR_ACCT,ADL_EXT,ZCMSR_ACCT		,,
10-EXT-DPVTBLA-ZCMSR_ACCT_HIST,ADL_EXT,ZCMSR_ACCT_HIST		,,
10-EXT-DPVTBLA-ZCMSR_CUST,ADL_EXT,ZCMSR_CUST		,,
10-EXT-DPVTBLA-ZCMSR_GROUP,ADL_EXT,ZCMSR_GROUP		,,
10-EXT-DPVTBLA-ZCMS_ACCOUNT_CREDIT_RIS,ADL_EXT,ZCMS_ACCOUNT_CREDIT_RIS  	,,
10-EXT-DPVTBLA-ZCMS_ACCOUNT_SPF,ADL_EXT,ZCMS_ACCOUNT_SPF  	,,
10-EXT-DPVTBLA-ZCMS_CREDIT_CUSTOMER,ADL_EXT,ZCMS_CREDIT_CUSTOMER,,
10-EXT-DPVTBLA-ZCMS_CUSTOMER_OTHER_EXPOSURE,ADL_EXT,ZCMS_CUSTOMER_OTHER_EXPOSURE  	,,
10-EXT-DPVTBLA-ZCMS_CUSTOMER_RIS_GRADE,ADL_EXT,ZCMS_CUSTOMER_RIS_GRADE,,
10-EXT-DPVTBLA-ZCMS_MAP_ACCOUNT,ADL_EXT,ZCMS_MAP_ACCOUNT                                                                                      			,,
10-EXT-DPVTBLA-ZCMS_MAP_MASTER,ADL_EXT,ZCMS_MAP_MASTER		,,
10-EXT-DPVTBLA-ZDDA_AMFODRFT,ADL_EXT,ZDDA_AMFODRFT					,,
10-EXT-DPVTBLA-ZGCIS_BUSINESS_CUSTOMER,ADL_EXT,ZGCIS_BUSINESS_CUSTOMER,,
10-EXT-DPVTBLA-ZGCIS_CUSTOMER_PRODUCT,ADL_EXT,ZGCIS_CUSTOMER_PRODUCT  	,,
10-EXT-DPVTBLA-ZGCIS_CUSTOMER_PRODUCT_BAL,ADL_EXT,ZGCIS_CUSTOMER_PRODUCT_BAL  	,,
10-EXT-DPVTBLA-ZIPM_INDIVIDUAL_PROVISION,ADL_EXT,ZIPM_INDIVIDUAL_PROVISION,,
10-EXT-DPVTBLA-ZSOV_ACCT_MAP,ADL_EXT,vZSOV_ACCT_MAP            	,,
10-EXT-DPVTBLA-ZSOV_APPLN,ADL_EXT,ZSOV_APPLN            	,,
10-EXT-DPVTBLA-ZSOV_APPLN_LOAN_DETAIL,ADL_EXT,ZSOV_APPLN_LOAN_DETAIL            	,,
10-EXT-DPVTBLA-ZSOV_ASSET,ADL_EXT,ZSOV_ASSET,,
10-EXT-DPVTBLA-ZSOV_ASSET_CLASSIFICATION,ADL_EXT,ZSOV_ASSET_CLASSIFICATION,,
10-EXT-DPVTBLA-ZSOV_ASSET_CONSUMER_GOODS,ADL_EXT,ZSOV_ASSET_CONSUMER_GOODS,,
10-EXT-DPVTBLA-ZSOV_ASSET_MISCELLANEOUS,ADL_EXT,ZSOV_ASSET_MISCELLANEOUS,,
10-EXT-DPVTBLA-ZSOV_ASSET_VEHICLE,ADL_EXT,ZSOV_ASSET_VEHICLE,,
10-EXT-DPVTBLA-ZSOV_CLIENT_EXTENSION,ADL_EXT,ZSOV_CLIENT_EXTENSION                                                                                      	,,
10-EXT-DPVTBLA-ZSOV_CLIENT_PERSONAL_DTL,ADL_EXT,ZSOV_CLIENT_PERSONAL_DTL                                                                                      	,,
10-EXT-DPVTBLA-ZSOV_CLIENT_STMT_OF_POS_1,ADL_EXT,ZSOV_CLIENT_STMT_OF_POS_1            	,,
10-EXT-DPVTBLA-ZSOV_COMPANY_PROFILE,ADL_EXT,ZSOV_COMPANY_PROFILE                                                                                      		,,
10-EXT-DPVTBLA-ZSOV_GL_SMARTSTREAM,ADL_EXT,ZSOV_GL_SMARTSTREAM,,
10-EXT-DPVTBLA-ZSOV_LENDING_ACCT,ADL_EXT,ZSOV_LENDING_ACCT,,
10-EXT-DPVTBLA-ZSOV_LENDING_ACCT_FIN_DTL-HIST,ADL_EXT,ZSOV_LENDING_ACCT_FIN_DTL		,,
10-EXT-DPVTBLA-ZSOV_LENDING_ACCT_FIN_DTL,ADL_EXT,ZSOV_LENDING_ACCT_FIN_DTL		,,
10-EXT-DPVTBLA-ZSOV_LENDING_ACCT_FIN_DTL_ALL,ADL_EXT,ZSOV_LENDING_ACCT_FIN_DTL_ALL		,,
10-EXT-DPVTBLA-ZSOV_LENDING_TRAN,ADL_EXT,ZSOV_LENDING_TRAN,,
10-EXT-DPVTBLA-ZSOV_LOAN_ACTVITY_ORFILE,ADL_EXT,ZSOV_LOAN_ACTVITY_ORFILE		                                                                            	,,
10-EXT-DPVTBLA-ZSOV_LOAN_ACTVITY_ORFILE_02082018,ADL_EXT,ZSOV_LOAN_ACTVITY_ORFILE		                                                                            	,,
10-EXT-DPVTBLA-ZSOV_LOAN_ACTVITY_ORFILE_TESTV,ADL_EXT,ZSOV_LOAN_ACTVITY_ORFILE		                                                                            	,,
10-EXT-DPVTBLA-ZSOV_LOAN_INSTAL_BRDON-HIST,ADL_EXT,ZSOV_LOAN_INSTAL_BRDON		,,
10-EXT-DPVTBLA-ZSOV_LOAN_INSTAL_BRDON,ADL_EXT,ZSOV_LOAN_INSTAL_BRDON		,,
10-EXT-DPVTBLA-ZSOV_LOAN_INSTAL_BRDON_ALL,ADL_EXT,ZSOV_LOAN_INSTAL_BRDON_ALL		,,
10-EXT-DPVTBLA-ZSOV_ORG_UNIT,ADL_EXT,ZSOV_ORG_UNIT,,
10-EXT-DPVTBLA-ZSOV_PROD_CLIENT,ADL_EXT,ZSOV_PROD_CLIENT		                                                                            				,,
10-EXT-DPVTBLA-ZSOV_SECURITY_FOR_ACCT,ADL_EXT,ZSOV_SECURITY_FOR_ACCT,,
10-EXT-DPVTBLA-ZSOV_SOP_INC_EXPEND_ITEM,ADL_EXT,ZSOV_SOP_INC_EXPEND_ITEM            	,,
10-EXT-DPVTBLA-ZTSY_ACCOUNT,ADL_EXT,ZTSY_ACCOUNT					,,
10-EXT-DPVTBLA-ZVIP_ACCT_DELINQUENCY,ADL_EXT,ZVIP_ACCT_DELINQUENCY,,
10-EXT-DPVTBLA-ZVIP_ACCT_STATUS,ADL_EXT,ZVIP_ACCT_STATUS		  	,,
10-EXT-DPVTBLA-ZVIP_POSTED_TRAN,ADL_EXT,ZVIP_POSTED_TRAN,,
10-EXT-DPVTBLA-Zcms_Responsible_Officer,ADL_EXT,Zcms_Responsible_Officer		,,
10-EXT-DPVTBLA-Zcms_customer_group,ADL_EXT,zcms_customer_group		,,
10-EXT-DPVTCSA-ZTCS_ACCT_INFO-HIST,ADL_EXT,ZTCS_ACCT_INFO	,,
10-EXT-DPVTCSA-ZTCS_ACCT_INFO,ADL_EXT,ZTCS_ACCT_INFO		,,
10-EXT-EAD_PRODUCT_GROUP_MAPPING_IB,ADL_EXT,EAD_PRODUCT_GROUP_MAPPING_IB,,
10-EXT-EP1ABASE-BASE_EXT_BC_N_CD_CUSTOMER_H,ADL_EXT,BASE_EXT_BC_N_CD_CUSTOMER_H,,
10-EXT-EP1ABASE-BASE_EXT_BC_N_COLLATERALS_H,ADL_EXT,BASE_EXT_BC_N_COLLATERALS_H,,
10-EXT-EP1ABASE-BASE_RA_ACCOUNT,ADL_EXT,BASE_RA_ACCOUNT,,
10-EXT-EP1ABASE-BASE_ROLLUP_SECURITY_MAPPING,ADL_EXT,BASE_ROLLUP_SECURITY_MAPPING,,
10-EXT-EP1VIEA-ARMT_GD_LIN,ADL_EXT,ARMT_GD_LIN	                                                                                       	,,
10-EXT-EP1VIEA-CCR_PARTY_ARMT_LIN,ADL_EXT,CCR_PARTY_ARMT_LIN	                                                                                       	,,
10-EXT-EP1VIEA-CCR_PARTY_PSN,ADL_EXT,CCR_PARTY_PSN	                                                                                       	,,
10-EXT-EP1VIEA-CCR_PARTY_PSTADDR_LIN,ADL_EXT,CCR_PARTY_PSTADDR_LIN	                                                                                       	,,
10-EXT-EP1VIEA-CCR_PSTADDR,ADL_EXT,CCR_PSTADDR                                                                                      	,,
10-EXT-EP1VIEA-CCR_ZGCM_IP_PSN,ADL_EXT,CCR_ZGCM_IP_PSN                                                                                        		,,
10-EXT-EP1VIEA-CCR_ZVPS_Cardholder,ADL_EXT,CCR_ZVPS_Cardholder	                                                                                       	,,
10-EXT-EP1VIEA-PARTY_ARMT_LIN,ADL_EXT,PARTY_ARMT_LIN	                                                                                       	,,
10-EXT-EP1VIEA-PARTY_PSN,ADL_EXT,PARTY_PSN	                                                                                       	,,
10-EXT-EP1VIEA-PARTY_PSTADDR_LIN,ADL_EXT,PARTY_PSTADDR_LIN	                                                                                       	,,
10-EXT-EP1VIEA-PSTADDR,ADL_EXT,PSTADDR                                                                                      	,,
10-EXT-EP1VIEA-ZATV_CARD_TRAN_EXTENSION,ADL_EXT,ZATV_CARD_TRAN_EXTENSION,,
10-EXT-EP1VIEA-ZATV_COMMON_TRAN,ADL_EXT,ZATV_COMMON_TRAN		,,
10-EXT-EP1VIEA-ZGCM_IP_CL_RLTNP,ADL_EXT,ZGCM_IP_CL_RLTNP,,
10-EXT-EP1VIEA-ZGCM_IP_PSN,ADL_EXT,ZGCM_IP_PSN                                                                                        		,,
10-EXT-EP1VIEA-ZMDM_ENTITY,ADL_EXT,ZMDM_ENTITY		,,
10-EXT-EP1VIEA-ZNEX_ACCOUNT,ADL_EXT,ZNEX_ACCOUNT		                                                                                       	,,
10-EXT-EP1VIEA-ZNEX_ENTITY,ADL_EXT,ZNEX_ENTITY		                                                                                       	,,
10-EXT-EP1VIEA-ZNEX_LOAN,ADL_EXT,ZNEX_LOAN		                                                                                       	,,
10-EXT-EP1VIEA-ZNEX_SECURITY,ADL_EXT,ZNEX_SECURITY		                                                                                       	,,
10-EXT-EP1VIEA-ZPOS_TRANSACTION,ADL_EXT,ZPOS_TRANSACTION		,,
10-EXT-EP1VIEA-ZRBD_PA_PPC_DETAIL,ADL_EXT,ZRBD_PA_PPC_DETAIL				,,
10-EXT-EP1VIEA-ZRMS_CUSTOMER,ADL_EXT,ZRMS_CUSTOMER	                                                                                       	,,
10-EXT-EP1VIEA-ZRMS_LOAN_ACCOUNT,ADL_EXT,ZRMS_LOAN_ACCOUNT		                                                                                       	,,
10-EXT-EP1VIEA-ZRMS_LOAN_SECURITY_LIN,ADL_EXT,ZRMS_LOAN_SECURITY_LIN	                                                                                       	,,
10-EXT-EP1VIEA-ZRMS_SECURITY,ADL_EXT,ZRMS_SECURITY		                                                                                       	,,
10-EXT-EP1VIEA-ZSD_ZTSY_ACCOUNT,ADL_EXT,ZSD_ZTSY_ACCOUNT					,,
10-EXT-EP1VIEA-ZVPS_ACQUIRING_TRANSACTION,ADL_EXT,ZVPS_ACQUIRING_TRANSACTION		,,
10-EXT-EP1VIEA-ZVPS_CARDHOLDER,ADL_EXT,ZVPS_CARDHOLDER		                                                                                       	,,
10-EXT-EP1VIEA-ZVPS_Cardholder_Fin,ADL_EXT,ZVPS_Cardholder_Fin	                                                                                       	,,
10-EXT-EP1VIEA-ZVPS_SGB_VISA_DEBIT_TRAN,ADL_EXT,ZVPS_SGB_VISA_DEBIT_TRAN		,,
10-EXT-EP1VIEA-ZVPS_TRANSACTION,ADL_EXT,ZVPS_TRANSACTION		,,
10-EXT-EP1VIEA-ZGD_ACCT_ALL_COF_M_HIST,ADL_EXT,ZGD_ACCT_ALL_COF_M_HIST		,,
10-EXT-EP1VIEA-ZGD_ALL_ACCT_M_HIST,ADL_EXT,ZGD_ALL_ACCT_M_HIST			,,
10-EXT-EP1VIEA-ZGD_CB_FACILITIES_M_HIST,ADL_EXT,ZGD_CB_FACILITIES_M_HIST		,,
10-EXT-EP1VIEA-ZGD_TB__HIST,ADL_EXT,ZGD_TB__HIST					,,
10-EXT-EP1VIED-ZTDM_FTP_CUSTACCT,ADL_EXT,ZTDM_FTP_CUSTACCT,,
10-EXT-EP1VIED-ZTDM_FTP_CUSTACCT_MTH,ADL_EXT,ZTDM_FTP_CUSTACCT_MTH,,
10-EXT-GL_LEGAL_ENTITY_MAP,ADL_EXT,GL_LEGAL_ENTITY_MAP,,
10-EXT-IAP,ADL_EXT,IAP,,
10-EXT-IMPARIED,ADL_EXT,IMPAIRED,,
10-EXT-LAMD,ADL_EXT,LAMD,,
10-EXT-LFEED,ADL_EXT,LFEED,,
10-EXT-LOAMSD,ADL_EXT,LOAMSD,,
10-EXT-NE_RAMS_FEED,ADL_EXT,NE_RAMS_FEED,,
10-EXT-NEXUS_ACCOUNT_ALL,ADL_EXT,SGBPEL,,
10-EXT-NEXUS_LOAN_ALL,ADL_EXT,SGBPEL,,
10-EXT-N-D_CNCY_DIM,ADL_EXT,D_CNCY_DIM		,,
10-EXT-N-D_CR_FCLY_AR_DIM,ADL_EXT,D_CR_FCLY_AR_DIM                                                                                         		,,
10-EXT-N-D_CR_FCLY_AR_DIM_ACCTID_V,ADL_EXT,D_CR_FCLY_AR_DIM_ACCTID_V				,,
10-EXT-N-D_CR_IP_DIM,ADL_EXT,D_CR_IP_DIM                                                                                         			,,
10-EXT-N-D_CR_IP_DIM_CUSTID_V,ADL_EXT,D_CR_IP_DIM_CUSTID_V				,,
10-EXT-N-D_CR_IP_GRP_DIM,ADL_EXT,D_CR_IP_GRP_DIM				,,
10-EXT-N-D_CR_RIS_ASSET_SUBCLASS_DIM,ADL_EXT,D_CR_RIS_ASSET_SUBCLASS_DIM                                                                                        		,,
10-EXT-N-D_EXCH_RATE_FACT,ADL_EXT,D_EXCH_RATE_FACT		,,
10-EXT-N-D_GRP_CR_FCLY_AR_FACT,ADL_EXT,D_GRP_CR_FCLY_AR_FACT,,
10-EXT-N-D_GRP_CR_FCLY_RPRT_FACT,ADL_EXT,D_GRP_CR_FCLY_RPRT_FACT				,,
10-EXT-N-D_PDCT_DIM,ADL_EXT,D_PDCT_DIM                                                                                         			,,
10-EXT-N-D_RIS_GRADE_REF,ADL_EXT,D_RIS_GRADE_REF                                                                                       		,,
10-EXT-N-N_ACCOUNT_ADDRESSES,ADL_EXT,N_ACCOUNT_ADDRESSES,,
10-EXT-N-N_ACCOUNT_LOAN_GRADES,ADL_EXT,N_ACCOUNT_LOAN_GRADES			,,
10-EXT-N-N_ACCOUNT_LOSSES,ADL_EXT,N_ACCOUNT_LOSSES		,,
10-EXT-N-N_BRANCHES,ADL_EXT,N_BRANCHES                                                                                      				,,
10-EXT-N-N_CB_FACILITIES_M_HIST,ADL_EXT,N_CB_FACILITIES_M_HIST		,,
10-EXT-N-N_CCBHAV_CYCL_M_HIST_V,ADL_EXT,N_CCBHAV_CYCL_M_HIST,,
10-EXT-N-N_CC_ASSOCIATED_CARD_NUMBER,ADL_EXT,N_CC_ASSOCIATED_CARD_NUMBER,,
10-EXT-N-N_CD_CUSTOMER_V,ADL_EXT,N_CD_CUSTOMER_V		,,
10-EXT-N-N_CIF_ACCOUNT_M_HIST,ADL_EXT,N_CIF_ACCOUNT_M_HIST                                                                                         	,,
10-EXT-N-N_CIF_FACILTY_M_HIST,ADL_EXT,N_CIF_FACILTY_M_HIST				,,
10-EXT-N-N_CIF_FACILTY_M_HIST_20180801,ADL_EXT,N_CIF_FACILTY_M_HIST				,,
10-EXT-N-N_CLOANFIX_M_HIST,ADL_EXT,N_CLOANFIX_M_HIST				,,
10-EXT-N-N_CLOANFIX_TRAN_HIST,ADL_EXT,N_CLOANFIX_TRAN_HIST			,,
10-EXT-N-N_COLLATERALS,ADL_EXT,N_COLLATERALS		,,
10-EXT-N-N_COLL_ACCOUNTS_HIST,ADL_EXT,N_COLL_ACCOUNTS_HIST		,,
10-EXT-N-N_COLL_AC_ACTIVITIES_HIST,ADL_EXT,N_COLL_AC_ACTIVITIES_HIST				,,
10-EXT-N-N_COMM_BILL_M_HIST,ADL_EXT,N_COMM_BILL_M_HIST			,,
10-EXT-N-N_CONNECTIONS_M_HIST,ADL_EXT,N_CONNECTIONS_M_HIST		,,
10-EXT-N-N_CONN_CUST_M_HIST,ADL_EXT,N_CONN_CUST_M_HIST,,
10-EXT-N-N_CONSUMER_LOAN_ACCOUNTS_FIX,ADL_EXT,N_CONSUMER_LOAN_ACCOUNTS_FIX	,,
10-EXT-N-N_CORPORATE_CARDS,ADL_EXT,N_CORPORATE_CARDS				,,
10-EXT-N-N_CRDT_CARD_M_HIST,ADL_EXT,N_CRDT_CARD_M_HIST		,,
10-EXT-N-N_CREDIENT_ACCT_M_HIST,ADL_EXT,N_CREDIENT_ACCT_M_HIST		,,
10-EXT-N-N_CREDIENT_ACCT_M_HIST_V,ADL_EXT,N_CREDIENT_ACCT_M_HIST_V		,,
10-EXT-N-N_CREDIT_APPL_LOANS,ADL_EXT,N_CREDIT_APPL_LOANS,,
10-EXT-N-N_CRS_CUSTOMER_NAME_ADRS,ADL_EXT,N_CRS_CUSTOMER_NAME_ADRS		,,
10-EXT-N-N_CRS_CUST_M_HIST,ADL_EXT,N_CRS_CUST_M_HIST                                                                                         	,,
10-EXT-N-N_CR_ACCT_M_HIST,ADL_EXT,N_CR_ACCT_M_HIST				,,
10-EXT-N-N_CR_BASEL_PRODUCTS_PARM,ADL_EXT,N_CR_BASEL_PRODUCTS_PARM		,,
10-EXT-N-N_CR_BUSN_UNIT_PARM,ADL_EXT,N_CR_BUSN_UNIT_PARM			,,
10-EXT-N-N_CR_CUST_M_HIST,ADL_EXT,N_CR_CUST_M_HIST					,,
10-EXT-N-N_CR_IFRS_RIS_GRADE_REF,ADL_EXT,N_CR_IFRS_RIS_GRADE_REF	                                                                         			,,
10-EXT-N-N_CR_UNSC_INVT_NUMB_PARM_REF,ADL_EXT,N_CR_UNSC_INVT_NUMB_PARM_REF		,,
10-EXT-N-N_CUSTOMERS_ACCOUNTS_CURRENT,ADL_EXT,N_CUSTOMERS_ACCOUNTS_CURRENT		,,
10-EXT-N-N_CUSTOMERS_ACCOUNTS_FULL,ADL_EXT,N_CUSTOMERS_ACCOUNTS_FULL		                                                                            	,,
10-EXT-N-N_CUSTOMERS_ACCOUNTS_FULL_CUR,ADL_EXT,N_CUSTOMERS_ACCOUNTS_FULL_CUR,,
10-EXT-N-N_CUSTOMER_NAME_ADRS,ADL_EXT,N_CUSTOMER_NAME_ADRS,,
10-EXT-N-N_CUST_M_HIST,ADL_EXT,N_CUST_M_HIST					,,
10-EXT-N-N_DEBIT_CARD_TRAN_M_SNAP,ADL_EXT,N_DEBIT_CARD_TRAN_M_SNAP,,
10-EXT-N-N_DEBTOR_FIN_M_HIST,ADL_EXT,N_DEBTOR_FIN_M_HIST			,,
10-EXT-N-N_DS_CUSTOMER_M_HIST,ADL_EXT,N_DS_CUSTOMER_M_HIST                                                                                         	,,
10-EXT-N-N_EXCHANGE_RATE_M_HIST,ADL_EXT,N_EXCHANGE_RATE_M_HIST			,,
10-EXT-N-N_GL_ACTUAL_FRGN_HIST,ADL_EXT,N_GL_ACTUAL_FRGN_HIST		,,
10-EXT-N-N_GL_ACTUAL_HIST,ADL_EXT,N_GL_ACTUAL_HIST		,,
10-EXT-N-N_INDUSTRY,ADL_EXT,N_INDUSTRY				,,
10-EXT-N-N_LEASE_BUL_LIMT_M_HIST,ADL_EXT,N_LEASE_BUL_LIMT_M_HIST		,,
10-EXT-N-N_LEASE_BUL_LIMT_M_HIST_V,ADL_EXT,N_LEASE_BUL_LIMT_M_HIST_V	,,
10-EXT-N-N_LEASE_INSTALMENTS,ADL_EXT,N_LEASE_INSTALMENTS			,,
10-EXT-N-N_LEASE_M_HIST,ADL_EXT,N_LEASE_M_HIST				,,
10-EXT-N-N_LI_ALL_M_HIST,ADL_EXT,N_LI_ALL_M_HIST				,,
10-EXT-N-N_LI_FCLY_ALL_M_HIST,ADL_EXT,N_LI_FCLY_ALL_M_HIST			,,
10-EXT-N-N_MANAGERS_M_HIST,ADL_EXT,N_MANAGERS_M_HIST				,,
10-EXT-N-N_MARGIN_LENDING_M_HIST,ADL_EXT,N_MARGIN_LENDING_M_HIST		,,
10-EXT-N-N_MD_CU_LIMIT_M_HIST,ADL_EXT,N_MD_CU_LIMIT_M_HIST                                                                                         	,,
10-EXT-N-N_MD_FCA_M_HIST,ADL_EXT,N_MD_FCA_M_HIST                                                                                         		,,
10-EXT-N-N_MD_MONY_MT_M_HIST,ADL_EXT,N_MD_MONY_MT_M_HIST                                                                                         	,,
10-EXT-N-N_MERCH_M_HIST,ADL_EXT,N_MERCH_M_HIST				,,
10-EXT-N-N_MERCH_M_HIST_PREV,ADL_EXT,N_MERCH_M_HIST				,,
10-EXT-N-N_MI_DAILY_FX_RATE,ADL_EXT,N_MSS_SECURITY_DETAILS_M_HIST,,
10-EXT-N-N_ML_FCLT_M_HIST_V,ADL_EXT,N_ML_FCLT_M_HIST_V		                                                                            		,,
10-EXT-N-N_MRTG_LOAN_M_HIST,ADL_EXT,N_MRTG_LOAN_M_HIST		,,
10-EXT-N-N_MRTG_LOAN_M_HIST_MM,ADL_EXT,N_MRTG_LOAN_M_HIST		,,
10-EXT-N-N_MSS_SECURITY_ASSETS_M_HIST,ADL_EXT,N_MSS_SECURITY_ASSETS_M_HIST                                                                         			,,
10-EXT-N-N_MSS_SECURITY_DETAILS_M_HIST,ADL_EXT,N_MSS_SECURITY_DETAILS_M_HIST,,
10-EXT-N-N_MSS_SECURITY_DETAILS_M_TEST,ADL_EXT,N_MSS_SECURITY_DETAILS_M_HIST,,
10-EXT-N-N_NC_CARD_M_HIST,ADL_EXT,N_NC_CARD_M_HIST                                                                                         		,,
10-EXT-N-N_NZ_ACCTSEGM_M_HIST,ADL_EXT,N_NZ_ACCTSEGM_M_HIST                                                                                         	,,
10-EXT-N-N_NZ_PROPERTY_ASSET_ADDRESS,ADL_EXT,N_NZ_PROPERTY_ASSET_ADDRESS		,,
10-EXT-N-N_NZ_PROPERTY_ASSET_ADDRESS_BP,ADL_EXT,N_NZ_PROPERTY_ASSET_ADDRESS		,,
10-EXT-N-N_NZ_PROPERTY_ASSET_M_HIST,ADL_EXT,N_NZ_PROPERTY_ASSET_M_HIST                                                                                         	,,
10-EXT-N-N_NZ_SECURITY_ACCOUNT,ADL_EXT,N_NZ_SECURITY_ACCOUNT			,,
10-EXT-N-N_ORGANISATION_UNIT_RELATIONS,ADL_EXT,N_ORGANISATION_UNIT_RELATIONS,,
10-EXT-N-N_ORGANISATION_UNIT_STRUCTURE,ADL_EXT,N_ORGANISATION_UNIT_STRUCTURE,,
10-EXT-N-N_PBLM_ACCOUNTING,ADL_EXT,N_PBLM_ACCOUNTING				,,
10-EXT-N-N_PBLM_CFL_ACCT_ALLOC,ADL_EXT,N_PBLM_CFL_ACCT_ALLOC,,
10-EXT-N-N_PBLM_CUST_M_HIST,ADL_EXT,N_PBLM_CUST_M_HIST				,,
10-EXT-N-N_PBLM_GRP_STGY_M_HIST,ADL_EXT,N_PBLM_GRP_STGY_M_HIST				,,
10-EXT-N-N_PRODUCTS,ADL_EXT,N_PRODUCTS				,,
10-EXT-N-N_PRODUCT_RELATIONS,ADL_EXT,N_PRODUCT_RELATIONS		,,
10-EXT-N-N_PZ_ACCOUNT_M_HIST,ADL_EXT,N_PZ_ACCOUNT_M_HIST                                                                                         	,,
10-EXT-N-N_RAMS_ACCT_M_HIST,ADL_EXT,N_RAMS_ACCT_M_HIST		,,
10-EXT-N-N_REMNGRCU_M_SNAP,ADL_EXT,N_REMNGRCU_M_SNAP		,,
10-EXT-N-N_RP_TF_M_HIST,ADL_EXT,N_RP_TF_M_HIST				,,
10-EXT-N-N_RP_TF_M_HIST_20180801,ADL_EXT,N_RP_TF_M_HIST				,,
10-EXT-N-N_SECURITY_QUALITY_INDICATORS,ADL_EXT,N_SECURITY_QUALITY_INDICATORS,,
10-EXT-N-N_SETO_BALANCES_M_HIST,ADL_EXT,N_SETO_BALANCES_M_HIST		,,
10-EXT-N-N_SETO_NETACCT_M_HIST,ADL_EXT,N_SETO_NETACCT_M_HIST		,,
10-EXT-N-N_TB_FCA_M_HIST,ADL_EXT,N_TB_FCA_M_HIST		,,
10-EXT-N-N_TB_M_HIST,ADL_EXT,N_TB_M_HIST		                                                                                       		,,
10-EXT-N-N_TERM_DEP_M_HIST,ADL_EXT,N_TERM_DEP_M_HIST	,,
10-EXT-N-N_TF_LIMITS_M_HIST,ADL_EXT,N_TF_LIMITS_M_HIST				,,
10-EXT-N-N_TF_M_HIST,ADL_EXT,N_TF_M_HIST			,,
10-EXT-N-N_TRANSACTION_CODES,ADL_EXT,N_TRANSACTION_CODES,,
10-EXT-N-N_VALUE_TRAN_HIST,ADL_EXT,N_VALUE_TRAN_HIST,,
10-EXT-OLD_RAMS_FEED,ADL_EXT,OLD_RAMS_FEED,,
10-EXT-PB_FACILITY_ECL,ADL_EXT,PB_FACILITY_ECL,,
10-EXT-PRODUCT_DESC,ADL_EXT,PRODUCT_DESC,,
10-EXT-RPT_PORTFOLIO_SUB_CODE_DESC_MAP,ADL_EXT,OLD_RAMS_FEED,,
10-EXT-SDFEEPD,ADL_EXT,SDFEEPD,,
10-EXT-GL_BGI_MAPPING,ADL_EXT,GL_BGI_MAPPING,,
10-EXT-IB_CUSTOMER,ADL_EXT,IB_CUSTOMER,,
10-EXT-IB_CUSTOMER_DLY,ADL_EXT,ED_CUSTOMER,,
10-EXT-IB_FACILITY,ADL_EXT,IB_FACILITY,,
10-EXT-IB_FACILITY_DLY,ADL_EXT,ED_FACILITY,,
10-EXT-IB_GROUP,ADL_EXT,IB_GROUP,,
10-EXT-IB_GROUP_DLY,ADL_EXT,ED_GROUP,,
10-EXT-IB_PRODUCT,ADL_EXT,IB_PRODUCT,,
10-EXT-IB_PRODUCT_DLY,ADL_EXT,ED_PRODUCT,,
10-EXT-IB_SUB_FACILITY,ADL_EXT,IB_SUB_FACILITY,,
10-EXT-IB_SUB_FACILITY_DLY,ADL_EXTD,ED_SUB_FACILITY,,
10-EXT-IB_SUB_GROUP,ADL_EXT,IB_SUB_GROUP,,
10-EXT-IB_SUB_GROUP_DLY,ADL_EXTD,ED_SUB_GROUP,,
10-EXT-NZ_ECL_INPUT,ADL_EXT,NZ_ECL_Input,,
20-BSE-V-BASE_ROLLUP_SECURITY_MAPPING,ADL_EXT,BASE_ROLLUP_SECURITY_MAPPING,,
