Flow name,Sub Flow Name, Job name,Tablename,Control+M flow
CE_EDW_RAD_EXT_P1,,10-EXT-EWP1VIEWA-ZRMS_LOAN_ACCOUNT,ZRMS_LOAN_ACCOUNT,CESASMEDWRAD003
CE_EDW_RAD_EXT_P1,,10-EXT-EWP1VIEWA-ZRMS_LOAN_SECURITY_LINK,ZRMS_LOAN_SECURITY_LINK,CESASMEDWRAD003
CE_EDW_RAD_EXT_P1,,10-EXT-EWP1VIEWA-ZRMS_SECURITY,ZRMS_SECURITY,CESASMEDWRAD003
CE_EDW_RAD_EXT_P1,,10-EXT-EWP1VIEWA-CCR_ZVPS_Cardholder,CCR_ZVPS_Cardholder,CESASMEDWRAD003
CE_EDW_RAD_EXT_P1,,10-EXT-EWP1VIEWA-PARTY_ARMT_LINK,PARTY_ARMT_LINK,CESASMEDWRAD003
CE_EDW_RAD_EXT_P1,,10-EXT-EWP1VIEWA-ZNEX_ACCOUNT,ZNEX_ACCOUNT,CESASMEDWRAD003
CE_EDW_RAD_EXT_P1,,10-EXT-EWP1VIEWA-ZNEX_ENTITY,ZNEX_ENTITY,CESASMEDWRAD003
CE_EDW_RAD_EXT_P1,,10-EXT-EWP1VIEWA-ZNEX_LOAN,ZNEX_LOAN,CESASMEDWRAD003
CE_EDW_RAD_EXT_P1,,10-EXT-EWP1VIEWA-ZNEX_SECURITY,ZNEX_SECURITY,CESASMEDWRAD003
CE_EDW_RAD_EXT_P1,,10-EXT-EWP1VIEWA-ZRMS_CUSTOMER,ZRMS_CUSTOMER,CESASMEDWRAD003
CE_EDW_RAD_EXT_P1,,10-EXT-EWP1VIEWD-ZTDM_FTP_CUSTACCT,ZTDM_FTP_CUSTACCT,CESASMEDWRAD003
CE_EDW_RAD_EXT_P2,,10-EXT-EWP1VIEWA-ZMDM_ENTITY,ZMDM_ENTITY,CESASMEDWRAD006
CE_EDW_RAD_EXT_P2,,10-EXT-EWP1VIEWA-ZATV_CARD_TRAN_EXTENSION,ZATV_CARD_TRAN_EXTENSION,CESASMEDWRAD006
CE_EDW_RAD_EXT_P2,,10-EXT-EWP1VIEWA-ZATV_COMMON_TRAN,ZATV_COMMON_TRAN,CESASMEDWRAD006
CE_EDW_RAD_EXT_P2,,10-EXT-EWP1VIEWA-ZVPS_ACQUIRING_TRANSACTION,ZVPS_ACQUIRING_TRANSACTION,CESASMEDWRAD006
CE_EDW_RAD_EXT_P2,,10-EXT-EWP1VIEWA-ZVPS_SGB_VISA_DEBIT_TRAN,ZVPS_SGB_VISA_DEBIT_TRAN,CESASMEDWRAD006
CE_EDW_RAD_EXT_P2,,10-EXT-EWP1VIEWA-ZVPS_TRANSACTION,ZVPS_TRANSACTION,CESASMEDWRAD006
CE_EDW_RAD_EXT_P2,,10-EXT-EWP1VIEWD-ZTDM_FTP_CUSTACCT_MTH,ZTDM_FTP_CUSTACCT_MTH,CESASMEDWRAD006
CE_EDW_RAD_EXT_P2,,10-EXT-EWP1VIEWA-CCR_PARTY_PSN,CCR_PARTY_PSN,CESASMEDWRAD006
CE_EDW_RAD_EXT_P2,,10-EXT-EWP1VIEWA-CCR_PARTY_PSTADDR_LINK,CCR_PARTY_PSTADDR_LINK,CESASMEDWRAD006
CE_EDW_RAD_EXT_P2,,10-EXT-EWP1VIEWA-CCR_PSTADDR,CCR_PSTADDR,CESASMEDWRAD006
CE_EDW_RAD_EXT_P2,,10-EXT-EWP1VIEWA-PARTY_PSN,PARTY_PSN,CESASMEDWRAD006
CE_EDW_RAD_EXT_P2,,10-EXT-EWP1VIEWA-PARTY_PSTADDR_LINK,PARTY_PSTADDR_LINK,CESASMEDWRAD006
CE_EDW_RAD_EXT_P2,,10-EXT-EWP1VIEWA-PSTADDR,PSTADDR,CESASMEDWRAD006
CE_EDW_RAD_EXT_P2,,10-EXT-EWP1VIEWA-ZVPS_Cardholder_Fin,ZVPS_Cardholder_Fin,CESASMEDWRAD006
CE_EDW_RAD_EXT_P2,,10-EXT-EWP1VIEWA-CCR_ZGCM_IP_PSN,CCR_ZGCM_IP_PSN,CESASMEDWRAD006
CE_EDW_RAD_EXT_P2,,10-EXT-EWP1VIEWA-CCR_ZVPS_Cardholder_Fin,CCR_ZVPS_Cardholder_Fin,CESASMEDWRAD006
CE_EDW_RAD_EXT_P2,,10-EXT-EWP1VIEWA-ZGCM_IP_PSN,ZGCM_IP_PSN,CESASMEDWRAD006
CE_EDW_RAD_EXT_P2,,10-EXT-EWP1VIEWA-ZPOS_TRANSACTION,ZPOS_TRANSACTION,CESASMEDWRAD006
CE_EDW_RAD_EXT_P2,,10-EXT-EWP1VIEWA-ARMT_GDW_LINK,ARMT_GDW_LINK,CESASMEDWRAD006
CE_EDW_RAD_POL_P1,,00-CTL-XDW_RAD_POLL_EDW_P1,,CESASMEDWRAD002
CE_EDW_RAD_POL_P2,,00-CTL-XDW_RAD_POLL_EDW_P2,,CESASMEDWRAD005
CE_INB_RAD_EXT_P1,CE_INB_BFN_RAD_EXT_P1,10-EXT-BF_COLLATERALALLOCDETAILS,BF_COLLATERALALLOCDETAILS,
CE_INB_RAD_EXT_P1,CE_INB_BFN_RAD_EXT_P1,10-EXT-BF_COLLATERALDETAILS,BF_COLLATERALDETAILS,
CE_INB_RAD_EXT_P1,CE_INB_BFN_RAD_EXT_P1,10-EXT-BF_CUSTEXTN,BF_CUSTEXTN,
CE_INB_RAD_EXT_P1,CE_INB_BFN_RAD_EXT_P1,10-EXT-BF_DEALLEVELBALS,BF_DEALLEVELBALS,
CE_INB_RAD_EXT_P1,CE_INB_BFN_RAD_EXT_P1,10-EXT-BF_LENDFCLTY,BF_LENDFCLTY,
CE_INB_RAD_EXT_P1,CE_INB_BFN_RAD_EXT_P1,10-EXT-BF_LOANDRAWING,BF_LOANDRAWING,
CE_INB_RAD_EXT_P1,CE_INB_BFN_RAD_EXT_P1,10-EXT-LOAMSDK,LOAMSDK,
CE_INB_RAD_EXT_P1,CE_INB_BFN_RAD_EXT_P1,10-EXT-WGL_BGI_MAPPING,WGL_BGI_MAPPING,
CE_INB_RAD_EXT_P2,CE_INB_BFN_RAD_EXT_P2,10-EXT-BF_CCYDESCRIPTION,BF_CCYDESCRIPTION,
CE_INB_RAD_EXT_P2,CE_INB_BFN_RAD_EXT_P2,10-EXT-BF_CUST,BF_CUST,
CE_INB_RAD_EXT_P2,CE_INB_BFN_RAD_EXT_P2,10-EXT-BF_LOANACTIVITY,BF_LOANACTIVITY,
CE_INB_RAD_EXT_P2,CE_INB_BFN_RAD_EXT_P2,10-EXT-BF_LOANDEPOSIT,BF_LOANDEPOSIT,
CE_INB_RAD_EXT_P2,CE_INB_BFN_RAD_EXT_P2,10-EXT-BF_LOANDRAWINGEXTN,BF_LOANDRAWINGEXTN,
CE_INB_RAD_EXT_P2,CE_INB_BFN_RAD_EXT_P2,10-EXT-SDFEEPD,SDFEEPD,
CE_INB_RAD_EXT_P1,CE_INB_CFL_RAD_EXT_P1,10-EXT-CFAL-CFAL_CRGS_ASSESSMENT,CFAL_CRGS_ASSESSMENT,
CE_INB_RAD_EXT_P1,CE_INB_CFL_RAD_EXT_P1,10-EXT-CFAL-CFAL_CRGS_CUSTOMER,CFAL_CRGS_CUSTOMER,
CE_INB_RAD_EXT_P1,CE_INB_CFL_RAD_EXT_P1,10-EXT-CFAL-CFAL_CRGS_OVERRIDESCORE,CFAL_CRGS_OVERRIDESCORE,
CE_INB_RAD_EXT_P1,CE_INB_CFL_RAD_EXT_P1,10-EXT-CFAL-CFAL_DP_T_APLCNT,CFAL_DP_T_APLCNT,
CE_INB_RAD_EXT_P1,CE_INB_CFL_RAD_EXT_P1,10-EXT-CFAL-CFAL_DP_T_APP_RUN,CFAL_DP_T_APP_RUN,
CE_INB_RAD_EXT_P1,CE_INB_CFL_RAD_EXT_P1,10-EXT-CFAL-CFAL_DP_T_APP,CFAL_DP_T_APP,
CE_INB_RAD_EXT_P1,CE_INB_CFL_RAD_EXT_P1,10-EXT-CFAL-CFAL_DP_T_BU_INCORP,CFAL_DP_T_BU_INCORP,
CE_INB_RAD_EXT_P1,CE_INB_CFL_RAD_EXT_P1,10-EXT-CFAL-CFAL_DP_T_BU_RSPN,CFAL_DP_T_BU_RSPN,
CE_INB_RAD_EXT_P1,CE_INB_CFL_RAD_EXT_P1,10-EXT-CFAL-CFAL_DP_T_CFAL_TC_EQUMNT,CFAL_DP_T_CFAL_TC_EQUMNT,
CE_INB_RAD_EXT_P1,CE_INB_CFL_RAD_EXT_P1,10-EXT-CFAL-CFAL_DP_T_MV_VHCL,CFAL_DP_T_MV_VHCL,
CE_INB_RAD_EXT_P1,CE_INB_CFL_RAD_EXT_P1,10-EXT-CFAL-CFAL_DP_T_PARTY_ADDR,CFAL_DP_T_PARTY_ADDR,
CE_INB_RAD_EXT_P1,CE_INB_CFL_RAD_EXT_P1,10-EXT-CFAL-CFAL_DP_T_SEC,CFAL_DP_T_SEC,
CE_INB_RAD_EXT_P1,CE_INB_CFL_RAD_EXT_P1,10-EXT-CFAL-CFAL_EQUIP_EXTRACT_MONTHLY,CFAL_EQUIP_EXTRACT_MONTHLY,
CE_INB_RAD_EXT_P1,CE_INB_CFL_RAD_EXT_P1,10-EXT-CFAL-CFAL_MIS_BASEL,CFAL_MIS_BASEL,
CE_INB_RAD_EXT_P1,CE_INB_CFL_RAD_EXT_P1,10-EXT-CFAL-CFAL_MIS_LOAN_2,CFAL_MIS_LOAN_2,
CE_INB_RAD_EXT_P1,CE_INB_CFL_RAD_EXT_P1,10-EXT-CFAL-CFAL_MIS_LOAN_SCHEDULE,CFAL_MIS_LOAN_SCHEDULE,
CE_INB_RAD_EXT_P1,CE_INB_CFL_RAD_EXT_P1,10-EXT-CFAL-CFAL_MIS_MONTHLY_TREND,CFAL_MIS_MONTHLY_TREND,
CE_INB_RAD_EXT_P1,CE_INB_CFL_RAD_EXT_P1,10-EXT-CFAL-CFAL_PMS_EXTRACT_LATESTPROV,CFAL_PMS_EXTRACT_LATESTPROV,
CE_INB_RAD_EXT_P1,CE_INB_CFL_RAD_EXT_P1,10-EXT-CFAL-EQUIP_EXTRACT_MONTHLY_INTERIM,EQUIP_EXTRACT_MONTHLY_INTERIM,
CE_INB_RAD_EXT_P1,CE_INB_CFL_RAD_EXT_P1,11-FXT-CFAL_CFAL_DP_T_MV_VHCL,CFAL_CFAL_DP_T_MV_VHCL,
CE_INB_RAD_EXT_P1,CE_INB_CFL_RAD_EXT_P1,11-FXT-CFAL_DP_T_APLCNT,CFAL_DP_T_APLCNT,
CE_INB_RAD_EXT_P1,CE_INB_CFL_RAD_EXT_P1,11-FXT-CFAL_DP_T_APP_RUN,CFAL_DP_T_APP_RUN,
CE_INB_RAD_EXT_P1,CE_INB_CFL_RAD_EXT_P1,11-FXT-CFAL_DP_T_APP,CFAL_DP_T_APP,
CE_INB_RAD_EXT_P1,CE_INB_CFL_RAD_EXT_P1,11-FXT-CFAL_DP_T_BU_INCORP,CFAL_DP_T_BU_INCORP,
CE_INB_RAD_EXT_P1,CE_INB_CFL_RAD_EXT_P1,11-FXT-CFAL_DP_T_BU_RSPN,CFAL_DP_T_BU_RSPN,
CE_INB_RAD_EXT_P1,CE_INB_CFL_RAD_EXT_P1,11-FXT-CFAL_DP_T_CFAL_TC_EQUMNT,CFAL_DP_T_CFAL_TC_EQUMNT,
CE_INB_RAD_EXT_P1,CE_INB_CFL_RAD_EXT_P1,11-FXT-CFAL_DP_T_PARTY_ADDR,CFAL_DP_T_PARTY_ADDR,
CE_INB_RAD_EXT_P1,CE_INB_CFL_RAD_EXT_P1,11-FXT-CFAL_DP_T_SEC,CFAL_DP_T_SEC,
CE_INB_RAD_EXT_P1,CE_INB_CFL_RAD_EXT_P1,11-FXT-CFAL_MIS_BASEL,CFAL_MIS_BASEL,
CE_INB_RAD_EXT_P1,CE_INB_CFL_RAD_EXT_P1,11-FXT-CFAL_MIS_LOAN_SCHEDULE,MIS_LOAN_SCHEDULE,
CE_INB_RAD_EXT_P1,CE_INB_CFL_RAD_EXT_P1,11-FXT-CFAL_MIS_MONTHLY_TREND,CFAL_MIS_MONTHLY_TREND,
CE_INB_RAD_EXT_P2,CE_INB_CFL_RAD_EXT_P2,10-EXT-CFAL-CFAL_EQUIP_EXTRACT_MONTHLY_FAILURES,CFAL_EQUIP_EXTRACT_MONTHLY_FAILURES,
CE_INB_RAD_EXT_P2,CE_INB_CFL_RAD_EXT_P2,10-EXT-CFAL-CFAL_EQUIP_EXTRACT_MONTHLY_SUMMARY,CFAL_EQUIP_EXTRACT_MONTHLY_SUMMARY,
CE_INB_RAD_EXT_P1,CE_INB_CMT_RAD_EXT_P1,10-EXT-CMT_ASSIST_ACCOUNTS,CMT_ASSIST_ACCOUNTS,
CE_INB_RAD_EXT_P1,CE_INB_PRB_RAD_EXT_P1,10-EXT-PB_FACILITY_ECL,PB_FACILITY_ECL,
CE_INB_RAD_POL_P1,,00-CTL-INB_RAD_POLL_P1,,CESASMRAWRAD002
CE_INB_RAD_POL_P2,,00-CTL-INB_RAD_POLL_P2,,CESASMRAWRAD005
CE_INB_RAD_EXT_P1,CE_INB_RAM_RAD_EXT_P1,10-EXT-BASEL_RAMS,BASEL_RAMS,
CE_INB_RAD_EXT_P1,CE_INB_RPD_RAD_EXT_P1,10-EXT-RPDATA_AVAT,RPDATA_AVAT,
CE_INB_RAD_EXT_P1,CE_INB_RPD_RAD_EXT_P1,10-EXT-RPDATA_SECNO,RPDATA_SECNO,
CE_INB_RAD_EXT_P1,CE_INB_WIB_RAD_EXT_P1,10-EXT-WIB_CUSTOMER,WIB_CUSTOMER,
CE_INB_RAD_EXT_P1,CE_INB_WIB_RAD_EXT_P1,10-EXT-WIB_FACILITY,WIB_FACILITY,
CE_INB_RAD_EXT_P1,CE_INB_WIB_RAD_EXT_P1,10-EXT-WIB_PRODUCT,WIB_PRODUCT,
CE_INB_RAD_EXT_P1,CE_INB_WIB_RAD_EXT_P1,10-EXT-WIB_SUB_FACILITY,WIB_SUB_FACILITY,
CE_INB_RAD_EXT_P2,CE_INB_WIB_RAD_EXT_P2,10-EXT-WIB_GROUP,WIB_GROUP,
CE_INB_RAD_EXT_P2,CE_INB_WIB_RAD_EXT_P2,10-EXT-WIB_SUB_GROUP,WIB_SUB_GROUP,
CE_INB_RAD_EXT_P1,CE_INB_WNZ_EXT_P1,10-EXT-WNZ_ECL_INPUT,WNZ_ECL_INPUT,
CE_OTH_RAD_EXT_P1,,10-EXT-CWS-WOFF_ACCOUNT,WOFF_ACCOUNT,CESASMOTHRAD003
CE_OTH_RAD_EXT_P1,,10-EXT-CWS-WOFF_WRITEOFF,WOFF_WRITEOFF,CESASMOTHRAD003
CE_OTH_RAD_POLL_P1,,00-CTL-XDW-RAD-POLL-OTH-P1,,
CE_OTH_RAD_POLL_P2,,00-CTL-XDW-RAD-POLL-OTH-P2,,
CE_SGW_RAD_EXT_P1,,10-EXT-DWPVACEA-ZACE_FINANCIAL_DETAILS_A,ZACE_FINANCIAL_DETAILS_A,CESASMSGWRAD003
CE_SGW_RAD_EXT_P1,,10-EXT-DWPVTCSA-ZTCS_ACCT_INFO,ZTCS_ACCT_INFO,CESASMSGWRAD003
CE_SGW_RAD_EXT_P1,,10-EXT-DWPVTBLA-DDA_DEB_INT_PENALTY_CODE,DDA_DEB_INT_PENALTY_CODE,CESASMSGWRAD003
CE_SGW_RAD_EXT_P1,,10-EXT-DWPVTBLA-ZDDA_AMFODRFT,ZDDA_AMFODRFT,CESASMSGWRAD003
CE_SGW_RAD_EXT_P1,,10-EXT-DWPVTBLA-ZTSY_ACCOUNT,ZTSY_ACCOUNT,CESASMSGWRAD003
CE_SGW_RAD_EXT_P1,,10-EXT-DWPVTBLA-ACCT_CHA,ACCT_CHA,CESASMSGWRAD003
CE_SGW_RAD_EXT_P1,,10-EXT-DWPVTBLA-ACCT_CUST_LINK,ACCT_CUST_LINK,CESASMSGWRAD003
CE_SGW_RAD_EXT_P1,,10-EXT-DWPVTBLA-ACCT_EVENT,ACCT_EVENT,CESASMSGWRAD003
CE_SGW_RAD_EXT_P1,,10-EXT-DWPVTBLA-ACCT_FIN_CHA,ACCT_FIN_CHA,CESASMSGWRAD003
CE_SGW_RAD_EXT_P1,,10-EXT-DWPVTBLA-ACCT_FIN_LG_LINK,ACCT_FIN_LG_LINK,CESASMSGWRAD003
CE_SGW_RAD_EXT_P1,,10-EXT-DWPVTBLA-CIS_CUST_ACCT_LINK,CIS_CUST_ACCT_LINK,CESASMSGWRAD003
CE_SGW_RAD_EXT_P1,,10-EXT-DWPVTBLA-CIS_GCIS_LINK,CIS_GCIS_LINK,CESASMSGWRAD003
CE_SGW_RAD_EXT_P1,,10-EXT-DWPVTBLA-FOLIO,FOLIO,CESASMSGWRAD003
CE_SGW_RAD_EXT_P1,,10-EXT-DWPVTBLA-ZCMS_CUSTOMER_RISK_GRADE,ZCMS_CUSTOMER_RISK_GRADE,CESASMSGWRAD003
CE_SGW_RAD_EXT_P1,,10-EXT-DWPVTBLA-CUST_FIN,CUST_FIN,CESASMSGWRAD003
CE_SGW_RAD_EXT_P1,,10-EXT-DWPVTBLA-FOLIO_SECURITY,FOLIO_SECURITY,CESASMSGWRAD003
CE_SGW_RAD_EXT_P1,,10-EXT-DWPVTBLA-GCIS_CUST,GCIS_CUST,CESASMSGWRAD003
CE_SGW_RAD_EXT_P1,,10-EXT-DWPVTBLA-PROD_CATEGORY,PROD_CATEGORY,CESASMSGWRAD003
CE_SGW_RAD_EXT_P1,,10-EXT-DWPVTBLA-PROD_COA,PROD_COA,CESASMSGWRAD003
CE_SGW_RAD_EXT_P1,,10-EXT-DWPVTBLA-TRAN,TRAN,CESASMSGWRAD003
CE_SGW_RAD_EXT_P1,,10-EXT-DWPVTBLA-ZCLS_FDTL_MORT_ACCT,ZCLS_FDTL_MORT_ACCT,CESASMSGWRAD003
CE_SGW_RAD_EXT_P1,,10-EXT-DWPVTBLA-ZCMS_ACCOUNT_CREDIT_RISK,ZCMS_ACCOUNT_CREDIT_RISK,CESASMSGWRAD003
CE_SGW_RAD_EXT_P1,,10-EXT-DWPVTBLA-ZCMS_ACCOUNT_SPF,ZCMS_ACCOUNT_SPF,CESASMSGWRAD003
CE_SGW_RAD_EXT_P1,,10-EXT-DWPVTBLA-ZCMS_CREDIT_CUSTOMER,ZCMS_CREDIT_CUSTOMER,CESASMSGWRAD003
CE_SGW_RAD_EXT_P1,,10-EXT-DWPVTBLA-ZCMS_CUSTOMER_OTHER_EXPOSURE,ZCMS_CUSTOMER_OTHER_EXPOSURE,CESASMSGWRAD003
CE_SGW_RAD_EXT_P1,,10-EXT-DWPVTBLA-ZCMS_MAP_MASTER,ZCMS_MAP_MASTER,CESASMSGWRAD003
CE_SGW_RAD_EXT_P1,,10-EXT-DWPVTBLA-ZCMSR_ACCT,ZCMSR_ACCT,CESASMSGWRAD003
CE_SGW_RAD_EXT_P1,,10-EXT-DWPVTBLA-ZGCIS_CUSTOMER_PRODUCT_BAL,ZGCIS_CUSTOMER_PRODUCT_BAL,CESASMSGWRAD003
CE_SGW_RAD_EXT_P1,,10-EXT-DWPVTBLA-ZGCIS_CUSTOMER_PRODUCT,ZGCIS_CUSTOMER_PRODUCT,CESASMSGWRAD003
CE_SGW_RAD_EXT_P1,,10-EXT-DWPVTBLA-ZSOV_ACCT_MAP,ZSOV_ACCT_MAP,CESASMSGWRAD003
CE_SGW_RAD_EXT_P1,,10-EXT-DWPVTBLA-ZSOV_ASSET_CONSUMER_GOODS,ZSOV_ASSET_CONSUMER_GOODS,CESASMSGWRAD003
CE_SGW_RAD_EXT_P1,,10-EXT-DWPVTBLA-ZSOV_ASSET_MISCELLANEOUS,ZSOV_ASSET_MISCELLANEOUS,CESASMSGWRAD003
CE_SGW_RAD_EXT_P1,,10-EXT-DWPVTBLA-ZSOV_ASSET_VEHICLE,ZSOV_ASSET_VEHICLE,CESASMSGWRAD003
CE_SGW_RAD_EXT_P1,,10-EXT-DWPVTBLA-ZSOV_LENDING_ACCT,ZSOV_LENDING_ACCT,CESASMSGWRAD003
CE_SGW_RAD_EXT_P1,,10-EXT-DWPVTBLA-ZSOV_ORG_UNIT,ZSOV_ORG_UNIT,CESASMSGWRAD003
CE_SGW_RAD_EXT_P1,,10-EXT-DWPVTBLA-ZSOV_SECURITY_FOR_ACCT,ZSOV_SECURITY_FOR_ACCT,CESASMSGWRAD003
CE_SGW_RAD_EXT_P1,,10-EXT-DWPVTBLA-ZVIP_ACCT_DELINQUENCY,ZVIP_ACCT_DELINQUENCY,CESASMSGWRAD003
CE_SGW_RAD_EXT_P1,,10-EXT-DWPVTBLA-ZVIP_ACCT_STATUS,ZVIP_ACCT_STATUS,CESASMSGWRAD003
CE_SGW_RAD_EXT_P1,,10-EXT-DWPVTBLA-ZVIP_POSTED_TRAN,ZVIP_POSTED_TRAN,CESASMSGWRAD003
CE_SGW_RAD_EXT_P1,,10-EXT-DWPVTBLA-ZSOV_ASSET,ZSOV_ASSET,CESASMSGWRAD003
CE_SGW_RAD_EXT_P1,,10-EXT-DWPVTBLA-ZSOV_CLIENT_STMT_OF_POS_1,ZSOV_CLIENT_STMT_OF_POS_1,CESASMSGWRAD003
CE_SGW_RAD_EXT_P1,,10-EXT-DWPVTBLA-ZSOV_GL_SMARTSTREAM,ZSOV_GL_SMARTSTREAM,CESASMSGWRAD003
CE_SGW_RAD_EXT_P1,,10-EXT-DWPVTBLA-ZSOV_SOP_INC_EXPEND_ITEM,ZSOV_SOP_INC_EXPEND_ITEM,CESASMSGWRAD003
CE_SGW_RAD_EXT_P1,,10-EXT-DWPVASOGA-ZSOV_VEHICLE_DEFINITION,ZSOV_VEHICLE_DEFINITION,CESASMSGWRAD003
CE_SGW_RAD_EXT_P1,,10-EXT-DWPVTBLA-LG_HIER_LOCATION,LG_HIER_LOCATION,CESASMSGWRAD003
CE_SGW_RAD_EXT_P1,,10-EXT-DWPVTBLA-ZCMS_MAP_ACCOUNT,ZCMS_MAP_ACCOUNT,CESASMSGWRAD003
CE_SGW_RAD_EXT_P1,,10-EXT-DWPVTBLA-ZSOV_COMPANY_PROFILE,ZSOV_COMPANY_PROFILE,CESASMSGWRAD003
CE_SGW_RAD_EXT_P1,,10-EXT-DWPVTBLA-ZCLS_ENUMERATED_CODES,ZCLS_ENUMERATED_CODES,CESASMSGWRAD003
CE_SGW_RAD_EXT_P1,,10-EXT-DWPVACEA-ZACE_PERSONAL_DETAILS,ZACE_PERSONAL_DETAILS,CESASMSGWRAD003
CE_SGW_RAD_EXT_P1,,10-EXT-DWPVTBLA-APPLN,APPLN,CESASMSGWRAD003
CE_SGW_RAD_EXT_P1,,10-EXT-DWPVTBLA-INTERNAL_CRA_ACCT_LINK,INTERNAL_CRA_ACCT_LINK,CESASMSGWRAD003
CE_SGW_RAD_EXT_P1,,10-EXT-DWPVTBLA-ZCLS_APPL_EMPLOYMENT,ZCLS_APPL_EMPLOYMENT,CESASMSGWRAD003
CE_SGW_RAD_EXT_P1,,10-EXT-DWPVTBLA-ZCLS_APPL,ZCLS_APPL,CESASMSGWRAD003
CE_SGW_RAD_EXT_P1,,10-EXT-DWPVTBLA-ZCLS_CONTRACT_AFFORD,ZCLS_CONTRACT_AFFORD,CESASMSGWRAD003
CE_SGW_RAD_EXT_P1,,10-EXT-DWPVTBLA-ZIPM_INDIVIDUAL_PROVISION,ZIPM_INDIVIDUAL_PROVISION,CESASMSGWRAD003
CE_SGW_RAD_EXT_P1,,10-EXT-DWPVTBLA-ZSOV_APPLN_LOAN_DETAIL,ZSOV_APPLN_LOAN_DETAIL,CESASMSGWRAD003
CE_SGW_RAD_EXT_P1,,10-EXT-DWPVTBLA-ZSOV_APPLN,ZSOV_APPLN,CESASMSGWRAD003
CE_SGW_RAD_EXT_P1,,10-EXT-DWPVTBLA-ZSOV_PROD_CLIENT,ZSOV_PROD_CLIENT,CESASMSGWRAD003
CE_SGW_RAD_EXT_P1,,10-EXT-DWPVTBLA-CFAL_REL_MAPPING,CFAL_REL_MAPPING,CESASMSGWRAD003
CE_SGW_RAD_EXT_P1,,10-EXT-DWPVIEWD-CALENDAR_DAY,CALENDAR_DAY,CESASMSGWRAD003
CE_SGW_RAD_EXT_P1,,11-FXT-DWPVACEA-ZACE_PERSONAL_DETAILS,ZACE_PERSONAL_DETAILS,CESASMSGWRAD003
CE_SGW_RAD_EXT_P1,,11-FXT-DWPVTBLA-INTERNAL_CRA_ACCT_LINK,INTERNAL_CRA_ACCT_LINK,CESASMSGWRAD003
CE_SGW_RAD_EXT_P1,,11-FXT-DWPVTCSA-ZTCS_ACCT_INFO,ZTCS_ACCT_INFO,CESASMSGWRAD003
CE_SGW_RAD_EXT_P1,,10-EXT-DWPVTBLA-GCIS_ADDR,GCIS_ADDR,CESASMSGWRAD003
CE_SGW_RAD_EXT_P1,,10-EXT-DWPVTBLA-GCIS_CUST_ADDR_LINK,GCIS_CUST_ADDR_LINK,CESASMSGWRAD003
CE_SGW_RAD_EXT_P1,,10-EXT-DWPVTBLA-ZSOV_CLIENT_EMPLOYMENT,ZSOV_CLIENT_EMPLOYMENT,CESASMSGWRAD003
CE_SGW_RAD_EXT_P1,,11-FXT-DWPVTBLA-APPLN,APPLN,CESASMSGWRAD003
CE_SGW_RAD_EXT_P1,,11-FXT-DWPVTBLA-FOLIO,FOLIO,CESASMSGWRAD003
CE_SGW_RAD_EXT_P1,,11-FXT-DWPVTBLA-ZCLS_APPL_EMPLOYMENT,ZCLS_APPL_EMPLOYMENT,CESASMSGWRAD003
CE_SGW_RAD_EXT_P1,,11-FXT-DWPVTBLA-ZCLS_APPL,ZCLS_APPL,CESASMSGWRAD003
CE_SGW_RAD_EXT_P1,,11-FXT-DWPVTBLA-ZCLS_CONTRACT_AFFORD,ZCLS_CONTRACT_AFFORD,CESASMSGWRAD003
CE_SGW_RAD_EXT_P1,,11-FXT-DWPVTBLA-ZIPM_INDIVIDUAL_PROVISION,ZIPM_INDIVIDUAL_PROVISION,CESASMSGWRAD003
CE_SGW_RAD_EXT_P1,,11-FXT-DWPVTBLA-ZSOV_ACCT_MAP,ZSOV_ACCT_MAP,CESASMSGWRAD003
CE_SGW_RAD_EXT_P1,,11-FXT-DWPVTBLA-ZSOV_APPLN_LOAN_DETAIL,ZSOV_APPLN_LOAN_DETAIL,CESASMSGWRAD003
CE_SGW_RAD_EXT_P1,,11-FXT-DWPVTBLA-ZSOV_APPLN,ZSOV_APPLN,CESASMSGWRAD003
CE_SGW_RAD_EXT_P1,,11-FXT-DWPVTBLA-ZSOV_PROD_CLIENT,ZSOV_PROD_CLIENT,CESASMSGWRAD003
CE_SGW_RAD_EXT_P1,,11-FXT-DWPVTBLA-ZSOV_SOP_INC_EXPEND_ITEM,ZSOV_SOP_INC_EXPEND_ITEM,CESASMSGWRAD003
CE_SGW_RAD_EXT_P1,,10-EXT-DWPVTBLA-ZSOV_CLIENT_EXTENSION,ZSOV_CLIENT_EXTENSION,CESASMSGWRAD003
CE_SGW_RAD_EXT_P1,,10-EXT-DWPVTBLA-ZSOV_CLIENT_PERSONAL_DTL,ZSOV_CLIENT_PERSONAL_DTL,CESASMSGWRAD003
CE_SGW_RAD_EXT_P1,,10-EXT-DWPVTBLA-ACCT_GCIS_CUST_LINK_CUR,ACCT_GCIS_CUST_LINK_CUR,CESASMSGWRAD003
CE_SGW_RAD_EXT_P1,,10-EXT-DWPVTBLA-ACCT_GCIS_CUST_LINK,ACCT_GCIS_CUST_LINK,CESASMSGWRAD003
CE_SGW_RAD_EXT_P1,,10-EXT-DWPVTBLA-ACCT_LOAN,ACCT_LOAN,CESASMSGWRAD003
CE_SGW_RAD_EXT_P1,,10-EXT-DWPVTBLA-APPLN_FIN_LINK_FULL,APPLN_FIN_LINK_FULL,CESASMSGWRAD003
CE_SGW_RAD_EXT_P1,,10-EXT-DWPVTBLA-APPLN_FIN_LINK,APPLN_FIN_LINK,CESASMSGWRAD003
CE_SGW_RAD_EXT_P1,,11-FXT-DWPVTBLA-ACCT_LOAN,ACCT_LOAN,CESASMSGWRAD003
CE_SGW_RAD_EXT_P1,,11-FXT-DWPVTBLA-APPLN_FIN_LINK,APPLN_FIN_LINK,CESASMSGWRAD003
CE_SGW_RAD_EXT_P1,,10-EXT-DWPVTBLA-ACCT_FIN,ACCT_FIN,CESASMSGWRAD003
CE_SGW_RAD_EXT_P1,,10-EXT-DWPVTBLA-ACCT_FUNDS_TRANSFER,ACCT_FUNDS_TRANSFER,CESASMSGWRAD003
CE_SGW_RAD_EXT_P1,,10-EXT-DWPVTBLA-ACCT_LOAN_CONDUCT,ACCT_LOAN_CONDUCT,CESASMSGWRAD003
CE_SGW_RAD_EXT_P1,,10-EXT-DWPVTBLA-APPLN_FIN_ACCT_FULL,APPLN_FIN_ACCT_FULL,CESASMSGWRAD003
CE_SGW_RAD_EXT_P1,,10-EXT-DWPVTBLA-APPLN_FIN_ACCT,APPLN_FIN_ACCT,CESASMSGWRAD003
CE_SGW_RAD_EXT_P1,,11-FXT-DWPVTBLA-APPLN_FIN_ACCT,APPLN_FIN_ACCT,CESASMSGWRAD003
CE_SGW_RAD_EXT_P1,,10-EXT-DWPVTBLA-RC_Expos_Comp_OCB_STG_Mth,RC_Expos_Comp_OCB_STG_Mth,CESASMSGWRAD003
CE_SGW_RAD_EXT_P2,,10-EXT-DWPVACEA-ZACE_FINANCIAL_DETAILS_B,ZACE_FINANCIAL_DETAILS_B,CESASMSGWRAD006
CE_SGW_RAD_EXT_P2,,10-EXT-DWPVTBLA-ACCT_MIS,ACCT_MIS,CESASMSGWRAD006
CE_SGW_RAD_EXT_P2,,10-EXT-DWPVTBLA-ACCT,ACCT,CESASMSGWRAD006
CE_SGW_RAD_EXT_P2,,10-EXT-DWPVTBLA-CIS_CUST_APPLN,CIS_CUST_APPLN,CESASMSGWRAD006
CE_SGW_RAD_EXT_P2,,10-EXT-DWPVTBLA-CIS_CUST_OUTLINE,CIS_CUST_OUTLINE,CESASMSGWRAD006
CE_SGW_RAD_EXT_P2,,10-EXT-DWPVTBLA-CIS_CUST,CIS_CUST,CESASMSGWRAD006
CE_SGW_RAD_EXT_P2,,10-EXT-DWPVTBLA-CIS_CUST_LINK,CIS_CUST_LINK,CESASMSGWRAD006
CE_SGW_RAD_EXT_P2,,10-EXT-DWPVTBLA-ACCT_CUST_LINK_HIST,ACCT_CUST_LINK_HIST,CESASMSGWRAD006
CE_SGW_RAD_EXT_P2,,10-EXT-DWPVTBLA-APPLN_FULL,APPLN_FULL,CESASMSGWRAD006
CE_SGW_RAD_EXT_P2,,10-EXT-DWPVTBLA-CIS_NAME_SCRUBBED,CIS_NAME_SCRUBBED,CESASMSGWRAD006
CE_SGW_RAD_EXT_P2,,10-EXT-DWPVTBLA-CUST_GCIS_LINK,CUST_GCIS_LINK,CESASMSGWRAD006
CE_SGW_RAD_EXT_P2,,10-EXT-DWPVTBLA-CUST_OUTLINE,CUST_OUTLINE,CESASMSGWRAD006
CE_SGW_RAD_EXT_P2,,10-EXT-DWPVTBLA-CUST,CUST,CESASMSGWRAD006
CE_SGW_RAD_EXT_P2,,10-EXT-DWPVTBLA-GCIS_CIS_LINK,GCIS_CIS_LINK,CESASMSGWRAD006
CE_SGW_RAD_EXT_P2,,10-EXT-DWPVTBLA-LG_HIER_CENTRE_EOP,LG_HIER_CENTRE_EOP,CESASMSGWRAD006
CE_SGW_RAD_EXT_P2,,10-EXT-DWPVTBLA-LG_HIER_CENTRE,LG_HIER_CENTRE,CESASMSGWRAD006
CE_SGW_RAD_EXT_P2,,10-EXT-DWPVTBLA-LG_HIER_PRODUCT,LG_HIER_PRODUCT,CESASMSGWRAD006
CE_SGW_RAD_EXT_P2,,10-EXT-DWPVTBLA-LMI_LOAN,LMI_LOAN,CESASMSGWRAD006
CE_SGW_RAD_EXT_P2,,10-EXT-DWPVTBLA-PROD_LINE,PROD_LINE,CESASMSGWRAD006
CE_SGW_RAD_EXT_P2,,10-EXT-DWPVTBLA-ZCHA_FACILITY_LIMITS,ZCHA_FACILITY_LIMITS,CESASMSGWRAD006
CE_SGW_RAD_EXT_P2,,10-EXT-DWPVTBLA-MIS_ORG_UNIT,MIS_ORG_UNIT,CESASMSGWRAD006
CE_SGW_RAD_EXT_P2,,10-EXT-DWPVTBLA-ZSOV_ASSET_CLASSIFICATION,ZSOV_ASSET_CLASSIFICATION,CESASMSGWRAD006
CE_SGW_RAD_EXT_P2,,10-EXT-DWPVTBLA-ZSOV_LENDING_TRAN,ZSOV_LENDING_TRAN,CESASMSGWRAD006
CE_SGW_RAD_EXT_P2,,10-EXT-DWPVTBLA-ZSOV_LOAN_ACTVITY_WORKFILE,ZSOV_LOAN_ACTVITY_WORKFILE,CESASMSGWRAD006
CE_SGW_RAD_EXT_P2,,10-EXT-DWPVTBLA-ZSOV_LOAN_INSTAL_BRKDOWN,ZSOV_LOAN_INSTAL_BRKDOWN,CESASMSGWRAD006
CE_SGW_RAD_EXT_P2,,10-EXT-DWPVTBLA-ZSOV_LENDING_ACCT_FIN_DTL,ZSOV_LENDING_ACCT_FIN_DTL,CESASMSGWRAD006
CE_SGW_RAD_EXT_P2,,10-EXT-DWPVTBLA-Zcms_customer_group,Zcms_customer_group,CESASMSGWRAD006
CE_SGW_RAD_EXT_P2,,10-EXT-DWPVTBLA-ZCMSR_CUST,ZCMSR_CUST,CESASMSGWRAD006
CE_SGW_RAD_EXT_P2,,10-EXT-DWPVTBLA-ZCMSR_GROUP,ZCMSR_GROUP,CESASMSGWRAD006
CE_SGW_RAD_EXT_P2,,10-EXT-DWPVTBLA-CIS_NAME,CIS_NAME,CESASMSGWRAD006
CE_SGW_RAD_EXT_P2,,11-FXT-DWPVTBLA-ZSOV_LENDING_ACCT_FIN_DTL,ZSOV_LENDING_ACCT_FIN_DTL,CESASMSGWRAD006
CE_SGW_RAD_EXT_P2,,11-FXT-DWPVTBLA-ZSOV_LOAN_ACTVITY_WORKFILE,ZSOV_LOAN_ACTVITY_WORKFILE,CESASMSGWRAD006
CE_SGW_RAD_EXT_P2,,11-FXT-DWPVTBLA-ZSOV_LOAN_INSTAL_BRKDOWN,ZSOV_LOAN_INSTAL_BRKDOWN,CESASMSGWRAD006
CE_SGW_RAD_EXT_P2,,10-EXT-DWPVTBLA-BRANCH,BRANCH,CESASMSGWRAD006
CE_SGW_RAD_EXT_P2,,10-EXT-DWPVTBLA-Zcms_Responsible_Officer,Zcms_Responsible_Officer,CESASMSGWRAD006
CE_SGW_RAD_EXT_P2,,10-EXT-DWPVTBLA-ZSOV_LENDING_ACCT_FIN_DTL_ALL,ZSOV_LENDING_ACCT_FIN_DTL_ALL,CESASMSGWRAD006
CE_SGW_RAD_EXT_P2,,10-EXT-DWPVTBLA-CX_ACCT_MTH,CX_ACCT_MTH,CESASMSGWRAD006
CE_SGW_RAD_EXT_P2,,10-EXT-DWPVTBLA-PII_CIS_NAME,PII_CIS_NAME,CESASMSGWRAD006
CE_SGW_RAD_EXT_P2,,10-EXT-DWPVTBLA-PII_GCIS_CUST,PII_GCIS_CUST,CESASMSGWRAD006
CE_SGW_RAD_EXT_P2,,10-EXT-DWPVTBLA-PII_GCIS_NAME,PII_GCIS_NAME,CESASMSGWRAD006
CE_SGW_RAD_EXT_P2,,10-EXT-DWPVTBLA-ZGCIS_BUSINESS_CUSTOMER,ZGCIS_BUSINESS_CUSTOMER,CESASMSGWRAD006
CE_SGW_RAD_POL_P1,,00-CTL-XDW_RAD_POLL_SGW_P1,,CESASMSGWRAD002
CE_SGW_RAD_POL_P2,,00-CTL-XDW_RAD_POLL_SGW_P2,,CESASMSGWRAD005
CE_SYS_RAD_P1,,00-SYS-BT_ML_IAP,BT_ML_IAP,CESASMALLINI002
CE_SYS_RAD_P1,,00-SYS-BT_ML_IMPAIRED,BT_ML_IMPAIRED,CESASMALLINI002
CE_SYS_RAD_P1,,00-SYS-CFL_LGD_MAP,CFL_LGD_MAP,CESASMALLINI002
CE_SYS_RAD_P1,,00-SYS-CTL_POP_CODE,CTL_POP_CODE,CESASMALLINI002
CE_SYS_RAD_P1,,00-SYS-CTL_PORTFOLIO,CTL_PORTFOLIO,CESASMALLINI002
CE_SYS_RAD_P1,,00-SYS-GL_PRODUCT_CONTROL_TABLE,GL_PRODUCT_CONTROL_TABLE,CESASMALLINI002
CE_SYS_RAD_P1,,00-SYS-MDM_HIERARCHIES,MDM_HIERARCHIES,CESASMALLINI002
CE_SYS_RAD_P1,,00-SYS-BLK_CODE_HIER,BLK_CODE_HIER,CESASMALLINI002
CE_SYS_RAD_P1,,00-SYS-SGB_COLL_CLASS_CD_RISK_REF,SGB_COLL_CLASS_CD_RISK_REF,CESASMALLINI002
CE_SYS_RAD_P1,,00-SYS-CTL_MAP_STANDARD,CTL_MAP_STANDARD,CESASMALLINI002
CE_SYS_RAD_P1,,00-SYS-ABS_POST_CODE_DIVISIONS,ABS_POST_CODE_DIVISIONS,CESASMALLINI002
CE_SYS_RAD_P1,,00-SYS-IFRS9_Default_OCB_Mapping,IFRS9_Default_OCB_Mapping,CESASMALLINI002
CE_SYS_RAD_P1,,00-SYS-AUTO_STATIC_FILE_COPY,BLK_CODE_HIER,CESASMALLINI002
CE_SYS_RAD_P1,,00-SYS-BAL_SHEET_IND_MAPPING,,CESASMALLINI002
CE_SYS_RAD_P2,,00-SYS-CTL_MAP_PORTFOLIO,CTL_MAP_PORTFOLIO,CESASMALLINI004
CE_SYS_RAD_P2,,00-SYS-CTL_MAP_SOURCE_SYSTEM,CTL_MAP_SOURCE_SYSTEM,CESASMALLINI004
CE_SYS_RAD_P2,,10-EXT-RETAIL_ASIA_IAP_MANUAL,RETAIL_ASIA_IAP_MANUAL,CESASMALLINI004
CE_WGW_RAD_EXT_P1,,10-EXT-NW-NW_ACCOUNT_LOSSES,NW_ACCOUNT_LOSSES,CESASMWGWRAD003
CE_WGW_RAD_EXT_P1,,10-EXT-NW-NW_CLOANFIX_M_HIST,NW_CLOANFIX_M_HIST,CESASMWGWRAD003
CE_WGW_RAD_EXT_P1,,10-EXT-NW-NW_CLOANFIX_TRAN_HIST,NW_CLOANFIX_TRAN_HIST,CESASMWGWRAD003
CE_WGW_RAD_EXT_P1,,10-EXT-NW-NW_COLL_ACCOUNTS_HIST,NW_COLL_ACCOUNTS_HIST,CESASMWGWRAD003
CE_WGW_RAD_EXT_P1,,10-EXT-NW-NW_MANAGERS_M_HIST,NW_MANAGERS_M_HIST,CESASMWGWRAD003
CE_WGW_RAD_EXT_P1,,10-EXT-CRDM-CRDM_APP_FACT,CRDM_APP_FACT,CESASMWGWRAD003
CE_WGW_RAD_EXT_P1,,10-EXT-CRDM-CRDM_APPL_MRTG_FREQ_RISK_V,CRDM_APPL_MRTG_FREQ_RISK_V,CESASMWGWRAD003
CE_WGW_RAD_EXT_P1,,10-EXT-CRDM-CRDM_APPLCNT,CRDM_APPLCNT,CESASMWGWRAD003
CE_WGW_RAD_EXT_P1,,10-EXT-CRDM-CRDM_CARD_APPL,CRDM_CARD_APPL,CESASMWGWRAD003
CE_WGW_RAD_EXT_P1,,10-EXT-CRDM-CRDM_MRTG_APPL,CRDM_MRTG_APPL,CESASMWGWRAD003
CE_WGW_RAD_EXT_P1,,10-EXT-CRDM-CRDM_MRTG_APPLCNT,CRDM_MRTG_APPLCNT,CESASMWGWRAD003
CE_WGW_RAD_EXT_P1,,10-EXT-NW-NW_CB_FACILITIES_M_HIST,NW_CB_FACILITIES_M_HIST,CESASMWGWRAD003
CE_WGW_RAD_EXT_P1,,10-EXT-NW-NW_COLLATERALS,NW_COLLATERALS,CESASMWGWRAD003
CE_WGW_RAD_EXT_P1,,10-EXT-NW-NW_COMM_BILL_M_HIST,NW_COMM_BILL_M_HIST,CESASMWGWRAD003
CE_WGW_RAD_EXT_P1,,10-EXT-NW-NW_CORPORATE_CARDS,NW_CORPORATE_CARDS,CESASMWGWRAD003
CE_WGW_RAD_EXT_P1,,10-EXT-NW-NW_CR_UNSC_INVT_NUMB_PARM_REF,NW_CR_UNSC_INVT_NUMB_PARM_REF,CESASMWGWRAD003
CE_WGW_RAD_EXT_P1,,10-EXT-NW-NW_CRDT_CARD_M_HIST,NW_CRDT_CARD_M_HIST,CESASMWGWRAD003
CE_WGW_RAD_EXT_P1,,10-EXT-NW-NW_CUST_M_HIST,NW_CUST_M_HIST,CESASMWGWRAD003
CE_WGW_RAD_EXT_P1,,10-EXT-NW-NW_CUSTOMER_NAME_ADRS,NW_CUSTOMER_NAME_ADRS,CESASMWGWRAD003
CE_WGW_RAD_EXT_P1,,10-EXT-NW-NW_DEBTOR_FIN_M_HIST,NW_DEBTOR_FIN_M_HIST,CESASMWGWRAD003
CE_WGW_RAD_EXT_P1,,10-EXT-NW-NW_LEASE_BULK_LIMT_M_HIST,NW_LEASE_BULK_LIMT_M_HIST,CESASMWGWRAD003
CE_WGW_RAD_EXT_P1,,10-EXT-NW-NW_LEASE_M_HIST,NW_LEASE_M_HIST,CESASMWGWRAD003
CE_WGW_RAD_EXT_P1,,10-EXT-NW-NW_MERCH_M_HIST,NW_MERCH_M_HIST,CESASMWGWRAD003
CE_WGW_RAD_EXT_P1,,10-EXT-NW-NW_MRTG_LOAN_M_HIST,NW_MRTG_LOAN_M_HIST,CESASMWGWRAD003
CE_WGW_RAD_EXT_P1,,10-EXT-NW-NW_PBLM_ACCOUNTING,NW_PBLM_ACCOUNTING,CESASMWGWRAD003
CE_WGW_RAD_EXT_P1,,10-EXT-NW-NW_REMNGRCU_M_SNAP,NW_REMNGRCU_M_SNAP,CESASMWGWRAD003
CE_WGW_RAD_EXT_P1,,10-EXT-NW-NW_TB_FCA_M_HIST,NW_TB_FCA_M_HIST,CESASMWGWRAD003
CE_WGW_RAD_EXT_P1,,10-EXT-NW-NW_TB_M_HIST,NW_TB_M_HIST,CESASMWGWRAD003
CE_WGW_RAD_EXT_P1,,10-EXT-NW-NW_TERM_DEP_M_HIST,NW_TERM_DEP_M_HIST,CESASMWGWRAD003
CE_WGW_RAD_EXT_P1,,10-EXT-NW-NW_TF_M_HIST,NW_TF_M_HIST,CESASMWGWRAD003
CE_WGW_RAD_EXT_P1,,10-EXT-NW-NW_VALUE_TRAN_HIST,NW_VALUE_TRAN_HIST,CESASMWGWRAD003
CE_WGW_RAD_EXT_P1,,10-EXT-NW-NW_PRODUCTS,NW_PRODUCTS,CESASMWGWRAD003
CE_WGW_RAD_EXT_P1,,10-EXT-NW-NW_PBLM_CFLW_ACCT_ALLOC,NW_PBLM_CFLW_ACCT_ALLOC,CESASMWGWRAD003
CE_WGW_RAD_EXT_P1,,10-EXT-NW-NW_TF_LIMITS_M_HIST,NW_TF_LIMITS_M_HIST,CESASMWGWRAD003
CE_WGW_RAD_EXT_P1,,10-EXT-NW-NW_CUSTOMERS_ACCOUNTS_CURRENT,NW_CUSTOMERS_ACCOUNTS_CURRENT,CESASMWGWRAD003
CE_WGW_RAD_EXT_P1,,10-EXT-NW-NW_ORGANISATION_UNIT_RELATIONS,NW_ORGANISATION_UNIT_RELATIONS,CESASMWGWRAD003
CE_WGW_RAD_EXT_P1,,10-EXT-NW-DW_CNCY_DIM,DW_CNCY_DIM,CESASMWGWRAD003
CE_WGW_RAD_EXT_P1,,10-EXT-NW-DW_EXCH_RATE_FACT,DW_EXCH_RATE_FACT,CESASMWGWRAD003
CE_WGW_RAD_EXT_P1,,10-EXT-NW-NW_CRS_CUSTOMER_NAME_ADRS,NW_CRS_CUSTOMER_NAME_ADRS,CESASMWGWRAD003
CE_WGW_RAD_EXT_P1,,10-EXT-NW-NW_NZ_PROPERTY_ASSET_ADDRESS,NW_NZ_PROPERTY_ASSET_ADDRESS,CESASMWGWRAD003
CE_WGW_RAD_EXT_P1,,10-EXT-NW-NW_NZ_SECURITY_ACCOUNT,NW_NZ_SECURITY_ACCOUNT,CESASMWGWRAD003
CE_WGW_RAD_EXT_P1,,10-EXT-NW-NW_PRODUCT_RELATIONS,NW_PRODUCT_RELATIONS,CESASMWGWRAD003
CE_WGW_RAD_EXT_P1,,10-EXT-NW-NW_CCBHAV_CYCL_M_HIST_V,NW_CCBHAV_CYCL_M_HIST_V,CESASMWGWRAD003
CE_WGW_RAD_EXT_P1,,10-EXT-NW-NW_CIF_ACCOUNT_M_HIST,NW_CIF_ACCOUNT_M_HIST,CESASMWGWRAD003
CE_WGW_RAD_EXT_P1,,10-EXT-NW-NW_CRS_CUST_M_HIST,NW_CRS_CUST_M_HIST,CESASMWGWRAD003
CE_WGW_RAD_EXT_P1,,10-EXT-NW-NW_DS_CUSTOMER_M_HIST,NW_DS_CUSTOMER_M_HIST,CESASMWGWRAD003
CE_WGW_RAD_EXT_P1,,10-EXT-NW-NW_LI_ALL_M_HIST,NW_LI_ALL_M_HIST,CESASMWGWRAD003
CE_WGW_RAD_EXT_P1,,10-EXT-NW-NW_LI_FCLY_ALL_M_HIST,NW_LI_FCLY_ALL_M_HIST,CESASMWGWRAD003
CE_WGW_RAD_EXT_P1,,10-EXT-NW-NW_MD_CU_LIMIT_M_HIST,NW_MD_CU_LIMIT_M_HIST,CESASMWGWRAD003
CE_WGW_RAD_EXT_P1,,10-EXT-NW-NW_MD_FCA_M_HIST,NW_MD_FCA_M_HIST,CESASMWGWRAD003
CE_WGW_RAD_EXT_P1,,10-EXT-NW-NW_MD_MONY_MKT_M_HIST,NW_MD_MONY_MKT_M_HIST,CESASMWGWRAD003
CE_WGW_RAD_EXT_P1,,10-EXT-NW-NW_NC_CARD_M_HIST,NW_NC_CARD_M_HIST,CESASMWGWRAD003
CE_WGW_RAD_EXT_P1,,10-EXT-NW-NW_NZ_ACCTSEGM_M_HIST,NW_NZ_ACCTSEGM_M_HIST,CESASMWGWRAD003
CE_WGW_RAD_EXT_P1,,10-EXT-NW-NW_PZ_ACCOUNT_M_HIST,NW_PZ_ACCOUNT_M_HIST,CESASMWGWRAD003
CE_WGW_RAD_EXT_P1,,10-EXT-NW-NW_CONN_CUST_M_HIST,NW_CONN_CUST_M_HIST,CESASMWGWRAD003
CE_WGW_RAD_EXT_P1,,10-EXT-NW-NW_CIF_FACILTY_M_HIST,NW_CIF_FACILTY_M_HIST,CESASMWGWRAD003
CE_WGW_RAD_EXT_P1,,10-EXT-NW-NW_NZ_PROPERTY_ASSET_M_HIST,NW_NZ_PROPERTY_ASSET_M_HIST,CESASMWGWRAD003
CE_WGW_RAD_EXT_P1,,10-EXT-NW-NW_RP_TF_M_HIST,NW_RP_TF_M_HIST,CESASMWGWRAD003
CE_WGW_RAD_EXT_P1,,10-EXT-NW-DW_RISK_GRADE_REF,DW_RISK_GRADE_REF,CESASMWGWRAD003
CE_WGW_RAD_EXT_P1,,10-EXT-NW-NW_CUSTOMERS_ACCOUNTS_FULL_CUR,NW_CUSTOMERS_ACCOUNTS_FULL_CUR,CESASMWGWRAD003
CE_WGW_RAD_EXT_P1,,10-EXT-NW-NW_CUSTOMERS_ACCOUNTS_FULL,NW_CUSTOMERS_ACCOUNTS_FULL,CESASMWGWRAD003
CE_WGW_RAD_EXT_P1,,10-EXT-NW-NW_CR_IFRS_RISK_GRADE_REF,NW_CR_IFRS_RISK_GRADE_REF,CESASMWGWRAD003
CE_WGW_RAD_EXT_P1,,10-EXT-NW-NW_SECURITY_QUALITY_INDICATORS,NW_SECURITY_QUALITY_INDICATORS,CESASMWGWRAD003
CE_WGW_RAD_EXT_P1,,11-FXT-NW-NW_CRDT_CARD_M_HIST,NW_CRDT_CARD_M_HIST,CESASMWGWRAD003
CE_WGW_RAD_EXT_P1,,11-FXT-NW-NW_LEASE_M_HIST,NW_LEASE_M_HIST,CESASMWGWRAD003
CE_WGW_RAD_EXT_P1,,11-FXT-NW-NW_COLL_ACCOUNTS_HIST_EIL,NW_COLL_ACCOUNTS_HIST_EIL,CESASMWGWRAD003
CE_WGW_RAD_EXT_P1,,11-FXT-NW-NW_CRDT_CARD_M_HIST_MDBT,NW_CRDT_CARD_M_HIST_MDBT,CESASMWGWRAD003
CE_WGW_RAD_EXT_P1,,10-EXT-NW-DW_CR_RISK_ASSET_SUBCLASS_DIM,DW_CR_RISK_ASSET_SUBCLASS_DIM,CESASMWGWRAD003
CE_WGW_RAD_EXT_P1,,10-EXT-NW-NW_MI_DAILY_FX_RATE,NW_MI_DAILY_FX_RATE,CESASMWGWRAD003
CE_WGW_RAD_EXT_P1,,10-EXT-CRDM-CRDM_CRDT_CARD_LINK_V,CRDM_CRDT_CARD_LINK_V,CESASMWGWRAD003
CE_WGW_RAD_EXT_P1,,10-EXT-CRDM-CRDM_MRTG_SECY,CRDM_MRTG_SECY,CESASMWGWRAD003
CE_WGW_RAD_EXT_P1,,10-EXT-NW-NW_GL_ACTUAL_FRGN_HIST,NW_GL_ACTUAL_FRGN_HIST,CESASMWGWRAD003
CE_WGW_RAD_EXT_P1,,10-EXT-NW-NW_GL_ACTUAL_HIST,NW_GL_ACTUAL_HIST,CESASMWGWRAD003
CE_WGW_RAD_EXT_P1,,10-EXT-NW-NW_MSS_SECURITY_ASSETS_M_HIST,NW_MSS_SECURITY_ASSETS_M_HIST,CESASMWGWRAD003
CE_WGW_RAD_EXT_P1,,10-EXT-NW-NW_MSS_SECURITY_DETAILS_M_HIST,NW_MSS_SECURITY_DETAILS_M_HIST,CESASMWGWRAD003
CE_WGW_RAD_EXT_P1,,10-EXT-NW-NW_CR_BUSN_UNIT_PARM,NW_CR_BUSN_UNIT_PARM,CESASMWGWRAD003
CE_WGW_RAD_EXT_P1,,10-EXT-NW-NW_CONNECTIONS_M_HIST,NW_CONNECTIONS_M_HIST,CESASMWGWRAD003
CE_WGW_RAD_EXT_P2,,10-EXT-NW-NW_CONSUMER_LOAN_ACCOUNTS_FIX,NW_CONSUMER_LOAN_ACCOUNTS_FIX,CESASMWGWRAD006
CE_WGW_RAD_EXT_P2,,10-EXT-NW-NW_CREDIT_APPL_LOANS,NW_CREDIT_APPL_LOANS,CESASMWGWRAD006
CE_WGW_RAD_EXT_P2,,10-EXT-CRDM-CRDM_APPL_APPLCNT_CC_RISK_V,CRDM_APPL_APPLCNT_CC_RISK_V,CESASMWGWRAD006
CE_WGW_RAD_EXT_P2,,10-EXT-CRDM-CRDM_CRDT_CARD_LINK_DIM,CRDM_CRDT_CARD_LINK_DIM,CESASMWGWRAD006
CE_WGW_RAD_EXT_P2,,10-EXT-CRDM-CRDM_MORT_APP_FREQ_FACT,CRDM_MORT_APP_FREQ_FACT,CESASMWGWRAD006
CE_WGW_RAD_EXT_P2,,10-EXT-CRDM-CRDM_PLOAN_APP_FACT,CRDM_PLOAN_APP_FACT,CESASMWGWRAD006
CE_WGW_RAD_EXT_P2,,10-EXT-CRDM-CRDM_POD_APP_FACT,CRDM_POD_APP_FACT,CESASMWGWRAD006
CE_WGW_RAD_EXT_P2,,10-EXT-DM-BRDM_CENTRE,BRDM_CENTRE,CESASMWGWRAD006
CE_WGW_RAD_EXT_P2,,10-EXT-DM-BRDM_CLOSED_ACCT,BRDM_CLOSED_ACCT,CESASMWGWRAD006
CE_WGW_RAD_EXT_P2,,10-EXT-NW-NW_LEASE_INSTALMENTS,NW_LEASE_INSTALMENTS,CESASMWGWRAD006
CE_WGW_RAD_EXT_P2,,10-EXT-NW-NW_MARGIN_LENDING_M_HIST,NW_MARGIN_LENDING_M_HIST,CESASMWGWRAD006
CE_WGW_RAD_EXT_P2,,10-EXT-NW-NW_MERCH_M_HIST_PREV,NW_MERCH_M_HIST_PREV,CESASMWGWRAD006
CE_WGW_RAD_EXT_P2,,10-EXT-NW-NW_ML_FCLT_M_HIST_V,NW_ML_FCLT_M_HIST_V,CESASMWGWRAD006
CE_WGW_RAD_EXT_P2,,10-EXT-DM-BRDM_ACCT_BUSN_HIST_V,BRDM_ACCT_BUSN_HIST_V,CESASMWGWRAD006
CE_WGW_RAD_EXT_P2,,10-EXT-CRDM-CRDM_APPL_PLOAN_RISK_V,CRDM_APPL_PLOAN_RISK_V,CESASMWGWRAD006
CE_WGW_RAD_EXT_P2,,10-EXT-NW-NW_ACCOUNT_ADDRESSES,NW_ACCOUNT_ADDRESSES,CESASMWGWRAD006
CE_WGW_RAD_EXT_P2,,10-EXT-NW-NW_DEBIT_CARD_TRAN_M_SNAP,NW_DEBIT_CARD_TRAN_M_SNAP,CESASMWGWRAD006
CE_WGW_RAD_EXT_P2,,10-EXT-NW-NW_CREDIENT_ACCT_M_HIST,NW_CREDIENT_ACCT_M_HIST,CESASMWGWRAD006
CE_WGW_RAD_EXT_P2,,10-EXT-NW-NW_SETO_BALANCES_M_HIST,NW_SETO_BALANCES_M_HIST,CESASMWGWRAD006
CE_WGW_RAD_EXT_P2,,10-EXT-NW-NW_SETO_NETACCT_M_HIST,NW_SETO_NETACCT_M_HIST,CESASMWGWRAD006
CE_WGW_RAD_EXT_P2,,10-EXT-NW-NW_RAMS_ACCT_M_HIST,NW_RAMS_ACCT_M_HIST,CESASMWGWRAD006
CE_WGW_RAD_EXT_P2,,10-EXT-NW-NW_TRANSACTION_CODES,NW_TRANSACTION_CODES,CESASMWGWRAD006
CE_WGW_RAD_EXT_P2,,10-EXT-NW-NW_COLL_AC_ACTIVITIES_HIST,NW_COLL_AC_ACTIVITIES_HIST,CESASMWGWRAD006
CE_WGW_RAD_EXT_P2,,10-EXT-NW-NW_PBLM_CUST_M_HIST,NW_PBLM_CUST_M_HIST,CESASMWGWRAD006
CE_WGW_RAD_EXT_P2,,10-EXT-NW-NW_PBLM_GRP_STGY_M_HIST,NW_PBLM_GRP_STGY_M_HIST,CESASMWGWRAD006
CE_WGW_RAD_EXT_P2,,10-EXT-NW-DW_CR_IP_GRP_DIM,DW_CR_IP_GRP_DIM,CESASMWGWRAD006
CE_WGW_RAD_EXT_P2,,10-EXT-NW-NW_EXCHANGE_RATE_M_HIST,NW_EXCHANGE_RATE_M_HIST,CESASMWGWRAD006
CE_WGW_RAD_EXT_P2,,10-EXT-NW-DW_CR_FCLY_AR_DIM,DW_CR_FCLY_AR_DIM,CESASMWGWRAD006
CE_WGW_RAD_EXT_P2,,10-EXT-NW-DW_GRP_CR_FCLY_AR_FACT,DW_GRP_CR_FCLY_AR_FACT,CESASMWGWRAD006
CE_WGW_RAD_EXT_P2,,10-EXT-NW-DW_PDCT_DIM,DW_PDCT_DIM,CESASMWGWRAD006
CE_WGW_RAD_EXT_P2,,10-EXT-NW-DW_CR_INDUSTRY_DIM,DW_CR_INDUSTRY_DIM,CESASMWGWRAD006
CE_WGW_RAD_EXT_P2,,10-EXT-NW-NW_BRANCHES,NW_BRANCHES,CESASMWGWRAD006
CE_WGW_RAD_EXT_P2,,10-EXT-NW-NW_COLL_ACCOUNTS_YYYYMM,NW_COLL_ACCOUNTS_YYYYMM,CESASMWGWRAD006
CE_WGW_RAD_EXT_P2,,10-EXT-NW-NW_PBLM_CFLW_CUST_M_HIST,NW_PBLM_CFLW_CUST_M_HIST,CESASMWGWRAD006
CE_WGW_RAD_EXT_P2,,10-EXT-NW-NW_PBLM_STRATEGY_CODES,NW_PBLM_STRATEGY_CODES,CESASMWGWRAD006
CE_WGW_RAD_EXT_P2,,10-EXT-NW-NW_ACCOUNT_LOAN_GRADES,NW_ACCOUNT_LOAN_GRADES,CESASMWGWRAD006
CE_WGW_RAD_EXT_P2,,10-EXT-NW-NW_CR_BASEL_PRODUCTS_PARM,NW_CR_BASEL_PRODUCTS_PARM,CESASMWGWRAD006
CE_WGW_RAD_EXT_P2,,10-EXT-NW-DW_CR_FCLY_AR_DIM_ACCTID_V,DW_CR_FCLY_AR_DIM_ACCTID_V,CESASMWGWRAD006
CE_WGW_RAD_EXT_P2,,10-EXT-NW-DW_CR_IP_DIM_CUSTID_V,DW_CR_IP_DIM_CUSTID_V,CESASMWGWRAD006
CE_WGW_RAD_EXT_P2,,10-EXT-NW-DW_GRP_CR_FCLY_RPRT_FACT,DW_GRP_CR_FCLY_RPRT_FACT,CESASMWGWRAD006
CE_WGW_RAD_EXT_P2,,10-EXT-NW-NW_ORGANISATION_UNIT_STRUCTURE,NW_ORGANISATION_UNIT_STRUCTURE,CESASMWGWRAD006
CE_WGW_RAD_EXT_P2,,10-EXT-NW-NW_CREDIENT_ACCT_M_HIST_V,NW_CREDIENT_ACCT_M_HIST_V,CESASMWGWRAD006
CE_WGW_RAD_EXT_P2,,10-EXT-NW-NW_INDUSTRY,NW_INDUSTRY,CESASMWGWRAD006
CE_WGW_RAD_EXT_P2,,10-EXT-NW-NW_CR_CUST_M_HIST,NW_CR_CUST_M_HIST,CESASMWGWRAD006
CE_WGW_RAD_POL_P1,,00-CTL-XDW_RAD_POLL_WGW_P1,,CESASMWGWRAD002
CE_WGW_RAD_POL_P2,,00-CTL-XDW_RAD_POLL_WGW_P2,,CESASMWGWRAD005
CE_ETL_BFN,CE_BSE_ACCT_BFN,00-SYS-ARREARS,,
CE_ETL_BFN,CE_BSE_ACCT_BFN,20-BSE_ACCT_BFN-00001,,
CE_ETL_BFN,CE_BSE_ACCT_CUST_BFN_LLVR,20-LLVR_BFN,,
CE_ETL_BFN,CE_INT_BFN,60-OUT_DS_OT_BFN,,
CE_ETL_BFN,CE_INT_BFN,60-OUT_OT_BFN,,
CE_ETL_BTML,CE_BSE_ACCT_BTML,20-BSE_ACCT_NEX,,
CE_ETL_BTML,CE_INT_BTML,60-OUT_DS_ML_NEX,,
CE_ETL_BTML,CE_INT_BTML,60-OUT_ML_NEX,,
CE_ETL_CFAL,CE_BSE_ACCT_LLA,20-BSE_ACCT_LLA-00001,,
CE_ETL_CFAL,CE_BSE_ACCT_LLA,20-BSE_ACCT_LLA-00002,,
CE_ETL_CFAL,CE_BSE_ACCT_LLA,20-BSE_ACCT_LLA-00003,,
CE_ETL_CFAL,CE_BSE_ACCT_LLA,20-BSE_ACCT_LLA-00004,,
CE_ETL_CFAL,CE_BSE_ACCT_LLA,20-BSE_ACCT_LLA-00005,,
CE_ETL_CFAL,CE_BSE_ACCT_LLA,20-BSE_ACCT_LLA-00006,,
CE_ETL_CFAL,CE_BSE_ACCT_LLA,20-BSE_ACCT_LLA-00007,,
CE_ETL_CFAL,CE_BSE_ACCT_LLA,20-BSE_ACCT_LLA-00008,,
CE_ETL_CFAL,CE_BSE_ACCT_LLA,21-BSE_ACCT_LLA-00001,,
CE_ETL_CFAL,CE_BSE_ACCT_LLA,21-BSE_ACCT_LLA-00002,,
CE_ETL_CFAL,CE_BSE_ACCT_LLA,21-BSE_ACCT_LLA-00003,,
CE_ETL_CFAL,CE_BSE_ACCT_LLA,21-BSE_ACCT_LLA-00004,,
CE_ETL_CFAL,CE_BSE_ACCT_LLA,22-BSE_ACCT_LLA-00001,,
CE_ETL_CFAL,CE_DRV_ACCT_CUST_LLA,50-DRV_ACCT_LLA,,
CE_ETL_CFAL,CE_INT_CFAL,60-OUT_DS_SMER_CFL,,
CE_ETL_CFAL,CE_INT_CFAL,60-OUT_DS_VF_CFL,,
CE_ETL_CFAL,CE_INT_CFAL,60-OUT_SMER_CFL,,
CE_ETL_CFAL,CE_INT_CFAL,60-OUT_VF_CFL,,
CE_ETL_CFAL,CE_LAG_CUST_CFAL,40-LAG_ACCT_CUST_CFAL,,
CE_ETL_CFAL,CE_LAG_CUST_LLA,40-LAG_ACCT_CUST_BDF_LLA,,
CE_ETL_CFAL,CE_LAG_CUST_LLA,40-LAG_ACCT_GRP_BRCC_LLA,,
CE_ETL_CFAL,CE_TAG_ACCT_CFAL,30-TAG_PRCU_BASEL_DEFAULT_FLG_CFAL,,
CE_ETL_CFAL,CE_TAG_ACCT_CFAL,30-TAG_PRCU_HARDSHIP_FLG_CFAL,,
CE_ETL_CFAL,CE_TAG_ACCT_LLA,30-TAG_ACCT_NUM_DAYS_DELQ_LLA,,
CE_ETL_IDM_OUTB,,00-SYS-ENV_SETUP_ETL,,
CE_ETL_IDM_OUTB,CE_ETL_CMN,00-SYS-AUTO_ECL_RAD,,
CE_ETL_IDM_OUTB,CE_ETL_CMN,20-BSE-VW-ACCT,,
CE_ETL_IDM_OUTB,CE_ETL_CMN,20-BSE-VW-ACCT_FIN,,
CE_ETL_IDM_OUTB,CE_ETL_CMN,20-BSE-VW-ACCT_FUNDS_TRANSFER,,
CE_ETL_IDM_OUTB,CE_ETL_CMN,20-BSE-VW-ACCT_LOAN,,
CE_ETL_IDM_OUTB,CE_ETL_CMN,20-BSE-VW-ACCT_LOAN_CONDUCT,,
CE_ETL_IDM_OUTB,CE_ETL_CMN,20-BSE-VW-BASE_EXT_WBC_NW_CD_CUSTOMER_H,,
CE_ETL_IDM_OUTB,CE_ETL_CMN,20-BSE-VW-BASE_ROLLUP_SECURITY_MAPPING,,
CE_ETL_IDM_OUTB,CE_ETL_CMN,20-BSE-VW-CRDM_CRDT_CARD_LINK_V,,
CE_ETL_IDM_OUTB,CE_ETL_CMN,20-BSE-VW-DW_EXCH_RATE_FACT,,
CE_ETL_IDM_OUTB,CE_ETL_CMN,20-BSE-VW-DW_RISK_GRADE_REF,,
CE_ETL_IDM_OUTB,CE_ETL_CMN,20-BSE-VW-LG_HIER_CENTRE,,
CE_ETL_IDM_OUTB,CE_ETL_CMN,20-BSE-VW-NW_CC_ASSOCIATED_CARD_NUMBER,,
CE_ETL_IDM_OUTB,CE_ETL_CMN,20-BSE-VW-NW_CR_UNSC_INVT_NUMB_PARM_REF,,
CE_ETL_IDM_OUTB,CE_ETL_CMN,20-BSE-VW-NW_INDUSTRY,,
CE_ETL_IDM_OUTB,CE_ETL_CMN,20-BSE-VW-NW_ORGANISATION_UNIT_RELATIONS,,
CE_ETL_IDM_OUTB,CE_ETL_CMN,20-BSE-VW-NW_PBLM_ACCOUNTING,,
CE_ETL_IDM_OUTB,CE_ETL_CMN,20-BSE-VW-ZCMS_ACCOUNT_SPF,,
CE_ETL_IDM_OUTB,CE_ETL_CMN,20-BSE-VW-ZCMS_CUSTOMER_RISK_GRADE,,
CE_ETL_IDM_OUTB,CE_ETL_CMN,20-BSE-VW-ZCMS_MAP_ACCOUNT,,
CE_ETL_IDM_OUTB,CE_ETL_CMN,20-BSE_GENERAL,,
CE_ETL_IDM_OUTB,CE_ETL_CMN,20-BSE_GENERAL_EXTRA,,
CE_ETL_IDM_OUTB,CE_ETL_CMN_WBC,20-BSE_ACCT_WBC-00001,,
CE_ETL_IDM_OUTB,CE_ETL_CMN_WBC,20-BSE_ACCT_WBC-00002,,
CE_ETL_IDM_OUTB,CE_ETL_CMN_WBC,20-BSE_ACCT_WBC-00003,,
CE_ETL_IDM_OUTB,CE_ETL_CMN_WBC,20-BSE_ACCT_WBC-00004,,
CE_ETL_IDM_OUTB,CE_ETL_CMN_WBC,20-BSE_ACCT_WBC-00005,,
CE_ETL_IDM_OUTB,CE_ETL_CMN_WBC,20-BSE_ACCT_WBC-00006,,
CE_ETL_IDM_OUTB,CE_ETL_CMN_WBC,20-BSE_ACCT_WBC-00007,,
CE_ETL_IDM_OUTB,CE_ETL_CMN_WBC,20-BSE_ACCT_WBC-00008,,
CE_ETL_IDM_OUTB,CE_ETL_CMN_WBC,20-BSE_ACCT_WBC-00009,,
CE_ETL_IDM_OUTB,CE_ETL_CMN_WBC,20-BSE_ACCT_WBC-00010,,
CE_ETL_IDM_OUTB,CE_ETL_CMN_WBC,20-BSE_ACCT_WBC-00011,,
CE_ETL_IDM_OUTB,CE_ETL_CMN_WBC,20-BSE_ACCT_WBC-00012,,
CE_ETL_IDM_OUTB,CE_ETL_CMN_WBC,20-BSE_ACCT_WBC-00013,,
CE_ETL_IDM_OUTB,CE_ETL_CMN_WBC,20-BSE_ACCT_WBC-00014,,
CE_ETL_IDM_OUTB,CE_ETL_CMN_WBC,20-BSE_CUST_WBC-00001,,
CE_ETL_IDM_OUTB,CE_ETL_CMN_WBC,20-BSE_CUST_WBC-00002,,
CE_ETL_IDM_OUTB,CE_ETL_CMN_WBC,20-BSE_CUST_WBC-00003,,
CE_ETL_IDM_OUTB,CE_ETL_CMN_WBC,21-BSE_CUST_WBC-00001,,
CE_ETL_IDM_OUTB,CE_ETL_WIB,60-OUT_TM_WIB,,
CE_ETL_IDM_OUTB,CE_IDM,90-IDM-PRELANDING-DS-ECLIP-00001,,
CE_ETL_IDM_OUTB,CE_IDM,91-IDM-ECL-DATA-ADJ-TARGET-00001,,
CE_ETL_IDM_OUTB,CE_IDM,91-IDM-ECL-EAD-FACTOR-TARGET-00001,,
CE_ETL_IDM_OUTB,CE_IDM,91-IDM-ECL-FACTORS-TARGET-00001,,
CE_ETL_IDM_OUTB,CE_IDM,91-IDM-ECL-LGD-FACTOR-TARGET-00001,,
CE_ETL_IDM_OUTB,CE_IDM,91-IDM-ECL-PD-FACTOR-TARGET-00001,,
CE_ETL_IDM_OUTB,CE_IDM,91-IDM-ECL-SOC-ECONOMIC-DATA-TARGET-00001,,
CE_ETL_IDM_OUTB,CE_IDM,91-IDM-ECL-SOC-MULTI-YR-TARGET-00001,,
CE_ETL_IDM_OUTB,CE_IDM,91-IDM-ECL-SOC-TARGET-00001,,
CE_ETL_IDM_OUTB,CE_IDM,91-IDM-ECL-TARGET-00001,,
CE_ETL_IDM_OUTB,CE_IDM,91-IDM-EXP-TARGET-00001,,
CE_ETL_IDM_OUTB,CE_IDM,91-IDM-IAP-TARGET-00001,,
CE_ETL_IDM_OUTB,CE_IDM,92-IDM-FAH-PROVISION_INPUT-00001,,
CE_ETL_IDM_OUTB,CE_IDM,93-IDM-EIG-FAH-VIEW-00001,,
CE_ETL_IDM_OUTB,CE_IDM,93-IDM-ISP-ECL-VIEW-00001,,
CE_ETL_IDM_OUTB,CE_IDM,93-IDM-ISP-EXPOSURE-VIEW-00001,,
CE_ETL_IDM_OUTB,CE_IDM,93-IDM-ISP-IAP-VIEW-00001,,
CE_ETL_IDM_OUTB,CE_IDM,93-IDM-NZ-ECL01-ECL-SOC-VIEW-00001,,
CE_ETL_IDM_OUTB,CE_IDM,93-IDM-NZ-ECL02-PD-FACTORS-VIEW-00001,,
CE_ETL_IDM_OUTB,CE_IDM,93-IDM-NZ-ECL03-SOC-MULTI-YR-VIEW-00001,,
CE_ETL_IDM_OUTB,CE_IDM,93-IDM-NZ-ECL04-LGD-FACTORS-VIEW-00001,,
CE_ETL_IDM_OUTB,CE_IDM,93-IDM-NZ-ECL05-EAD-FACTORS-VIEW-00001,,
CE_ETL_IDM_OUTB,CE_IDM,93-IDM-NZ-ECL06-FACTORS-VIEW-00001,,
CE_ETL_IDM_OUTB,CE_IDM,93-IDM-NZ-ECL07-SOC-ECO-VIEW-00001,,
CE_ETL_IDM_OUTB,CE_IDM,93-IDM-NZ-ECL08-DATA-ADJ-VIEW-00001,,
CE_ETL_IDM_OUTB,CE_IDM,93-IDM-NZ-ECL09-IAP-VIEW-00001,,
CE_ETL_IDM_OUTB,CE_IDM,93-IDM-NZ-ECL10-EXPOSURE-VIEW-00001,,
CE_ETL_IDM_OUTB,CE_IDM,93-IDM-NZ-ECL11-ECL-VIEW-00001,,
CE_ETL_IDM_OUTB,CE_IDM,93-IDM-PAC-EXPECTEDCREDITLOSS-WP-VIEW-00001,,
CE_ETL_IDM_OUTB,CE_MONTHLY_ORG_UPDATE,00-SYS-CREDIT_CARDS_ORG_MONTHLY_UPDATE,,
CE_ETL_IDM_OUTB,CE_MONTHLY_ORG_UPDATE,00-SYS-ENV_SETUP_ORG,,
CE_ETL_IDM_OUTB,CE_MONTHLY_ORG_UPDATE,00-SYS-RAMS_ORG_MONTHLY_UPDATE,,
CE_ETL_IDM_OUTB,CE_MONTHLY_ORG_UPDATE,00-SYS-RETAIL_NON_CC_ORG_MONTHLY_UPDATE,,
CE_ETL_IDM_OUTB,CE_MONTHLY_ORG_UPDATE,00-SYS-TM_SMER_ORG_MONTHLY_UPDATE,,
CE_ETL_IDM_OUTB,CE_OUTB_FAH,94-IDM-EIG-FAH-00001,,
CE_ETL_IDM_OUTB,CE_OUTB_ISP,94-IDM-ISP-ECL-OUTPUTS-00001,,
CE_ETL_IDM_OUTB,CE_OUTB_ISP,94-IDM-ISP-EXPOSURE-OUTPUTS-00001,,
CE_ETL_IDM_OUTB,CE_OUTB_ISP,94-IDM-ISP-IAP-OUTPUTS-00001,,
CE_ETL_IDM_OUTB,CE_OUTB_NZ,94-IDM-NZ-ECL01-ECL-SOC-OUTPUT-00001,,
CE_ETL_IDM_OUTB,CE_OUTB_NZ,94-IDM-NZ-ECL02-PD-FACTORS-OUTPUT-00001,,
CE_ETL_IDM_OUTB,CE_OUTB_NZ,94-IDM-NZ-ECL03-SOC-MULTI-YR-OUTPUT-00001,,
CE_ETL_IDM_OUTB,CE_OUTB_NZ,94-IDM-NZ-ECL04-LGD-FACTORS-OUTPUT-00001,,
CE_ETL_IDM_OUTB,CE_OUTB_NZ,94-IDM-NZ-ECL05-EAD-FACTORS-OUTPUT-00001,,
CE_ETL_IDM_OUTB,CE_OUTB_NZ,94-IDM-NZ-ECL06-FACTORS-OUTPUT-00001,,
CE_ETL_IDM_OUTB,CE_OUTB_NZ,94-IDM-NZ-ECL07-SOC-ECONOMIC-DATA-00001,,
CE_ETL_IDM_OUTB,CE_OUTB_NZ,94-IDM-NZ-ECL08-DATA-ADJ-OUTPUT-00001,,
CE_ETL_IDM_OUTB,CE_OUTB_NZ,94-IDM-NZ-ECL09-IAP-00001,,
CE_ETL_IDM_OUTB,CE_OUTB_NZ,94-IDM-NZ-ECL10-EXPOSURE-00001,,
CE_ETL_IDM_OUTB,CE_OUTB_NZ,94-IDM-NZ-ECL11-ECL-OUTPUT-00001,,
CE_ETL_IDM_OUTB,CE_OUTB_PAC,94-IDM-PAC-EXPECTEDCREDITLOSS-WP-00001,,
CE_ETL_PRB,CE_BSE_PRB_ALL,20-BSE_ACCT_ODS-00001,,
CE_ETL_PRB,CE_INT_PRB,60-OUT_DS_OT_PRB,,
CE_ETL_PRB,CE_INT_PRB,60-OUT_DS_TM_PRB,,
CE_ETL_PRB,CE_INT_PRB,60-OUT_OT_PRB,,
CE_ETL_PRB,CE_INT_PRB,60-OUT_TM_PRB,,
CE_ETL_RAMS,CE_BSE_ACCT_RAMS,20-BSE_ACCT_RAM-00001,,
CE_ETL_RAMS,CE_BSE_ACCT_RAMS,20-BSE_ACCT_RAM-00002,,
CE_ETL_RAMS,CE_BSE_ACCT_RAMS,20-BSE_ACCT_RAM-00003,,
CE_ETL_RAMS,CE_BSE_ACCT_RAMS,20-BSE_ACCT_RAM-00004,,
CE_ETL_RAMS,CE_BSE_ACCT_RAMS,21-BSE_ACCT_RAM-00001,,
CE_ETL_RAMS,CE_DRV_ACCT_RAMS,50-DRV_ACCT_RAM,,
CE_ETL_RAMS,CE_INT_RAMS_HL,60-OUT_DS_HL_RAM,,
CE_ETL_RAMS,CE_INT_RAMS_HL,60-OUT_HL_RAM,,
CE_ETL_RAMS,CE_TAG_ACCT_RAMS,30-TAG_ACCT_BASEL_DEFAULT_FLG_RAM,,
CE_ETL_RAMS,CE_TAG_ACCT_RAMS,30-TAG_ACCT_DELQ_STATUS_RAM,,
CE_ETL_RAMS,CE_TAG_ACCT_RAMS,30-TAG_ACCT_HARDSHIP_FLG_RAM,,
CE_ETL_RAMS,CE_TAG_ACCT_RAMS,30-TAG_ACCT_NUM_MTHLY_REPAY_DELQ_RAM,,
CE_ETL_RAMS,CE_TAG_ACCT_RAMS,30-TAG_ACCT_OUTS_BAL_RAM,,
CE_ETL_RAMS,CE_TAG_ACCT_RAMS,30-TAG_ACCT_TOT_LMT_RAM,,
CE_ETL_SGB,CE_ALC1_PFL_SGB,20-ALC1_FOLIO_SGB,,
CE_ETL_SGB,CE_ALC2_ACCT_SGB,20-ALC2_ACCT_SGB,,
CE_ETL_SGB,CE_ALC2_FCLY_SGB,20-ALC2_FCLY_SGB,,
CE_ETL_SGB,CE_ALC3_ACCT_SGB,20-ALC3_ACCT_SGB,,
CE_ETL_SGB,CE_BSE_ACCT_SGB_ALL,20-BSE_ACCT_SGB-00001,,
CE_ETL_SGB,CE_BSE_ACCT_SGB_ALL,20-BSE_ACCT_SGB-00002,,
CE_ETL_SGB,CE_BSE_ACCT_SGB_ALL,20-BSE_ACCT_SGB-00003,,
CE_ETL_SGB,CE_BSE_ACCT_SGB_ALL,20-BSE_ACCT_SGB-00004,,
CE_ETL_SGB,CE_BSE_ACCT_SGB_ALL,20-BSE_ACCT_SGB-00005,,
CE_ETL_SGB,CE_BSE_ACCT_SGB_ALL,20-BSE_ACCT_SGB-00006,,
CE_ETL_SGB,CE_BSE_ACCT_SGB_ALL,20-BSE_ACCT_SGB-00007,,
CE_ETL_SGB,CE_BSE_ACCT_SGB_ALL,20-BSE_ACCT_SGB-00008,,
CE_ETL_SGB,CE_BSE_ACCT_SGB_ALL,20-BSE_ACCT_SGB-00009,,
CE_ETL_SGB,CE_BSE_ACCT_SGB_ALL,20-BSE_ACCT_SGB-00010,,
CE_ETL_SGB,CE_BSE_ACCT_SGB_ALL,20-BSE_ACCT_SGB-00011,,
CE_ETL_SGB,CE_BSE_ACCT_SGB_ALL,20-BSE_ACCT_SGB-00012,,
CE_ETL_SGB,CE_BSE_ACCT_SGB_ALL,20-BSE_ACCT_SGB-00013,,
CE_ETL_SGB,CE_BSE_ACCT_SGB_ALL,20-BSE_ACCT_SGB-00014,,
CE_ETL_SGB,CE_BSE_ACCT_SGB_ALL,20-BSE_ACCT_SGB-00015,,
CE_ETL_SGB,CE_BSE_ACCT_SGB_ALL,20-BSE_ACCT_SGB-00016,,
CE_ETL_SGB,CE_BSE_ACCT_SGB_ALL,20-BSE_ACCT_SGB-00017,,
CE_ETL_SGB,CE_BSE_ACCT_SGB_ALL,20-BSE_ACCT_SGB-00018,,
CE_ETL_SGB,CE_BSE_ACCT_SGB_ALL,20-BSE_ACCT_SGB-00019,,
CE_ETL_SGB,CE_BSE_ACCT_SGB_ALL,20-BSE_ACCT_SGB-00021,,
CE_ETL_SGB,CE_BSE_ACCT_SGB_ALL,20-BSE_ACCT_SGB-00022,,
CE_ETL_SGB,CE_BSE_ACCT_SGB_ALL,20-BSE_ACCT_SGB-00023,,
CE_ETL_SGB,CE_BSE_ACCT_SGB_ALL,20-BSE_ACCT_SGB-00024,,
CE_ETL_SGB,CE_BSE_ACCT_SGB_ALL,20-BSE_ACCT_SGB-00025,,
CE_ETL_SGB,CE_BSE_ACCT_SGB_ALL,20-BSE_ACCT_SGB-00026,,
CE_ETL_SGB,CE_BSE_ACCT_SGB_ALL,20-BSE_ACCT_SGB-00027,,
CE_ETL_SGB,CE_BSE_ACCT_SGB_ALL,20-BSE_ACCT_SGB-00028,,
CE_ETL_SGB,CE_BSE_ACCT_SGB_ALL,20-BSE_ACCT_SGB-00031,,
CE_ETL_SGB,CE_BSE_ACCT_SGB_ALL,20-BSE_ACCT_SGB-00032,,
CE_ETL_SGB,CE_BSE_ACCT_SGB_ALL,20-BSE_ACCT_SGB-00033,,
CE_ETL_SGB,CE_BSE_ACCT_SGB_ALL,20-BSE_ACCT_SGB-00034,,
CE_ETL_SGB,CE_BSE_ACCT_SGB_ALL,20-BSE_ACCT_SGB-00035,,
CE_ETL_SGB,CE_BSE_ACCT_SGB_ALL,20-BSE_ACCT_SGB-00036,,
CE_ETL_SGB,CE_BSE_ACCT_SGB_ALL,21-BSE_ACCT_SGB-00001,,
CE_ETL_SGB,CE_BSE_CMN_SGB,20-BSE_GENERAL_SGB,,
CE_ETL_SGB,CE_BSE_CUST_SGB,20-BSE_CUST_SGB-00001,,
CE_ETL_SGB,CE_BSE_CUST_SGB,20-BSE_CUST_SGB-00002,,
CE_ETL_SGB,CE_BSE_CUST_SGB,20-BSE_CUST_SGB-00003,,
CE_ETL_SGB,CE_BSE_CUST_SGB,20-BSE_CUST_SGB-00004,,
CE_ETL_SGB,CE_BSE_CUST_SGB,20-BSE_CUST_SGB-00005,,
CE_ETL_SGB,CE_BSE_CUST_SGB,20-BSE_CUST_SGB-00006,,
CE_ETL_SGB,CE_BSE_CUST_SGB,20-BSE_CUST_SGB-00007,,
CE_ETL_SGB,CE_BSE_CUST_SGB,21-BSE_CUST_SGB-00001,,
CE_ETL_SGB,CE_BSE_FCLY_SGB,20-BSE_FCLY_SGB-00001,,
CE_ETL_SGB,CE_BSE_FCLY_SGB,20-BSE_FCLY_SGB-00002,,
CE_ETL_SGB,CE_BSE_FCLY_SGB,20-BSE_FCLY_SGB-00003,,
CE_ETL_SGB,CE_BSE_FCLY_SGB,20-BSE_FCLY_SGB-00004,,
CE_ETL_SGB,CE_BSE_FCLY_SGB,20-BSE_FCLY_SGB-00005,,
CE_ETL_SGB,CE_BSE_FCLY_SGB,21-BSE_FCLY_SGB-00001,,
CE_ETL_SGB,CE_BSE_PFL_SGB,20-BSE_FOLIO_SGB-00001,,
CE_ETL_SGB,CE_BSE_PFL_SGB,20-BSE_FOLIO_SGB-00002,,
CE_ETL_SGB,CE_BSE_PFL_SGB,21-BSE_FOLIO_SGB-00001,,
CE_ETL_SGB,CE_DRV_ACCT_SGB,50-DRV_ACCT_SGB,,
CE_ETL_SGB,CE_INT_SGB_CC,60-OUT_CC_SGB,,
CE_ETL_SGB,CE_INT_SGB_CC,60-OUT_DS_CC_SGB,,
CE_ETL_SGB,CE_INT_SGB_HL,60-OUT_DS_HL_SGB,,
CE_ETL_SGB,CE_INT_SGB_HL,60-OUT_HL_SGB,,
CE_ETL_SGB,CE_INT_SGB_PL,60-OUT_DS_PL_SGB,,
CE_ETL_SGB,CE_INT_SGB_PL,60-OUT_PL_SGB,,
CE_ETL_SGB,CE_INT_SGB_SIMP,60-OUT_DS_SIMP_SGB,,
CE_ETL_SGB,CE_INT_SGB_SIMP,60-OUT_SIMP_SGB,,
CE_ETL_SGB,CE_INT_SGB_SMER,60-OUT_DS_SMER_SGB,,
CE_ETL_SGB,CE_INT_SGB_SMER,60-OUT_SMER_SGB,,
CE_ETL_SGB,CE_INT_SGB_TM,60-OUT_DS_TM_SGB,,
CE_ETL_SGB,CE_INT_SGB_TM,60-OUT_TM_SGB,,
CE_ETL_SGB,CE_INT_SGB_VF,60-OUT_DS_VF_SGB,,
CE_ETL_SGB,CE_INT_SGB_VF,60-OUT_VF_SGB,,
CE_ETL_SGB,CE_LAG1_ACCT_PFL_SGB,40-LAG1_ACCT_FOLIO_SGB,,
CE_ETL_SGB,CE_LAG2_ACCT_FCLY_CONN_SGB_BRCC,40-LAG2_ACFY_CONN_SGB_BRCC,,
CE_ETL_SGB,CE_LAG2_ACCT_FCLY_CUST_SGB_RG,40-LAG2_ACFY_CUST_SGB_RG,,
CE_ETL_SGB,CE_LAG3_ACCT_CUST_SGB_BDF,40-LAG3_ACCT_CUST_SGB_BDF,,
CE_ETL_SGB,CE_LAG_ACCT_CUST_SGB,40-LAG_ACCT_CUST_SGB,,
CE_ETL_SGB,CE_LIN2_ACCT_FCLY_SGB_BUS,20-LIN2_ACFY_BUS_SGB,,
CE_ETL_SGB,CE_LIN2_ACCT_FCLY_SGB_RG,20-LIN2_ACFY_RG_SGB,,
CE_ETL_SGB,CE_TAG1_PFL_SGB_CURR_BAL,30-TAG1_FOLIO_CURR_BAL_SGB,,
CE_ETL_SGB,CE_TAG1_PFL_SGB_TOT_LMT,30-TAG1_FOLIO_TOT_LMT_SGB,,
CE_ETL_SGB,CE_TAG_ACCT_CUST_SGB,30-TAG_ACCT_BASEL_DEFAULT_FLG_SGB,,
CE_ETL_SGB,CE_TAG_ACCT_CUST_SGB,30-TAG_ACCT_CR_TOVER_SGB,,
CE_ETL_SGB,CE_TAG_ACCT_CUST_SGB,30-TAG_ACCT_CURR_BAL_SGB,,
CE_ETL_SGB,CE_TAG_ACCT_CUST_SGB,30-TAG_ACCT_CYCLE_DELQ_SGB,,
CE_ETL_SGB,CE_TAG_ACCT_CUST_SGB,30-TAG_ACCT_DELQ_STATUS_SGB,,
CE_ETL_SGB,CE_TAG_ACCT_CUST_SGB,30-TAG_ACCT_DR_TOVER_SGB,,
CE_ETL_SGB,CE_TAG_ACCT_CUST_SGB,30-TAG_ACCT_HARDSHIP_FLG_SGB,,
CE_ETL_SGB,CE_TAG_ACCT_CUST_SGB,30-TAG_ACCT_LAST_DATE_EXCS_DUR_MTH_SGB,,
CE_ETL_SGB,CE_TAG_ACCT_CUST_SGB,30-TAG_ACCT_NET_TOVER_SGB,,
CE_ETL_SGB,CE_TAG_ACCT_CUST_SGB,30-TAG_ACCT_NUM_CASH_ADV_SGB,,
CE_ETL_SGB,CE_TAG_ACCT_CUST_SGB,30-TAG_ACCT_NUM_CR_SGB,,
CE_ETL_SGB,CE_TAG_ACCT_CUST_SGB,30-TAG_ACCT_NUM_DAYS_DELQ_SGB,,
CE_ETL_SGB,CE_TAG_ACCT_CUST_SGB,30-TAG_ACCT_NUM_DAYS_EXCS_DUR_MTH_SGB,,
CE_ETL_SGB,CE_TAG_ACCT_CUST_SGB,30-TAG_ACCT_NUM_DR_SGB,,
CE_ETL_SGB,CE_TAG_ACCT_CUST_SGB,30-TAG_ACCT_NUM_OUTW_DISHON_SGB,,
CE_ETL_SGB,CE_TAG_ACCT_CUST_SGB,30-TAG_ACCT_OUTS_BAL_SGB,,
CE_ETL_SGB,CE_TAG_ACCT_CUST_SGB,30-TAG_ACCT_TOT_LMT_SGB,,
CE_ETL_SGB,CE_TAG_ACCT_CUST_SGB,30-TAG_PRCU_BASEL_DEFAULT_FLG_SGB,,
CE_ETL_SGB,CE_TAG_ACCT_CUST_SGB,30-TAG_PRCU_CURR_BAL_CC_SGB,,
CE_ETL_SGB,CE_TAG_ACCT_CUST_SGB,30-TAG_PRCU_HARDSHIP_FLG_SGB,,
CE_ETL_SGB,CE_TAG_ACCT_CUST_SGB,30-TAG_PRCU_MIN_CURR_BAL_TRSV_SGB,,
CE_ETL_SGB,CE_TAG_ACCT_CUST_SGB,30-TAG_PRCU_OUTS_BAL_CC_SGB,,
CE_ETL_SGB,CE_TAG_ACCT_CUST_SGB,30-TAG_PRCU_SUM_CTO_BT_SGB,,
CE_ETL_SGB,CE_TAG_ACCT_CUST_SGB,30-TAG_PRCU_SUM_CTO_CC_SGB,,
CE_ETL_SGB,CE_TAG_ACCT_CUST_SGB,30-TAG_PRCU_TOT_LMT_CC_SGB,,
CE_ETL_SGB,CE_TAG_ACCT_CUST_SGB,30-TAG_PRCU_WORST_DELQ_LOAN_SGB,,
CE_ETL_SGB,CE_TAG_ACCT_CUST_SGB,30-TAG_PSCU_CURR_BAL_TRSV_SGB,,
CE_ETL_SGB,CE_TAG_ACCT_CUST_SGB,30-TAG_PSCU_WORST_CYCLE_DELQ_SGB,,
CE_ETL_SGB,CE_TAG_ACCT_CUST_SGB,30-TAG_PSCU_WORST_DELQ_ACTV_TR_SGB,,
CE_ETL_SGB,CE_TAG_ACCT_CUST_SGB,30-TAG_PSCU_WORST_DELQ_HL_SGB,,
CE_ETL_SGB,CE_TAG_ACCT_CUST_SGB,30-TAG_PSCU_WORST_DELQ_PL_SGB,,
CE_ETL_SGB,CE_TAG_ACCT_CUST_SGB,30-TAG_PSCU_WORST_DELQ_TR_SGB,,
CE_ETL_WBC,CE_ALC2_ACCT_CUST_WBC_CB,20-ALC2_ACCT_CB,,
CE_ETL_WBC,CE_ALC2_ACCT_CUST_WBC_CB,20-ALC2_FCLY_CB,,
CE_ETL_WBC,CE_ALC2_ACCT_CUST_WBC_CC,20-ALC2_ACCT_CC,,
CE_ETL_WBC,CE_ALC2_ACCT_CUST_WBC_CC,20-ALC2_FCLY_CC,,
CE_ETL_WBC,CE_ALC2_ACCT_CUST_WBC_CRE,20-ALC2_ACCT_CRE,,
CE_ETL_WBC,CE_ALC2_ACCT_CUST_WBC_CRE,20-ALC2_FCLY_CRE,,
CE_ETL_WBC,CE_ALC2_ACCT_CUST_WBC_EIL,20-ALC2_ACCT_EIL,,
CE_ETL_WBC,CE_ALC2_ACCT_CUST_WBC_EIL,20-ALC2_FCLY_EIL,,
CE_ETL_WBC,CE_ALC2_ACCT_CUST_WBC_FIF,20-ALC2_ACCT_FIF,,
CE_ETL_WBC,CE_ALC2_ACCT_CUST_WBC_LI,20-ALC2_ACCT_LI,,
CE_ETL_WBC,CE_ALC2_ACCT_CUST_WBC_LI,20-ALC2_FCLY_LI,,
CE_ETL_WBC,CE_ALC2_ACCT_CUST_WBC_TB,20-ALC2_ACCT_TB,,
CE_ETL_WBC,CE_ALC2_ACCT_CUST_WBC_TF,20-ALC2_ACCT_TF,,
CE_ETL_WBC,CE_ALC2_ACCT_CUST_WBC_TF,20-ALC2_FCLY_TF,,
CE_ETL_WBC,CE_ALC2_ACCT_CUST_WBC_VMS,20-ALC2_ACCT_VMS,,
CE_ETL_WBC,CE_BSE_ACCT_WBC_AIC,20-BSE_ACCT_AIC-00001,,
CE_ETL_WBC,CE_BSE_ACCT_WBC_AIC,20-BSE_ACCT_AIC-00002,,
CE_ETL_WBC,CE_BSE_ACCT_WBC_AIC,20-BSE_ACCT_AIC-00003,,
CE_ETL_WBC,CE_BSE_ACCT_WBC_AIC,21-BSE_ACCT_AIC-00001,,
CE_ETL_WBC,CE_BSE_ACCT_WBC_CB,20-BSE_ACCT_CB-00001,,
CE_ETL_WBC,CE_BSE_ACCT_WBC_CB,20-BSE_FCLY_CB-00001,,
CE_ETL_WBC,CE_BSE_ACCT_WBC_CC,20-BSE_ACCT_CC-00001,,
CE_ETL_WBC,CE_BSE_ACCT_WBC_CC,20-BSE_ACCT_CC-00002,,
CE_ETL_WBC,CE_BSE_ACCT_WBC_CC,20-BSE_ACCT_CC-00003,,
CE_ETL_WBC,CE_BSE_ACCT_WBC_CC,20-BSE_ACCT_CC-00004,,
CE_ETL_WBC,CE_BSE_ACCT_WBC_CC,20-BSE_ACCT_CC-00005,,
CE_ETL_WBC,CE_BSE_ACCT_WBC_CC,20-BSE_FCLY_CC-00001,,
CE_ETL_WBC,CE_BSE_ACCT_WBC_CC,21-BSE_ACCT_CC-00001,,
CE_ETL_WBC,CE_BSE_ACCT_WBC_CRDM,20-BSE_ACCT_CRDM,,
CE_ETL_WBC,CE_BSE_ACCT_WBC_CRE,20-BSE_ACCT_CRE-00001,,
CE_ETL_WBC,CE_BSE_ACCT_WBC_EIL,20-BSE_ACCT_EIL-00001,,
CE_ETL_WBC,CE_BSE_ACCT_WBC_EIL,20-BSE_ACCT_EIL-00002,,
CE_ETL_WBC,CE_BSE_ACCT_WBC_EIL,20-BSE_ACCT_EIL-00003,,
CE_ETL_WBC,CE_BSE_ACCT_WBC_EIL,20-BSE_FCLY_EIL-00001,,
CE_ETL_WBC,CE_BSE_ACCT_WBC_EIL,21-BSE_ACCT_EIL-00001,,
CE_ETL_WBC,CE_BSE_ACCT_WBC_FIF,20-BSE_ACCT_FIF-00001,,
CE_ETL_WBC,CE_BSE_ACCT_WBC_LI,20-BSE_ACCT_LI-00001,,
CE_ETL_WBC,CE_BSE_ACCT_WBC_LI,20-BSE_FCLY_LI-00001,,
CE_ETL_WBC,CE_BSE_ACCT_WBC_MB,20-BSE_ACCT_MB-00001,,
CE_ETL_WBC,CE_BSE_ACCT_WBC_MB,20-BSE_ACCT_MB-00002,,
CE_ETL_WBC,CE_BSE_ACCT_WBC_MB,21-BSE_ACCT_MB-00001,,
CE_ETL_WBC,CE_BSE_ACCT_WBC_TB,20-BSE_ACCT_TB-00001,,
CE_ETL_WBC,CE_BSE_ACCT_WBC_TB,20-BSE_ACCT_TB-00002,,
CE_ETL_WBC,CE_BSE_ACCT_WBC_TB,21-BSE_ACCT_TB-00001,,
CE_ETL_WBC,CE_BSE_ACCT_WBC_TD,20-BSE_ACCT_TD-00001,,
CE_ETL_WBC,CE_BSE_ACCT_WBC_TF,20-BSE_ACCT_TF-00001,,
CE_ETL_WBC,CE_BSE_ACCT_WBC_TF,20-BSE_FCLY_TF-00001,,
CE_ETL_WBC,CE_BSE_ACCT_WBC_VMS,20-BSE_ACCT_VMS-00001,,
CE_ETL_WBC,CE_DRV_ACCT_APPL_WBC_DLVR,20-BSE_DLVR_WBC,,
CE_ETL_WBC,CE_DRV_ACCT_WBC_CC,50-DRV_ACCT_CC,,
CE_ETL_WBC,CE_DRV_ACCT_WBC_MB,50-DRV_ACCT_MB,,
CE_ETL_WBC,CE_DRV_ACCT_WBC_TB,50-DRV_ACCT_TB,,
CE_ETL_WBC,CE_DRV_CUST_WBC,50-DRV_CUST_WBC,,
CE_ETL_WBC,CE_INT_SIMP_WBC,60-OUT_DS_SIMP_WBC,,
CE_ETL_WBC,CE_INT_SIMP_WBC,60-OUT_SIMP_WBC,,
CE_ETL_WBC,CE_INT_WBC_CC,60-OUT_CC_WBC,,
CE_ETL_WBC,CE_INT_WBC_CC,60-OUT_DS_CC_WBC,,
CE_ETL_WBC,CE_INT_WBC_FL,60-OUT_DS_FL_WBC,,
CE_ETL_WBC,CE_INT_WBC_FL,60-OUT_FL_WBC,,
CE_ETL_WBC,CE_INT_WBC_HL,60-OUT_DS_HL_WBC,,
CE_ETL_WBC,CE_INT_WBC_HL,60-OUT_HL_WBC,,
CE_ETL_WBC,CE_INT_WBC_PL,60-OUT_DS_PL_WBC,,
CE_ETL_WBC,CE_INT_WBC_PL,60-OUT_PL_WBC,,
CE_ETL_WBC,CE_INT_WBC_SMER,60-OUT_DS_SMER_WBC,,
CE_ETL_WBC,CE_INT_WBC_SMER,60-OUT_SMER_WBC,,
CE_ETL_WBC,CE_INT_WBC_TM,60-OUT_DS_TM_WBC,,
CE_ETL_WBC,CE_INT_WBC_TM,60-OUT_TM_WBC,,
CE_ETL_WBC,CE_LAG1_ALC1_ACCT_CUST_CB,20-ALC1_FCLY_CB,,
CE_ETL_WBC,CE_LAG1_ALC1_ACCT_CUST_CB,40-LAG1_ACCT_FCLY_CB,,
CE_ETL_WBC,CE_LAG1_ALC1_ACCT_CUST_CC,20-ALC1_FCLY_CC,,
CE_ETL_WBC,CE_LAG1_ALC1_ACCT_CUST_CC,40-LAG1_ACCT_FCLY_CC,,
CE_ETL_WBC,CE_LAG1_ALC1_ACCT_CUST_EIL,20-ALC1_FCLY_EIL,,
CE_ETL_WBC,CE_LAG1_ALC1_ACCT_CUST_EIL,40-LAG1_ACCT_FCLY_EIL,,
CE_ETL_WBC,CE_LAG1_ALC1_ACCT_CUST_LI,20-ALC1_FCLY_LI,,
CE_ETL_WBC,CE_LAG1_ALC1_ACCT_CUST_LI,40-LAG1_ACCT_FCLY_LI,,
CE_ETL_WBC,CE_LAG1_ALC1_ACCT_CUST_TF,20-ALC1_FCLY_TF,,
CE_ETL_WBC,CE_LAG1_ALC1_ACCT_CUST_TF,40-LAG1_ACCT_FCLY_TF,,
CE_ETL_WBC,CE_LAG_ACCT_CUST_WBC,40-LAG_ACCT_CUST_WBC,,
CE_ETL_WBC,CE_LIN2_LAG2_CUST_WBC,20-LIN2_ACFY_BUS_WBC,,
CE_ETL_WBC,CE_LIN2_LAG2_CUST_WBC,40-LAG2_ACCT_CUST_WBC_BDF,,
CE_ETL_WBC,CE_LIN2_LAG2_CUST_WBC,40-LAG2_ACFY_CONN_WBC_BRCC,,
CE_ETL_WBC,CE_LIN2_LAG2_CUST_WBC,40-LAG2_ACFY_CUST_WBC_RG,,
CE_ETL_WBC,CE_LIN2_LAG2_CUST_WBC,40-LAG2_ACFY_CUST_WBC_SQI,,
CE_ETL_WBC,CE_TAG_ACCT_AIC,30-TAG_ACCT_BASEL_DEFAULT_FLG_AIC,,
CE_ETL_WBC,CE_TAG_ACCT_AIC,30-TAG_ACCT_CURR_BAL_AIC,,
CE_ETL_WBC,CE_TAG_ACCT_AIC,30-TAG_ACCT_DELQ_STATUS_AIC,,
CE_ETL_WBC,CE_TAG_ACCT_AIC,30-TAG_ACCT_HARDSHIP_FLG_AIC,,
CE_ETL_WBC,CE_TAG_ACCT_AIC,30-TAG_ACCT_NET_TOVER_AIC,,
CE_ETL_WBC,CE_TAG_ACCT_CC,30-TAG_ACCT_BASEL_DEFAULT_FLG_CC,,
CE_ETL_WBC,CE_TAG_ACCT_CC,30-TAG_ACCT_CR_TOVER_CC,,
CE_ETL_WBC,CE_TAG_ACCT_CC,30-TAG_ACCT_CURR_BAL_CC,,
CE_ETL_WBC,CE_TAG_ACCT_CC,30-TAG_ACCT_CYCLE_DELQ_CC,,
CE_ETL_WBC,CE_TAG_ACCT_CC,30-TAG_ACCT_HARDSHIP_FLG_CC,,
CE_ETL_WBC,CE_TAG_ACCT_CC,30-TAG_ACCT_NET_TOVER_CC,,
CE_ETL_WBC,CE_TAG_ACCT_CC,30-TAG_ACCT_NUM_CASH_ADV_CC,,
CE_ETL_WBC,CE_TAG_ACCT_CC,30-TAG_ACCT_NUM_CI_CR_CC,,
CE_ETL_WBC,CE_TAG_ACCT_CC,30-TAG_ACCT_OUTS_BAL_CC,,
CE_ETL_WBC,CE_TAG_ACCT_CC,30-TAG_ACCT_TOT_LMT_CC,,
CE_ETL_WBC,CE_TAG_ACCT_CUST_WBC,30-TAG_PRCU_BASEL_DEFAULT_FLG_WBC,,
CE_ETL_WBC,CE_TAG_ACCT_CUST_WBC,30-TAG_PRCU_CR_TOVER_CC_WBC,,
CE_ETL_WBC,CE_TAG_ACCT_CUST_WBC,30-TAG_PRCU_CURR_BAL_CC_WBC,,
CE_ETL_WBC,CE_TAG_ACCT_CUST_WBC,30-TAG_PRCU_CURR_BAL_TRSV_WBC,,
CE_ETL_WBC,CE_TAG_ACCT_CUST_WBC,30-TAG_PRCU_HARDSHIP_FLG_WBC,,
CE_ETL_WBC,CE_TAG_ACCT_CUST_WBC,30-TAG_PRCU_MIN_CURR_BAL_TRSV_WBC,,
CE_ETL_WBC,CE_TAG_ACCT_CUST_WBC,30-TAG_PRCU_OUTS_BAL_CC_WBC,,
CE_ETL_WBC,CE_TAG_ACCT_CUST_WBC,30-TAG_PRCU_TOT_LMT_CC_WBC,,
CE_ETL_WBC,CE_TAG_ACCT_CUST_WBC,30-TAG_PSCU_CURR_BAL_TRSV_WBC,,
CE_ETL_WBC,CE_TAG_ACCT_CUST_WBC,30-TAG_PSCU_OUTS_BAL_CC_WBC,,
CE_ETL_WBC,CE_TAG_ACCT_CUST_WBC,30-TAG_PSCU_OUTS_BAL_WBC,,
CE_ETL_WBC,CE_TAG_ACCT_CUST_WBC,30-TAG_PSCU_TOT_OUTS_BAL_WBC,,
CE_ETL_WBC,CE_TAG_ACCT_CUST_WBC,30-TAG_PSCU_WORST_CYCLE_DELQ_WBC,,
CE_ETL_WBC,CE_TAG_ACCT_CUST_WBC,30-TAG_PSCU_WORST_DELQ_ACTV_TR_WBC,,
CE_ETL_WBC,CE_TAG_ACCT_CUST_WBC,30-TAG_PSCU_WORST_DELQ_HL_WBC,,
CE_ETL_WBC,CE_TAG_ACCT_CUST_WBC,30-TAG_PSCU_WORST_DELQ_PL_WBC,,
CE_ETL_WBC,CE_TAG_ACCT_CUST_WBC,30-TAG_PSCU_WORST_DELQ_TR_WBC,,
CE_ETL_WBC,CE_TAG_ACCT_EIL,30-TAG_ACCT_NUM_DAYS_DELQ_EIL,,
CE_ETL_WBC,CE_TAG_ACCT_MB,30-TAG_ACCT_BASEL_DEFAULT_FLG_MB,,
CE_ETL_WBC,CE_TAG_ACCT_MB,30-TAG_ACCT_DELQ_STATUS_MB,,
CE_ETL_WBC,CE_TAG_ACCT_MB,30-TAG_ACCT_HARDSHIP_FLG_MB,,
CE_ETL_WBC,CE_TAG_ACCT_MB,30-TAG_ACCT_NUM_CR_MB,,
CE_ETL_WBC,CE_TAG_ACCT_MB,30-TAG_ACCT_NUM_MTHLY_REPAY_DELQ_MB,,
CE_ETL_WBC,CE_TAG_ACCT_MB,30-TAG_ACCT_OUTS_BAL_MB,,
CE_ETL_WBC,CE_TAG_ACCT_MB,30-TAG_ACCT_TOT_LMT_MB,,
CE_ETL_WBC,CE_TAG_ACCT_TB,30-TAG_ACCT_BASEL_DEFAULT_FLG_TB,,
CE_ETL_WBC,CE_TAG_ACCT_TB,30-TAG_ACCT_CTO_PCT_MAX_ARR_AHD_TB,,
CE_ETL_WBC,CE_TAG_ACCT_TB,30-TAG_ACCT_DELQ_STATUS_TB,,
CE_ETL_WBC,CE_TAG_ACCT_TB,30-TAG_ACCT_HARDSHIP_FLG_TB,,
CE_ETL_WBC,CE_TAG_ACCT_TB,30-TAG_ACCT_MAX_NUM_DAYS_EXCS_TB,,
CE_ETL_WBC,CE_TAG_ACCT_TB,30-TAG_ACCT_MIN_BAL_TB,,
CE_ETL_WBC,CE_TAG_ACCT_TB,30-TAG_ACCT_NUM_CI_CR_TB,,
CE_ETL_WBC,CE_TAG_ACCT_TB,30-TAG_ACCT_NUM_CI_DR_TB,,
CE_ETL_WBC,CE_TAG_ACCT_TB,30-TAG_ACCT_NUM_CI_TRANS_TB,,
CE_ETL_WBC,CE_TAG_ACCT_TB,30-TAG_ACCT_NUM_DAYS_DBIT_DUR_MTH_TB,,
CE_ETL_WBC,CE_TAG_ACCT_TB,30-TAG_ACCT_NUM_DAYS_EXCS_DUR_MTH_TB,,
CE_ETL_WBC,CE_TAG_ACCT_TB,30-TAG_ACCT_NUM_MTHLY_REPAY_DELQ_TB,,
CE_ETL_WBC,CE_TAG_ACCT_TB,30-TAG_ACCT_OUTS_BAL_TB,,
CE_ETL_WBC,CE_TAG_ACCT_TB,30-TAG_ACCT_TOT_LMT_TB,,
CE_ETL_WNZL,CE_BSE_ACCT_WNZL,20-BSE_WNZL,,
CE_ETL_WNZL,CE_DRV_ACCT_FCLY_CUST_WNZL,50-DRV_ACCT_WNZL,,
CE_ETL_WNZL,CE_INT_WNZL,60-OUT_DS_HL_NZ,,
CE_ETL_WNZL,CE_INT_WNZL,60-OUT_DS_SIMP_NZ,,
CE_ETL_WNZL,CE_INT_WNZL,60-OUT_DS_SMER_NZ,,
CE_ETL_WNZL,CE_INT_WNZL,60-OUT_DS_TM_NZ,,
CE_ETL_WNZL,CE_INT_WNZL,60-OUT_HL_NZ,,
CE_ETL_WNZL,CE_INT_WNZL,60-OUT_SIMP_NZ,,
CE_ETL_WNZL,CE_INT_WNZL,60-OUT_SMER_NZ,,
CE_ETL_WNZL,CE_INT_WNZL,60-OUT_TM_NZ,,
