Filename,libname,table,GROUP,Permission
00-BASE_BASE_MODEL_MASTER_CFL.sas,ADL_SYS,BASE_MODEL_MASTER_CFL,,
00-SYS-ABS_POST_CODE_DIVISIONS.sas,ADL_SYS,"ABS_POST_CODE_DIVISIONS                                                              			",,
00-SYS-ARREARS.sas,BIN,DELQ,,
00-SYS-BASE-BASE_GL_CENTRE_MAPPING.sas,ADL_SYS,BASE_GL_CENTRE_MAPPING,,
00-SYS-BASE-BASE_GL_ENTITY_MAPPING.sas,ADL_SYS,BASE_GL_ENTITY_MAPPING,,
00-SYS-BASE_BASE_MODEL_MASTER_CFL.sas,ADL_SYS,BASE_MODEL_MASTER,,
00-SYS-BASE_MODEL_MASTER_CFL.sas,ADL_SYS,BASE_MODEL_MASTER,,
00-SYS-BSE_ACCT_WNZL_20180508.sas,ADL_SYS,"BSE_ACCT_WNZL                                                    				",,
00-SYS-BT_ML_IAP.sas,ADL_SYS,BT_ML_IAP,,
00-SYS-BT_ML_IMPAIRED.sas,ADL_SYS,BT_ML_IMPAIRED,,
00-SYS-CFAL_LGD_MAP.sas,ADL_SYS,DEPARTMENT,,
00-SYS-CFL_LGD_MAP.sas,ADL_SYS,CFL_LGD_MAP,,
00-SYS-CTL_MAP_PORTFOLIO.sas,ADL_SYS,CTL_MAP_PORTFOLIO,,
00-SYS-CTL_MAP_SOURCE_SYSTEM.sas,ADL_SYS,CTL_MAP_STANDARD,,
00-SYS-CTL_MAP_STANDARD.sas,ADL_SYS,CTL_MAP_STANDARD,,
00-SYS-CTL_MAP_STANDARD_MM.sas,ADL_SYS,CTL_MAP_STANDARD,,
00-SYS-CTL_POP_CODE.sas,ADL_SYS,CTL_POP_CODE,,
00-SYS-CTL_PORTFOLIO.sas,ADL_SYS,CTL_PORTFOLIO,,
00-SYS-DEPARTMENT.sas,ADL_SYS,DEPARTMENT,,
00-SYS-DWPVIEWA-ZCLS_ENUMERATED_CODES.,ADL_REF,"ZCLS_Enumerated_Codes					",,
00-SYS-EWP1ABASE-BASE_GL_Product_Mappi,ADL_EXT,BASE_GL_Product_Mapping,,
00-SYS-EWP1ABASE-BASE_TAX_RATE_REF.sas,ADL_SYS,BASE_TAX_RATE_REF,,
00-SYS-EXT_GENERAL.sas,ADL_SYS,"SGB_EXT_GENERAL                                                          			",,
00-SYS-GL_PRODUCT_CONTROL_TABLE.sas,ADL_SYS,GL_PRODUCT_CONTROL_TABLE,,
00-SYS-NW-NW_ORGANISATION_UNIT_RELATIO,ADL_REF,NW_ORGANISATION_UNIT_RELATIONS,,
00-SYS-NW-NW_ORGANISATION_UNIT_STRUCTU,ADL_REF,NW_ORGANISATION_UNIT_STRUCTURE,,
00-SYS-NW-NW_PRODUCT_RELATIONS.sas,ADL_REF,"NW_PRODUCT_RELATIONS		",,
00-SYS-NW-NW_REMNGRCU_M_SNAP.sas,ADL_REF,"NW_REMNGRCU_M_SNAP		",,
00-SYS-NW-NW_TRANSACTION_CODES.sas,ADL_REF,NW_TRANSACTION_CODES,,
00-SYS-NW_CC_ASSOCIATED_CARD_NUMBER.sa,ADL_SYS,NW_CC_ASSOCIATED_CARD_NUMBER,,
00-SYS-RPT_PORTFOLIO_SUB_CODE_DESC_MAP,ADL_SYS,RPT_PORTFOLIO_SUB_CODE_DESC_MAP,,
00-SYS-SEG_RISK_GRADE_MAP.sas,ADL_SYS,SEG_RISK_GRADE_MAP,,
00-SYS-SGB_COLL_CLASS_CD_RISK_REF.sas,ADL_SYS,"SGB_COLL_CLASS_CD_RISK_REF                                                           			",,
10-EXT-AILD.sas,ADL_EXT,CFAL_DP_T_APP,,
10-EXT-APM_ARRAY.sas,ADL_EXT,APM_ARRAY,,
10-EXT-APM_HOUSE_PRICE_INCREASES.sas,ADL_EXT,APM_HOUSE_PRICE_INCREASES,,
10-EXT-APM_UNIT_PRICE_INCREASES.sas,ADL_EXT,APM_UNIT_PRICE_INCREASES,,
10-EXT-ASIARET_LOAMSDK.sas,ADL_EXT,LOAMSDK,,
10-EXT-ASIARET_SDFEEPD.sas,ADL_EXT,SDFEEPD,,
10-EXT-BASEL_RAMS.sas,ADL_EXT,BASEL_RAMS,,
10-EXT-BF_CCYDESCRIPTION.sas,ADL_EXT,BF_CcyDescription,,
10-EXT-BF_CCYDESCRIPTION_HIST.sas,ADL_EXT,BF_CcyDescription,,
10-EXT-BF_COLLATERALALLOCDETAILS.sas,ADL_EXT,BF_CollateralAllocDetails,,
10-EXT-BF_COLLATERALALLOCDETAILS_HIST.,ADL_EXT,BF_CollateralAllocDetails,,
10-EXT-BF_COLLATERALDETAILS.sas,ADL_EXT,BF_CollateralDetails,,
10-EXT-BF_COLLATERALDETAILS_HIST.sas,ADL_EXT,BF_CollateralDetails,,
10-EXT-BF_CUST.sas,ADL_EXT,BF_Cust,,
10-EXT-BF_CUSTEXTN.sas,ADL_EXT,BF_CustExtn,,
10-EXT-BF_CUSTEXTN_HIST.sas,ADL_EXT,BF_CustExtn,,
10-EXT-BF_CUST_HIST.sas,ADL_EXT,BF_Cust,,
10-EXT-BF_DEALLEVELBALS.sas,ADL_EXT,BF_DealLevelBals,,
10-EXT-BF_DEALLEVELBALS_HIST.sas,ADL_EXT,BF_DealLevelBals,,
10-EXT-BF_LENDFCLTY.sas,ADL_EXT,BF_LendFclty,,
10-EXT-BF_LENDFCLTY_HIST.sas,ADL_EXT,BF_LendFclty,,
10-EXT-BF_LOANACTIVITY.sas,ADL_EXT,BF_LoanActivity,,
10-EXT-BF_LOANACTIVITY_HIST.sas,ADL_EXT,BF_LoanActivity,,
10-EXT-BF_LOANDEPOSIT.sas,ADL_EXT,BF_LoanDeposit,,
10-EXT-BF_LOANDEPOSIT_HIST.sas,ADL_EXT,BF_LoanDeposit,,
10-EXT-BF_LOANDRAWING.sas,ADL_EXT,BF_LoanDrawing,,
10-EXT-BF_LOANDRAWINGEXTN.sas,ADL_EXT,BF_LoanDrawingExtn,,
10-EXT-BF_LOANDRAWINGEXTN_HIST.sas,ADL_EXT,BF_LoanDrawingExtn,,
10-EXT-BF_LOANDRAWING_HIST.sas,ADL_EXT,BF_LoanDrawing,,
10-EXT-CFAL-BASE_EXT_CFL_DP_FCL_ITEM.s,ADL_EXT,BASE_EXT_CFL_DP_FCL_ITEM,,
10-EXT-CFAL-CFAL_CRGS_ASSESSMENT.sas,ADL_EXT,CFAL_CRGS_ASSESSMENT,,
10-EXT-CFAL-CFAL_CRGS_ASSESS_adhoc.sas,ADL_EXT,CFAL_CRGS_ASSESSMENT,,
10-EXT-CFAL-CFAL_CRGS_CUSTOMER.sas,ADL_EXT,CFAL_CRGS_CUSTOMER,,
10-EXT-CFAL-CFAL_CRGS_OVERRIDESCORE.sa,ADL_EXT,CFAL_CRGS_OVERRIDESCORE,,
10-EXT-CFAL-CFAL_CRGS_OVERRIDESCORE_AD,ADL_EXT,CFAL_CRGS_OVERRIDESCORE,,
10-EXT-CFAL-CFAL_DP_T_APLCNT.sas,ADL_EXT,CFAL_DP_T_APLCNT,,
10-EXT-CFAL-CFAL_DP_T_APLCNT_OLD.sas,ADL_EXT,CFAL_DP_T_APLCNT,,
10-EXT-CFAL-CFAL_DP_T_APP.sas,ADL_EXT,CFAL_DP_T_APP,,
10-EXT-CFAL-CFAL_DP_T_APP_RUN.sas,ADL_EXT,CFAL_DP_T_APP_RUN,,
10-EXT-CFAL-CFAL_DP_T_BU_INCORP.sas,ADL_EXT,CFAL_DP_T_BU_INCORP,,
10-EXT-CFAL-CFAL_DP_T_BU_RSPN.sas,ADL_EXT,CFAL_DP_T_BU_RSPN,,
10-EXT-CFAL-CFAL_DP_T_CFAL_TC_EQUMNT.s,ADL_EXT,CFAL_DP_T_CFAL_TC_EQUMNT,,
10-EXT-CFAL-CFAL_DP_T_EMP.sas,ADL_EXT,CFAL_DP_T_EMP,,
10-EXT-CFAL-CFAL_DP_T_MV_VHCL.sas,ADL_EXT,CFAL_DP_T_MV_VHCL,,
10-EXT-CFAL-CFAL_DP_T_PARTY_ADDR.sas,ADL_EXT,CFAL_DP_T_PARTY_ADDR,,
10-EXT-CFAL-CFAL_DP_T_PROC_APP.sas,ADL_EXT,CFAL_DP_T_PROC_APP,,
10-EXT-CFAL-CFAL_DP_T_SCORE.sas,ADL_EXT,CFAL_DP_T_SCORE,,
10-EXT-CFAL-CFAL_DP_T_SEC.sas,ADL_EXT,CFAL_DP_T_SEC,,
10-EXT-CFAL-CFAL_DP_T_TC_APP.sas,ADL_EXT,CFAL_DP_T_TC_APP,,
10-EXT-CFAL-CFAL_EQUIP_EXTRACT_MONTHLY,ADL_EXT,CFAL_EQUIP_Extract_Monthly_summary,,
10-EXT-CFAL-CFAL_EQUIP_EXTRACT_MONTHLY,ADL_EXT,CFAL_EQUIP_MONTHLY_FAILURES,,
10-EXT-CFAL-CFAL_MIS_BASEL.sas,ADL_EXT,CFAL_MIS_BASEL,,
10-EXT-CFAL-CFAL_MIS_LOAN_SCHEDULE.sas,ADL_EXT,CFAL_MIS_LOAN_SCHEDULE,,
10-EXT-CFAL-CFAL_MIS_MONTHLY_TREND.sas,ADL_EXT,CFAL_MIS_MONTHLY_TREND,,
10-EXT-CFAL-CFAL_PMS_EXTRACT_LATESTPRO,ADL_EXT,CFAL_PMS_EXTRACT_LATESTPROV,,
10-EXT-CFAL_Equip_Immediate_failures.s,ADL_EXT,CFAL_CRGS_CUSTOMER,,
10-EXT-CMT_ASSIST_ACCOUNTS.sas,ADL_EXT,CMT_ASSIST_ACCOUNTS,,
10-EXT-CRDM-CRDM_ACCOUNT_DIM.sas,ADL_EXT,"CRDM_ACCOUNT_DIM					",,
10-EXT-CRDM-CRDM_APPLCNT.sas,ADL_EXT,CRDM_APPLCNT,,
10-EXT-CRDM-CRDM_APPLCNT_MM.sas,ADL_EXT,CRDM_APPLCNT,,
10-EXT-CRDM-CRDM_APPL_APPLCNT_CC_RISK_,ADL_EXT,"CRDM_APPL_APPLCNT_CC_RISK_V	",,
10-EXT-CRDM-CRDM_APPL_MRTG_FREQ_RISK_V,ADL_EXT,"CRDM_APPL_MRTG_FREQ_RISK_V					",,
10-EXT-CRDM-CRDM_APPL_PLOAN_RISK_V.sas,ADL_EXT,"CRDM_APPL_PLOAN_RISK_V			",,
10-EXT-CRDM-CRDM_APP_FACT.sas,ADL_EXT,CRDM_APP_FACT,,
10-EXT-CRDM-CRDM_CARD_APPL.sas,ADL_EXT,CRDM_CARD_APPL,,
10-EXT-CRDM-CRDM_CRDT_CARD_LINK_DIM.sa,ADL_EXT,"CRDM_CRDT_CARD_LINK_DIM					",,
10-EXT-CRDM-CRDM_CRDT_CARD_LINK_V.sas,ADL_EXT,"CRDM_CRDT_CARD_LINK_V		",,
10-EXT-CRDM-CRDM_MORT_APP_FREQ_FACT.sa,ADL_EXT,CRDM_MORT_APP_FREQ_FACT,,
10-EXT-CRDM-CRDM_MORT_PERF_FACT.sas,ADL_EXT,"CRDM_MORT_PERF_FACT					",,
10-EXT-CRDM-CRDM_MRTG_APPL.sas,ADL_EXT,"CRDM_MRTG_APPL					",,
10-EXT-CRDM-CRDM_MRTG_APPLCNT.sas,ADL_EXT,CRDM_MRTG_APPLCNT,,
10-EXT-CRDM-CRDM_MRTG_APPLCNT_MM.sas,ADL_EXT,CRDM_MRTG_APPLCNT,,
10-EXT-CRDM-CRDM_MRTG_APPL_MM.sas,ADL_EXT,"CRDM_MRTG_APPL					",,
10-EXT-CRDM-CRDM_MRTG_SECY.sas,ADL_EXT,"CRDM_MRTG_SECY					",,
10-EXT-CRDM-CRDM_PERF_CC_V.sas,ADL_EXT,"CRDM_PERF_CC_V					                                                                				",,
10-EXT-CRDM-CRDM_PERF_FACT.sas,ADL_EXT,"CRDM_PERF_FACT					",,
10-EXT-CRDM-CRDM_PERF_FL_V.sas,ADL_EXT,"CRDM_PERF_FL_V					                                                                				",,
10-EXT-CRDM-CRDM_PERF_MRTG_SNAP.sas,ADL_EXT,"CRDM_PERF_MRTG_SNAP					",,
10-EXT-CRDM-CRDM_PLOAN_APP_FACT.sas,ADL_EXT,CRDM_PLOAN_APP_FACT,,
10-EXT-CRDM-CRDM_POD_APP_FACT.sas,ADL_EXT,CRDM_POD_APP_FACT,,
10-EXT-CWS-WOFF_ACCOUNT.sas,ADL_EXT,WOFF_ACCOUNT,,
10-EXT-CWS-WOFF_WRITEOFF.sas,ADL_EXT,WOFF_WRITEOFF,,
10-EXT-DM-BRDM_ACCT_BUSN_HIST_V.sas,ADL_EXT,"BRDM_ACCT_BUSN_HIST_V		",,
10-EXT-DM-BRDM_CENTRE.sas,ADL_EXT,"BRDM_CENTRE		",,
10-EXT-DM-BRDM_CLOSED_ACCT.sas,ADL_EXT,"BRDM_CLOSED_ACCT				",,
10-EXT-DWPVACEA-ZACE_FINANCIAL_DETAILS,ADL_EXT,"ZACE_FINANCIAL_DETAILS_A		",,
10-EXT-DWPVACEA-ZACE_FINANCIAL_DETAILS,ADL_EXT,"ZACE_FINANCIAL_DETAILS_B		",,
10-EXT-DWPVACEA-ZACE_PERSONAL_DETAILS-,ADL_EXT,"ZACE_PERSONAL_DETAILS		",,
10-EXT-DWPVACEA-ZACE_PERSONAL_DETAILS.,ADL_EXT,"ZACE_PERSONAL_DETAILS		",,
10-EXT-DWPVACEA-ZACE_PERSONAL_DETAILS_,ADL_EXT,"ZACE_PERSONAL_DETAILS		",,
10-EXT-DWPVASOGA-ZSOV_VEHICLE_DEFINITI,ADL_EXT,ZSOV_VEHICLE_DEFINITION,,
10-EXT-DWPVIEWA-ACCT-HIST.sas,ADL_EXT,"ACCT		",,
10-EXT-DWPVIEWA-ACCT.sas,ADL_EXT,"ACCT    		",,
10-EXT-DWPVIEWA-ACCT_CHA.sas,ADL_EXT,"ACCT_CHA		",,
10-EXT-DWPVIEWA-ACCT_CUST_LINK.sas,ADL_EXT,"ACCT_CUST_LINK		",,
10-EXT-DWPVIEWA-ACCT_CUST_LINK_HIST.sa,ADL_EXT,"ACCT_CUST_LINK_HIST		",,
10-EXT-DWPVIEWA-ACCT_EVENT.sas,ADL_EXT,ACCT_EVENT,,
10-EXT-DWPVIEWA-ACCT_EVENT_MM.sas,ADL_EXT,ACCT_EVENT,,
10-EXT-DWPVIEWA-ACCT_FIN.sas,ADL_EXT,"ACCT_FIN    	",,
10-EXT-DWPVIEWA-ACCT_FIN_CHA.sas,ADL_EXT,ACCT_FIN_CHA,,
10-EXT-DWPVIEWA-ACCT_FIN_LG_LINK.sas,ADL_EXT,"ACCT_FIN_LG_LINK		",,
10-EXT-DWPVIEWA-ACCT_FIN_LG_LINK_MM.sa,ADL_EXT,"ACCT_FIN_LG_LINK		",,
10-EXT-DWPVIEWA-ACCT_FIN_MM.sas,ADL_EXT,"ACCT_FIN    	",,
10-EXT-DWPVIEWA-ACCT_FUNDS_TRANSFER.sa,ADL_EXT,"ACCT_FUNDS_TRANSFER		",,
10-EXT-DWPVIEWA-ACCT_GCIS_CUST_LINK.sa,ADL_EXT,"ACCT_GCIS_CUST_LINK		",,
10-EXT-DWPVIEWA-ACCT_GCIS_CUST_LINK_CU,ADL_EXT,ACCT_GCIS_CUST_LINK_CUR,,
10-EXT-DWPVIEWA-ACCT_GCIS_CUST_LINK_MM,ADL_EXT,"ACCT_GCIS_CUST_LINK		",,
10-EXT-DWPVIEWA-ACCT_LOAN-HIST.sas,ADL_EXT,ACCT_LOAN,,
10-EXT-DWPVIEWA-ACCT_LOAN.sas,ADL_EXT,ACCT_LOAN_MONTH ADL_EXT,,
10-EXT-DWPVIEWA-ACCT_LOAN_CONDUCT.sas,ADL_EXT,ACCT_LOAN_CONDUCT,,
10-EXT-DWPVIEWA-ACCT_LOAN_CONDUCT_MM.s,ADL_EXT,ACCT_LOAN_CONDUCT,,
10-EXT-DWPVIEWA-ACCT_LOAN_FULL.sas,ADL_EXT,ACCT_LOAN_FULL,,
10-EXT-DWPVIEWA-ACCT_LOAN_MM.sas,ADL_EXT,ACCT_LOAN_MONTH ADL_EXT,,
10-EXT-DWPVIEWA-ACCT_MIS.sas,ADL_EXT,"ACCT_MIS		",,
10-EXT-DWPVIEWA-ACCT_MM.sas,ADL_EXT,"ACCT    		",,
10-EXT-DWPVIEWA-APPLN-HIST.sas,ADL_EXT,"APPLN		",,
10-EXT-DWPVIEWA-APPLN.sas,ADL_EXT,"APPLN		",,
10-EXT-DWPVIEWA-APPLN_FIN_ACCT-HIST.sa,ADL_EXT,"APPLN_FIN_ACCT		",,
10-EXT-DWPVIEWA-APPLN_FIN_ACCT.sas,ADL_EXT,"APPLN_FIN_ACCT		",,
10-EXT-DWPVIEWA-APPLN_FIN_ACCT_FULL.sa,ADL_EXT,"APPLN_FIN_ACCT		",,
10-EXT-DWPVIEWA-APPLN_FIN_LINK-HIST.sa,ADL_EXT,"APPLN_FIN_LINK		",,
10-EXT-DWPVIEWA-APPLN_FIN_LINK.sas,ADL_EXT,"APPLN_FIN_LINK		",,
10-EXT-DWPVIEWA-APPLN_FIN_LINK_FULL.sa,ADL_EXT,"APPLN_FIN_LINK		",,
10-EXT-DWPVIEWA-APPLN_FULL.sas,ADL_EXT,"APPLN		",,
10-EXT-DWPVIEWA-BRANCH.sas,ADL_EXT,"BRANCH		                                                                            				",,
10-EXT-DWPVIEWA-CFAL_REL_MAPPING.sas,ADL_EXT,"CFAL_REL_MAPPING		",,
10-EXT-DWPVIEWA-CFAL_REL_MAPPING_MM.sa,ADL_EXT,"CFAL_REL_MAPPING		",,
10-EXT-DWPVIEWA-CIS_CUST.sas,ADL_EXT,CIS_CUST,,
10-EXT-DWPVIEWA-CIS_CUST_ACCT_LINK.sas,ADL_EXT,"CIS_CUST_ACCT_LINK		",,
10-EXT-DWPVIEWA-CIS_CUST_ACCT_LINK_CUR,ADL_EXT,CIS_CUST_ACCT_LINK_CUR,,
10-EXT-DWPVIEWA-CIS_CUST_APPLN.sas,ADL_EXT,"CIS_CUST_APPLN		",,
10-EXT-DWPVIEWA-CIS_CUST_LINK.sas,ADL_EXT,"CIS_CUST_LINK		",,
10-EXT-DWPVIEWA-CIS_CUST_OUTLINE.sas,ADL_EXT,"CIS_CUST_OUTLINE		",,
10-EXT-DWPVIEWA-CIS_GCIS_LINK.sas,ADL_EXT,"CIS_GCIS_LINK		",,
10-EXT-DWPVIEWA-CIS_GCIS_LINK_MM.sas,ADL_EXT,"CIS_GCIS_LINK		",,
10-EXT-DWPVIEWA-CIS_NAME_SCRUBBED.sas,ADL_EXT,CIS_NAME_SCRUBBED,,
10-EXT-DWPVIEWA-CUST.sas,ADL_EXT,"CUST				",,
10-EXT-DWPVIEWA-CUST_FIN.sas,ADL_EXT,CUST_FIN,,
10-EXT-DWPVIEWA-CUST_GCIS_LINK.sas,ADL_EXT,"CUST_GCIS_LINK		",,
10-EXT-DWPVIEWA-CUST_OUTLINE.sas,ADL_EXT,"CUST_OUTLINE		",,
10-EXT-DWPVIEWA-FOLIO-FULL.sas,ADL_FXT,"FOLIO		",,
10-EXT-DWPVIEWA-FOLIO-HIST.sas,ADL_EXT,"FOLIO		",,
10-EXT-DWPVIEWA-FOLIO.sas,ADL_EXT,"FOLIO		",,
10-EXT-DWPVIEWA-FOLIO_SECURITY-HIST.sa,ADL_EXT,"FOLIO_SECURITY		",,
10-EXT-DWPVIEWA-FOLIO_SECURITY.sas,ADL_EXT,FOLIO_SECURITY,,
10-EXT-DWPVIEWA-GCIS_ADDR.sas,ADL_EXT,GCIS_ADDR,,
10-EXT-DWPVIEWA-GCIS_ADDR_MM.sas,ADL_EXT,GCIS_ADDR,,
10-EXT-DWPVIEWA-GCIS_CIS_LINK.sas,ADL_EXT,"GCIS_CIS_LINK		",,
10-EXT-DWPVIEWA-GCIS_CUST.sas,ADL_EXT,GCIS_CUST,,
10-EXT-DWPVIEWA-GCIS_CUST_ADDR_LINK.sa,ADL_EXT,"GCIS_CUST_ADDR_LINK		",,
10-EXT-DWPVIEWA-GCIS_CUST_ADDR_LINK_20,ADL_EXT,"GCIS_CUST_ADDR_LINK		",,
10-EXT-DWPVIEWA-GCIS_CUST_LINK.sas,ADL_EXT,"GCIS_CUST_LINK		",,
10-EXT-DWPVIEWA-LG_HIER_CENTRE.sas,ADL_EXT,LG_HIER_CENTRE,,
10-EXT-DWPVIEWA-LG_HIER_CENTRE_EOP.sas,ADL_EXT,"LG_HIER_CENTRE_EOP		",,
10-EXT-DWPVIEWA-LG_HIER_LOCATION.sas,ADL_EXT,LG_HIER_LOCATION,,
10-EXT-DWPVIEWA-LG_HIER_PRODUCT.sas,ADL_EXT,"LG_HIER_PRODUCT					",,
10-EXT-DWPVIEWA-LMI_LOAN.sas,ADL_EXT,LMI_LOAN,,
10-EXT-DWPVIEWA-MIS_ORG_UNIT.sas,ADL_EXT,"MIS_ORG_UNIT		",,
10-EXT-DWPVIEWA-PROD_CATEGORY.sas,ADL_EXT,"PROD_CATEGORY               	",,
10-EXT-DWPVIEWA-PROD_COA.sas,ADL_EXT,"PROD_COA               	",,
10-EXT-DWPVIEWA-PROD_COA_MM.sas,ADL_EXT,"PROD_COA               	",,
10-EXT-DWPVIEWA-PROD_LINE.sas,ADL_EXT,"PROD_LINE               	",,
10-EXT-DWPVIEWA-TRAN.sas,ADL_EXT,"TRAN		",,
10-EXT-DWPVIEWA-TRAN_MM.sas,ADL_EXT,"TRAN		",,
10-EXT-DWPVIEWA-ZCHA_FACILITY_LIMITS.s,ADL_EXT,"ZCHA_FACILITY_LIMITS		",,
10-EXT-DWPVIEWA-ZCLS_APPL-HIST.sas,ADL_EXT,"ZCLS_APPL		                                                                            	",,
10-EXT-DWPVIEWA-ZCLS_APPL.sas,ADL_EXT,"ZCLS_APPL		                                                                            	",,
10-EXT-DWPVIEWA-ZCLS_APPL_EMPLOYMENT.s,ADL_EXT,"ZCLS_APPL_EMPLOYMENT		",,
10-EXT-DWPVIEWA-ZCLS_APPL_EMPLOYMENT_M,ADL_EXT,"ZCLS_APPL_EMPLOYMENT		",,
10-EXT-DWPVIEWA-ZCLS_APPL_MM.sas,ADL_EXT,"ZCLS_APPL		                                                                            	",,
10-EXT-DWPVIEWA-ZCLS_CONTRACT_AFFORD-H,ADL_EXT,"ZCLS_CONTRACT_AFFORD		",,
10-EXT-DWPVIEWA-ZCLS_CONTRACT_AFFORD.s,ADL_EXT,"ZCLS_CONTRACT_AFFORD		",,
10-EXT-DWPVIEWA-ZCLS_CONTRACT_AFFORD_M,ADL_EXT,"ZCLS_CONTRACT_AFFORD		",,
10-EXT-DWPVIEWA-ZCLS_ENUMERATED_CODES.,ADL_REF,"ZCLS_Enumerated_Codes					",,
10-EXT-DWPVIEWA-ZCLS_ENUMERATED_CODES_,ADL_REF,"ZCLS_Enumerated_Codes					",,
10-EXT-DWPVIEWA-ZCLS_FDTL_MORT_ACCT-HI,ADL_EXT,"ZCLS_FDTL_MORT_ACCT		",,
10-EXT-DWPVIEWA-ZCLS_FDTL_MORT_ACCT.sa,ADL_EXT,ZCLS_FDTL_MORT_ACCT,,
10-EXT-DWPVIEWA-ZCLS_FDTL_MORT_ACCT_FU,ADL_EXT,"ZCLS_FDTL_MORT_ACCT		",,
10-EXT-DWPVIEWA-ZCLS_FDTL_MORT_ACCT_MM,ADL_EXT,ZCLS_FDTL_MORT_ACCT,,
10-EXT-DWPVIEWA-ZCMSR_ACCT.sas,ADL_EXT,"ZCMSR_ACCT		",,
10-EXT-DWPVIEWA-ZCMSR_ACCT_HIST.sas,ADL_EXT,"ZCMSR_ACCT_HIST		",,
10-EXT-DWPVIEWA-ZCMSR_ACCT_MM.sas,ADL_EXT,"ZCMSR_ACCT		",,
10-EXT-DWPVIEWA-ZCMS_ACCOUNT_CREDIT_RI,ADL_EXT,"ZCMS_ACCOUNT_CREDIT_RISK  	",,
10-EXT-DWPVIEWA-ZCMS_ACCOUNT_SPF.sas,ADL_EXT,"ZCMS_ACCOUNT_SPF  	",,
10-EXT-DWPVIEWA-ZCMS_CREDIT_CUSTOMER.s,ADL_EXT,ZCMS_CREDIT_CUSTOMER,,
10-EXT-DWPVIEWA-ZCMS_CUSTOMER_OTHER_EX,ADL_EXT,"ZCMS_CUSTOMER_OTHER_EXPOSURE  	",,
10-EXT-DWPVIEWA-ZCMS_CUSTOMER_RISK_GRA,ADL_EXT,ZCMS_CUSTOMER_RISK_GRADE,,
10-EXT-DWPVIEWA-ZCMS_MAP_ACCOUNT.sas,ADL_EXT,ZCMS_MAP_ACCOUNT,,
10-EXT-DWPVIEWA-ZCMS_MAP_MASTER.sas,ADL_EXT,"ZCMS_MAP_MASTER		",,
10-EXT-DWPVIEWA-ZGCIS_CUSTOMER_PRODUCT,ADL_EXT,"ZGCIS_CUSTOMER_PRODUCT  	",,
10-EXT-DWPVIEWA-ZGCIS_CUSTOMER_PRODUCT,ADL_EXT,"ZGCIS_CUSTOMER_PRODUCT_BAL  	",,
10-EXT-DWPVIEWA-ZIPM_INDIVIDUAL_PROVIS,ADL_EXT,ZIPM_INDIVIDUAL_PROVISION,,
10-EXT-DWPVIEWA-ZSOV_ACCT_MAP.sas,ADL_EXT,"vZSOV_ACCT_MAP            	",,
10-EXT-DWPVIEWA-ZSOV_ACCT_MAP_MM.sas,ADL_EXT,"vZSOV_ACCT_MAP            	",,
10-EXT-DWPVIEWA-ZSOV_APPLN.sas,ADL_EXT,"ZSOV_APPLN            	",,
10-EXT-DWPVIEWA-ZSOV_APPLN_LOAN_DETAIL,ADL_EXT,"ZSOV_APPLN_LOAN_DETAIL            	",,
10-EXT-DWPVIEWA-ZSOV_APPLN_MM.sas,ADL_EXT,"ZSOV_APPLN            	",,
10-EXT-DWPVIEWA-ZSOV_ASSET.sas,ADL_EXT,ZSOV_ASSET,,
10-EXT-DWPVIEWA-ZSOV_ASSET_CLASSIFICAT,ADL_EXT,ZSOV_ASSET_CLASSIFICATION,,
10-EXT-DWPVIEWA-ZSOV_ASSET_CONSUMER_GO,ADL_EXT,ZSOV_ASSET_CONSUMER_GOODS,,
10-EXT-DWPVIEWA-ZSOV_ASSET_MISCELLANEO,ADL_EXT,ZSOV_ASSET_MISCELLANEOUS,,
10-EXT-DWPVIEWA-ZSOV_ASSET_MM.sas,ADL_EXT,ZSOV_ASSET,,
10-EXT-DWPVIEWA-ZSOV_ASSET_VEHICLE.sas,ADL_EXT,ZSOV_ASSET_VEHICLE,,
10-EXT-DWPVIEWA-ZSOV_ASSET_VEHICLE_MM.,ADL_EXT,ZSOV_ASSET_VEHICLE,,
10-EXT-DWPVIEWA-ZSOV_CLIENT_EMPLOYMENT,ADL_EXT,ZSOV_CLIENT_EMPLOYMENT,,
10-EXT-DWPVIEWA-ZSOV_CLIENT_EXTENSION.,ADL_EXT,ZSOV_CLIENT_EXTENSION,,
10-EXT-DWPVIEWA-ZSOV_CLIENT_EXTENSION_,ADL_EXT,ZSOV_CLIENT_EXTENSION,,
10-EXT-DWPVIEWA-ZSOV_CLIENT_PERSONAL_D,ADL_EXT,ZSOV_CLIENT_PERSONAL_DTL,,
10-EXT-DWPVIEWA-ZSOV_CLIENT_STMT_OF_PO,ADL_EXT,"ZSOV_CLIENT_STMT_OF_POS_1            	",,
10-EXT-DWPVIEWA-ZSOV_COMPANY_PROFILE.s,ADL_EXT,ZSOV_COMPANY_PROFILE,,
10-EXT-DWPVIEWA-ZSOV_COMPANY_PROFILE_M,ADL_EXT,ZSOV_COMPANY_PROFILE,,
10-EXT-DWPVIEWA-ZSOV_GL_SMARTSTREAM.sa,ADL_EXT,ZSOV_GL_SMARTSTREAM,,
10-EXT-DWPVIEWA-ZSOV_GL_SMARTSTREAM_MM,ADL_EXT,ZSOV_GL_SMARTSTREAM,,
10-EXT-DWPVIEWA-ZSOV_LENDING_ACCT.sas,ADL_EXT,ZSOV_LENDING_ACCT,,
10-EXT-DWPVIEWA-ZSOV_LENDING_ACCT_FIN_,ADL_EXT,"ZSOV_LENDING_ACCT_FIN_DTL		",,
10-EXT-DWPVIEWA-ZSOV_LENDING_ACCT_FIN_,ADL_EXT,"ZSOV_LENDING_ACCT_FIN_DTL_ALL		",,
10-EXT-DWPVIEWA-ZSOV_LENDING_ACCT_MM.s,ADL_EXT,ZSOV_LENDING_ACCT,,
10-EXT-DWPVIEWA-ZSOV_LENDING_TRAN.sas,ADL_EXT,ZSOV_LENDING_TRAN,,
10-EXT-DWPVIEWA-ZSOV_LOAN_ACTVITY_WORK,ADL_EXT,"ZSOV_LOAN_ACTVITY_WORKFILE		",,
10-EXT-DWPVIEWA-ZSOV_LOAN_INSTAL_BRKDO,ADL_EXT,"ZSOV_LOAN_INSTAL_BRKDOWN		",,
10-EXT-DWPVIEWA-ZSOV_LOAN_INSTAL_BRKDO,ADL_EXT,"ZSOV_LOAN_INSTAL_BRKDOWN_ALL		",,
10-EXT-DWPVIEWA-ZSOV_ORG_UNIT.sas,ADL_EXT,ZSOV_ORG_UNIT,,
10-EXT-DWPVIEWA-ZSOV_ORG_UNIT_MM.sas,ADL_EXT,ZSOV_ORG_UNIT,,
10-EXT-DWPVIEWA-ZSOV_PROD_CLIENT.sas,ADL_EXT,"ZSOV_PROD_CLIENT		",,
10-EXT-DWPVIEWA-ZSOV_PROD_CLIENT_MM.sa,ADL_EXT,"ZSOV_PROD_CLIENT		",,
10-EXT-DWPVIEWA-ZSOV_SECURITY_FOR_ACCT,ADL_EXT,ZSOV_SECURITY_FOR_ACCT,,
10-EXT-DWPVIEWA-ZSOV_SOP_INC_EXPEND_IT,ADL_EXT,"ZSOV_SOP_INC_EXPEND_ITEM            	",,
10-EXT-DWPVIEWA-ZVIP_ACCT_DELINQUENCY.,ADL_EXT,ZVIP_ACCT_DELINQUENCY,,
10-EXT-DWPVIEWA-ZVIP_ACCT_DELINQUENCY_,ADL_EXT,ZVIP_ACCT_DELINQUENCY,,
10-EXT-DWPVIEWA-ZVIP_ACCT_STATUS.sas,ADL_EXT,"ZVIP_ACCT_STATUS		  	",,
10-EXT-DWPVIEWA-ZVIP_ACCT_STATUS_MM.sa,ADL_EXT,"ZVIP_ACCT_STATUS		  	",,
10-EXT-DWPVIEWA-ZVIP_POSTED_TRAN.sas,ADL_EXT,ZVIP_POSTED_TRAN,,
10-EXT-DWPVIEWA-ZVIP_POSTED_TRAN_MM.sa,ADL_EXT,ZVIP_POSTED_TRAN,,
10-EXT-DWPVIEWD-CALENDAR_DAY.sas,ADL_EXT,CALENDAR_DAY,,
10-EXT-DWPVTBLA-ACCT-HIST.sas,ADL_EXT,"ACCT		",,
10-EXT-DWPVTBLA-ACCT.sas,ADL_EXT,"ACCT		",,
10-EXT-DWPVTBLA-ACCT_CHA.sas,ADL_EXT,"ACCT_CHA		",,
10-EXT-DWPVTBLA-ACCT_CUST_LINK.sas,ADL_EXT,"ACCT_CUST_LINK		",,
10-EXT-DWPVTBLA-ACCT_CUST_LINK_HIST.sa,ADL_EXT,"ACCT_CUST_LINK_HIST		",,
10-EXT-DWPVTBLA-ACCT_EVENT.sas,ADL_EXT,ACCT_EVENT,,
10-EXT-DWPVTBLA-ACCT_FIN.sas,ADL_EXT,"ACCT_FIN	",,
10-EXT-DWPVTBLA-ACCT_FIN_CHA.sas,ADL_EXT,ACCT_FIN_CHA,,
10-EXT-DWPVTBLA-ACCT_FIN_LG_LINK.sas,ADL_EXT,"ACCT_FIN_LG_LINK		",,
10-EXT-DWPVTBLA-ACCT_FUNDS_TRANSFER.sa,ADL_EXT,"ACCT_FUNDS_TRANSFER		",,
10-EXT-DWPVTBLA-ACCT_GCIS_CUST_LINK.sa,ADL_EXT,"ACCT_GCIS_CUST_LINK		",,
10-EXT-DWPVTBLA-ACCT_GCIS_CUST_LINK_CU,ADL_EXT,ACCT_GCIS_CUST_LINK_CUR,,
10-EXT-DWPVTBLA-ACCT_LOAN-HIST.sas,ADL_EXT,ACCT_LOAN,,
10-EXT-DWPVTBLA-ACCT_LOAN.sas,ADL_EXT,ACCT_LOAN ADL_EXT,,
10-EXT-DWPVTBLA-ACCT_LOAN_CONDUCT.sas,ADL_EXT,"ACCT_LOAN_CONDUCT	",,
10-EXT-DWPVTBLA-ACCT_LOAN_FULL.sas,ADL_EXT,ACCT_LOAN_FULL,,
10-EXT-DWPVTBLA-ACCT_MIS.sas,ADL_EXT,"ACCT_MIS		",,
10-EXT-DWPVTBLA-APPLN-HIST.sas,ADL_EXT,"APPLN		",,
10-EXT-DWPVTBLA-APPLN.sas,ADL_EXT,"APPLN		",,
10-EXT-DWPVTBLA-APPLN_FIN_ACCT-HIST.sa,ADL_EXT,"APPLN_FIN_ACCT		",,
10-EXT-DWPVTBLA-APPLN_FIN_ACCT.sas,ADL_EXT,"APPLN_FIN_ACCT		",,
10-EXT-DWPVTBLA-APPLN_FIN_ACCT_FULL.sa,ADL_EXT,"APPLN_FIN_ACCT		",,
10-EXT-DWPVTBLA-APPLN_FIN_LINK-HIST.sa,ADL_EXT,"APPLN_FIN_LINK		",,
10-EXT-DWPVTBLA-APPLN_FIN_LINK.sas,ADL_EXT,"APPLN_FIN_LINK		",,
10-EXT-DWPVTBLA-APPLN_FIN_LINK_FULL.sa,ADL_EXT,"APPLN_FIN_LINK		",,
10-EXT-DWPVTBLA-APPLN_FULL.sas,ADL_EXT,"APPLN		",,
10-EXT-DWPVTBLA-BRANCH.sas,ADL_EXT,"BRANCH		                                                                            				",,
10-EXT-DWPVTBLA-CFAL_REL_MAPPING.sas,ADL_EXT,"CFAL_REL_MAPPING		",,
10-EXT-DWPVTBLA-CIS_CUST.sas,ADL_EXT,CIS_CUST,,
10-EXT-DWPVTBLA-CIS_CUST_ACCT_LINK.sas,ADL_EXT,"CIS_CUST_ACCT_LINK		",,
10-EXT-DWPVTBLA-CIS_CUST_ACCT_LINK_CUR,ADL_EXT,CIS_CUST_ACCT_LINK_CUR,,
10-EXT-DWPVTBLA-CIS_CUST_APPLN.sas,ADL_EXT,"CIS_CUST_APPLN		",,
10-EXT-DWPVTBLA-CIS_CUST_LINK.sas,ADL_EXT,"CIS_CUST_LINK		",,
10-EXT-DWPVTBLA-CIS_CUST_OUTLINE.sas,ADL_EXT,"CIS_CUST_OUTLINE		",,
10-EXT-DWPVTBLA-CIS_GCIS_LINK.sas,ADL_EXT,"CIS_GCIS_LINK		",,
10-EXT-DWPVTBLA-CIS_NAME.sas,ADL_EXT,"CIS_NAME		",,
10-EXT-DWPVTBLA-CIS_NAME_SCRUBBED.sas,ADL_EXT,CIS_NAME_SCRUBBED,,
10-EXT-DWPVTBLA-CUST.sas,ADL_EXT,"CUST				",,
10-EXT-DWPVTBLA-CUST_FIN.sas,ADL_EXT,CUST_FIN,,
10-EXT-DWPVTBLA-CUST_GCIS_LINK.sas,ADL_EXT,"CUST_GCIS_LINK		",,
10-EXT-DWPVTBLA-CUST_OUTLINE.sas,ADL_EXT,"CUST_OUTLINE		",,
10-EXT-DWPVTBLA-CX_ACCT_MTH.sas,ADL_EXT,CX_ACCT_MTH,,
10-EXT-DWPVTBLA-DDA_DEB_INT_PENALTY_CO,ADL_EXT,"DDA_DEB_INT_PENALTY_CODE					",,
10-EXT-DWPVTBLA-FOLIO-FULL.sas,ADL_FXT,"FOLIO		",,
10-EXT-DWPVTBLA-FOLIO-HIST.sas,ADL_EXT,"FOLIO		",,
10-EXT-DWPVTBLA-FOLIO.sas,ADL_EXT,"FOLIO		",,
10-EXT-DWPVTBLA-FOLIO_SECURITY-HIST.sa,ADL_EXT,"FOLIO_SECURITY		",,
10-EXT-DWPVTBLA-FOLIO_SECURITY.sas,ADL_EXT,FOLIO_SECURITY,,
10-EXT-DWPVTBLA-GCIS_CIS_LINK.sas,ADL_EXT,"GCIS_CIS_LINK		",,
10-EXT-DWPVTBLA-GCIS_CUST.sas,ADL_EXT,GCIS_CUST,,
10-EXT-DWPVTBLA-GCIS_CUST_LINK.sas,ADL_EXT,"GCIS_CUST_LINK		",,
10-EXT-DWPVTBLA-GCIS_NAME.sas,ADL_EXT,GCIS_NAME,,
10-EXT-DWPVTBLA-INTERNAL_CRA_ACCT_LINK,ADL_EXT,INTERNAL_CRA_ACCT_LINK,,
10-EXT-DWPVTBLA-LG_HIER_CENTRE.sas,ADL_EXT,LG_HIER_CENTRE,,
10-EXT-DWPVTBLA-LG_HIER_CENTRE_EOP.sas,ADL_EXT,"LG_HIER_CENTRE_EOP		",,
10-EXT-DWPVTBLA-LG_HIER_LOCATION.sas,ADL_EXT,LG_HIER_LOCATION,,
10-EXT-DWPVTBLA-LG_HIER_PRODUCT.sas,ADL_EXT,"LG_HIER_PRODUCT					",,
10-EXT-DWPVTBLA-LMI_LOAN.sas,ADL_EXT,LMI_LOAN,,
10-EXT-DWPVTBLA-MIS_ORG_UNIT.sas,ADL_EXT,"MIS_ORG_UNIT		",,
10-EXT-DWPVTBLA-PII_CIS_NAME.sas,ADL_EXT,PII_CIS_NAME,,
10-EXT-DWPVTBLA-PII_GCIS_NAME.sas,ADL_EXT,PII_GCIS_NAME,,
10-EXT-DWPVTBLA-PROD_CATEGORY.sas,ADL_EXT,"PROD_CATEGORY               	",,
10-EXT-DWPVTBLA-PROD_COA.sas,ADL_EXT,"PROD_COA               	",,
10-EXT-DWPVTBLA-PROD_LINE.sas,ADL_EXT,"PROD_LINE               	",,
10-EXT-DWPVTBLA-RC_Expos_Comp_OCB_STG_,ADL_EXT,RC_Expos_Comp_OCB_STG_Mth,,
10-EXT-DWPVTBLA-TRAN.sas,ADL_EXT,"TRAN		",,
10-EXT-DWPVTBLA-ZCHA_FACILITY_LIMITS.s,ADL_EXT,"ZCHA_FACILITY_LIMITS		",,
10-EXT-DWPVTBLA-ZCLS_APPL-HIST.sas,ADL_EXT,"ZCLS_APPL		                                                                            	",,
10-EXT-DWPVTBLA-ZCLS_APPL.sas,ADL_EXT,"ZCLS_APPL		                                                                            	",,
10-EXT-DWPVTBLA-ZCLS_APPL_EMPLOYMENT.s,ADL_EXT,"ZCLS_APPL_EMPLOYMENT		",,
10-EXT-DWPVTBLA-ZCLS_CONTRACT_AFFORD-H,ADL_EXT,"ZCLS_CONTRACT_AFFORD		",,
10-EXT-DWPVTBLA-ZCLS_CONTRACT_AFFORD.s,ADL_EXT,"ZCLS_CONTRACT_AFFORD		",,
10-EXT-DWPVTBLA-ZCLS_ENUMERATED_CODES.,ADL_REF,"ZCLS_Enumerated_Codes					",,
10-EXT-DWPVTBLA-ZCLS_FDTL_MORT_ACCT-HI,ADL_EXT,"ZCLS_FDTL_MORT_ACCT		",,
10-EXT-DWPVTBLA-ZCLS_FDTL_MORT_ACCT.sa,ADL_EXT,ZCLS_FDTL_MORT_ACCT,,
10-EXT-DWPVTBLA-ZCLS_FDTL_MORT_ACCT_FU,ADL_EXT,"ZCLS_FDTL_MORT_ACCT		",,
10-EXT-DWPVTBLA-ZCMSR_ACCT.sas,ADL_EXT,"ZCMSR_ACCT		",,
10-EXT-DWPVTBLA-ZCMSR_ACCT_HIST.sas,ADL_EXT,"ZCMSR_ACCT_HIST		",,
10-EXT-DWPVTBLA-ZCMSR_CUST.sas,ADL_EXT,"ZCMSR_CUST		",,
10-EXT-DWPVTBLA-ZCMSR_GROUP.sas,ADL_EXT,"ZCMSR_GROUP		",,
10-EXT-DWPVTBLA-ZCMS_ACCOUNT_CREDIT_RI,ADL_EXT,"ZCMS_ACCOUNT_CREDIT_RISK  	",,
10-EXT-DWPVTBLA-ZCMS_ACCOUNT_SPF.sas,ADL_EXT,"ZCMS_ACCOUNT_SPF  	",,
10-EXT-DWPVTBLA-ZCMS_CREDIT_CUSTOMER.s,ADL_EXT,ZCMS_CREDIT_CUSTOMER,,
10-EXT-DWPVTBLA-ZCMS_CUSTOMER_OTHER_EX,ADL_EXT,"ZCMS_CUSTOMER_OTHER_EXPOSURE  	",,
10-EXT-DWPVTBLA-ZCMS_CUSTOMER_RISK_GRA,ADL_EXT,ZCMS_CUSTOMER_RISK_GRADE,,
10-EXT-DWPVTBLA-ZCMS_MAP_ACCOUNT.sas,ADL_EXT,ZCMS_MAP_ACCOUNT,,
10-EXT-DWPVTBLA-ZCMS_MAP_MASTER.sas,ADL_EXT,"ZCMS_MAP_MASTER		",,
10-EXT-DWPVTBLA-ZDDA_AMFODRFT.sas,ADL_EXT,"ZDDA_AMFODRFT					",,
10-EXT-DWPVTBLA-ZGCIS_BUSINESS_CUSTOME,ADL_EXT,ZGCIS_BUSINESS_CUSTOMER,,
10-EXT-DWPVTBLA-ZGCIS_CUSTOMER_PRODUCT,ADL_EXT,"ZGCIS_CUSTOMER_PRODUCT  	",,
10-EXT-DWPVTBLA-ZGCIS_CUSTOMER_PRODUCT,ADL_EXT,"ZGCIS_CUSTOMER_PRODUCT_BAL  	",,
10-EXT-DWPVTBLA-ZIPM_INDIVIDUAL_PROVIS,ADL_EXT,ZIPM_INDIVIDUAL_PROVISION,,
10-EXT-DWPVTBLA-ZSOV_ACCT_MAP.sas,ADL_EXT,"vZSOV_ACCT_MAP            	",,
10-EXT-DWPVTBLA-ZSOV_APPLN.sas,ADL_EXT,"ZSOV_APPLN            	",,
10-EXT-DWPVTBLA-ZSOV_APPLN_LOAN_DETAIL,ADL_EXT,"ZSOV_APPLN_LOAN_DETAIL            	",,
10-EXT-DWPVTBLA-ZSOV_ASSET.sas,ADL_EXT,ZSOV_ASSET,,
10-EXT-DWPVTBLA-ZSOV_ASSET_CLASSIFICAT,ADL_EXT,ZSOV_ASSET_CLASSIFICATION,,
10-EXT-DWPVTBLA-ZSOV_ASSET_CONSUMER_GO,ADL_EXT,ZSOV_ASSET_CONSUMER_GOODS,,
10-EXT-DWPVTBLA-ZSOV_ASSET_MISCELLANEO,ADL_EXT,ZSOV_ASSET_MISCELLANEOUS,,
10-EXT-DWPVTBLA-ZSOV_ASSET_VEHICLE.sas,ADL_EXT,ZSOV_ASSET_VEHICLE,,
10-EXT-DWPVTBLA-ZSOV_CLIENT_EXTENSION.,ADL_EXT,ZSOV_CLIENT_EXTENSION,,
10-EXT-DWPVTBLA-ZSOV_CLIENT_PERSONAL_D,ADL_EXT,ZSOV_CLIENT_PERSONAL_DTL,,
10-EXT-DWPVTBLA-ZSOV_CLIENT_STMT_OF_PO,ADL_EXT,"ZSOV_CLIENT_STMT_OF_POS_1            	",,
10-EXT-DWPVTBLA-ZSOV_COMPANY_PROFILE.s,ADL_EXT,ZSOV_COMPANY_PROFILE,,
10-EXT-DWPVTBLA-ZSOV_GL_SMARTSTREAM.sa,ADL_EXT,ZSOV_GL_SMARTSTREAM,,
10-EXT-DWPVTBLA-ZSOV_LENDING_ACCT.sas,ADL_EXT,ZSOV_LENDING_ACCT,,
10-EXT-DWPVTBLA-ZSOV_LENDING_ACCT_FIN_,ADL_EXT,"ZSOV_LENDING_ACCT_FIN_DTL		",,
10-EXT-DWPVTBLA-ZSOV_LENDING_ACCT_FIN_,ADL_EXT,"ZSOV_LENDING_ACCT_FIN_DTL_ALL		",,
10-EXT-DWPVTBLA-ZSOV_LENDING_TRAN.sas,ADL_EXT,ZSOV_LENDING_TRAN,,
10-EXT-DWPVTBLA-ZSOV_LOAN_ACTVITY_WORK,ADL_EXT,"ZSOV_LOAN_ACTVITY_WORKFILE		",,
10-EXT-DWPVTBLA-ZSOV_LOAN_INSTAL_BRKDO,ADL_EXT,"ZSOV_LOAN_INSTAL_BRKDOWN		",,
10-EXT-DWPVTBLA-ZSOV_LOAN_INSTAL_BRKDO,ADL_EXT,"ZSOV_LOAN_INSTAL_BRKDOWN_ALL		",,
10-EXT-DWPVTBLA-ZSOV_ORG_UNIT.sas,ADL_EXT,ZSOV_ORG_UNIT,,
10-EXT-DWPVTBLA-ZSOV_PROD_CLIENT.sas,ADL_EXT,"ZSOV_PROD_CLIENT		",,
10-EXT-DWPVTBLA-ZSOV_SECURITY_FOR_ACCT,ADL_EXT,ZSOV_SECURITY_FOR_ACCT,,
10-EXT-DWPVTBLA-ZSOV_SOP_INC_EXPEND_IT,ADL_EXT,"ZSOV_SOP_INC_EXPEND_ITEM            	",,
10-EXT-DWPVTBLA-ZTSY_ACCOUNT.sas,ADL_EXT,"ZTSY_ACCOUNT					",,
10-EXT-DWPVTBLA-ZTSY_ACCOUNT_MM.sas,ADL_EXT,"ZTSY_ACCOUNT					",,
10-EXT-DWPVTBLA-ZVIP_ACCT_DELINQUENCY.,ADL_EXT,ZVIP_ACCT_DELINQUENCY,,
10-EXT-DWPVTBLA-ZVIP_ACCT_STATUS.sas,ADL_EXT,"ZVIP_ACCT_STATUS		  	",,
10-EXT-DWPVTBLA-ZVIP_POSTED_TRAN.sas,ADL_EXT,ZVIP_POSTED_TRAN,,
10-EXT-DWPVTBLA-Zcms_Responsible_Offic,ADL_EXT,"Zcms_Responsible_Officer		",,
10-EXT-DWPVTBLA-Zcms_customer_group.sa,ADL_EXT,"zcms_customer_group		",,
10-EXT-DWPVTCSA-ZTCS_ACCT_INFO-HIST.sa,ADL_EXT,"ZTCS_ACCT_INFO	",,
10-EXT-DWPVTCSA-ZTCS_ACCT_INFO.sas,ADL_EXT,"ZTCS_ACCT_INFO		",,
10-EXT-DWPVTCSA-ZTCS_ACCT_INFO_MM.sas,ADL_EXT,"ZTCS_ACCT_INFO		",,
10-EXT-EAD_PRODUCT_GROUP_MAPPING_WIB.s,ADL_EXT,EAD_PRODUCT_GROUP_MAPPING_WIB,,
10-EXT-EWP1ABASE-BASE_EXT_WBC_NW_CD_CU,ADL_EXT,BASE_EXT_WBC_NW_CD_CUSTOMER_H,,
10-EXT-EWP1ABASE-BASE_EXT_WBC_NW_COLLA,ADL_EXT,BASE_EXT_WBC_NW_COLLATERALS_H,,
10-EXT-EWP1ABASE-BASE_RAW_ACCOUNT.sas,ADL_EXT,BASE_RAW_ACCOUNT,,
10-EXT-EWP1ABASE-BASE_ROLLUP_SECURITY_,ADL_EXT,BASE_ROLLUP_SECURITY_MAPPING,,
10-EXT-EWP1VIEWA-ARMT_GDW_LINK.sas,ADL_EXT,"ARMT_GDW_LINK	",,
10-EXT-EWP1VIEWA-CCR_PARTY_ARMT_LINK.s,ADL_EXT,"CCR_PARTY_ARMT_LINK	",,
10-EXT-EWP1VIEWA-CCR_PARTY_PSN.sas,ADL_EXT,"CCR_PARTY_PSN	",,
10-EXT-EWP1VIEWA-CCR_PARTY_PSTADDR_LIN,ADL_EXT,"CCR_PARTY_PSTADDR_LINK	",,
10-EXT-EWP1VIEWA-CCR_PSTADDR.sas,ADL_EXT,CCR_PSTADDR,,
10-EXT-EWP1VIEWA-CCR_ZGCM_IP_PSN.sas,ADL_EXT,CCR_ZGCM_IP_PSN,,
10-EXT-EWP1VIEWA-CCR_ZVPS_Cardholder.s,ADL_EXT,"CCR_ZVPS_Cardholder	",,
10-EXT-EWP1VIEWA-PARTY_ARMT_LINK.sas,ADL_EXT,"PARTY_ARMT_LINK	",,
10-EXT-EWP1VIEWA-PARTY_PSN.sas,ADL_EXT,"PARTY_PSN	",,
10-EXT-EWP1VIEWA-PARTY_PSTADDR_LINK.sa,ADL_EXT,"PARTY_PSTADDR_LINK	",,
10-EXT-EWP1VIEWA-PSTADDR.sas,ADL_EXT,PSTADDR,,
10-EXT-EWP1VIEWA-ZATV_CARD_TRAN_EXTENS,ADL_EXT,ZATV_CARD_TRAN_EXTENSION,,
10-EXT-EWP1VIEWA-ZATV_COMMON_TRAN.sas,ADL_EXT,"ZATV_COMMON_TRAN		",,
10-EXT-EWP1VIEWA-ZGCM_IP_CL_RLTNP.sas,ADL_EXT,ZGCM_IP_CL_RLTNP,,
10-EXT-EWP1VIEWA-ZGCM_IP_PSN.sas,ADL_EXT,ZGCM_IP_PSN,,
10-EXT-EWP1VIEWA-ZMDM_ENTITY.sas,ADL_EXT,"ZMDM_ENTITY		",,
10-EXT-EWP1VIEWA-ZNEX_ACCOUNT.sas,ADL_EXT,"ZNEX_ACCOUNT		",,
10-EXT-EWP1VIEWA-ZNEX_ENTITY.sas,ADL_EXT,"ZNEX_ENTITY		",,
10-EXT-EWP1VIEWA-ZNEX_LOAN.sas,ADL_EXT,"ZNEX_LOAN		",,
10-EXT-EWP1VIEWA-ZNEX_SECURITY.sas,ADL_EXT,"ZNEX_SECURITY		",,
10-EXT-EWP1VIEWA-ZPOS_TRANSACTION.sas,ADL_EXT,"ZPOS_TRANSACTION		",,
10-EXT-EWP1VIEWA-ZRBD_PA_PPC_DETAIL.sa,ADL_EXT,"ZRBD_PA_PPC_DETAIL				",,
10-EXT-EWP1VIEWA-ZRMS_CUSTOMER.sas,ADL_EXT,"ZRMS_CUSTOMER	",,
10-EXT-EWP1VIEWA-ZRMS_LOAN_ACCOUNT.sas,ADL_EXT,"ZRMS_LOAN_ACCOUNT		",,
10-EXT-EWP1VIEWA-ZRMS_LOAN_SECURITY_LI,ADL_EXT,"ZRMS_LOAN_SECURITY_LINK	",,
10-EXT-EWP1VIEWA-ZRMS_SECURITY.sas,ADL_EXT,"ZRMS_SECURITY		",,
10-EXT-EWP1VIEWA-ZSDW_ZTSY_ACCOUNT.sas,ADL_EXT,"ZSDW_ZTSY_ACCOUNT					",,
10-EXT-EWP1VIEWA-ZVPS_ACQUIRING_TRANSA,ADL_EXT,"ZVPS_ACQUIRING_TRANSACTION		",,
10-EXT-EWP1VIEWA-ZVPS_CARDHOLDER.sas,ADL_EXT,"ZVPS_CARDHOLDER		",,
10-EXT-EWP1VIEWA-ZVPS_CARDHOLDER_MM.sa,ADL_EXT,"ZVPS_CARDHOLDER		",,
10-EXT-EWP1VIEWA-ZVPS_Cardholder_Fin.s,ADL_EXT,"ZVPS_Cardholder_Fin	",,
10-EXT-EWP1VIEWA-ZVPS_SGB_VISA_DEBIT_T,ADL_EXT,"ZVPS_SGB_VISA_DEBIT_TRAN		",,
10-EXT-EWP1VIEWA-ZVPS_TRANSACTION.sas,ADL_EXT,"ZVPS_TRANSACTION		",,
10-EXT-EWP1VIEWA-ZWGD_ACCT_ALL_COF_M_H,ADL_EXT,"ZWGD_ACCT_ALL_COF_M_HIST		",,
10-EXT-EWP1VIEWA-ZWGD_ALL_ACCT_M_HIST.,ADL_EXT,"ZWGD_ALL_ACCT_M_HIST			",,
10-EXT-EWP1VIEWA-ZWGD_CB_FACILITIES_M_,ADL_EXT,"ZWGD_CB_FACILITIES_M_HIST		",,
10-EXT-EWP1VIEWA-ZWGD_TB_W_HIST.sas,ADL_EXT,"ZWGD_TB_W_HIST					",,
10-EXT-EWP1VIEWD-ZTDM_FTP_CUSTACCT.sas,ADL_EXT,ZTDM_FTP_CUSTACCT,,
10-EXT-EWP1VIEWD-ZTDM_FTP_CUSTACCT_MTH,ADL_EXT,ZTDM_FTP_CUSTACCT_MTH,,
10-EXT-GL_LEGAL_ENTITY_MAP.sas,ADL_EXT,GL_LEGAL_ENTITY_MAP,,
10-EXT-IAP.sas,ADL_EXT,IAP,,
10-EXT-IMPARIED.sas,ADL_EXT,IMPAIRED,,
10-EXT-LAMD.sas,ADL_EXT,LAMD,,
10-EXT-LFEED.sas,ADL_EXT,LFEED,,
10-EXT-LOAMSDK.sas,ADL_EXT,LOAMSDK,,
10-EXT-LOAMSDK_HIST.sas,ADL_EXT,LOAMSDK,,
10-EXT-NEW_RAMS_FEED.sas,ADL_EXT,NEW_RAMS_FEED,,
10-EXT-NEXUS_ACCOUNT_ALL.sas,ADL_EXT,SGBPEL,,
10-EXT-NEXUS_LOAN_ALL.sas,ADL_EXT,SGBPEL,,
10-EXT-NW-DW_CNCY_DIM.sas,ADL_EXT,"DW_CNCY_DIM		",,
10-EXT-NW-DW_CR_FCLY_AR_DIM.sas,ADL_EXT,DW_CR_FCLY_AR_DIM,,
10-EXT-NW-DW_CR_FCLY_AR_DIM_ACCTID_V.s,ADL_EXT,"DW_CR_FCLY_AR_DIM_ACCTID_V				",,
10-EXT-NW-DW_CR_IP_DIM.sas,ADL_EXT,DW_CR_IP_DIM,,
10-EXT-NW-DW_CR_IP_DIM_CUSTID_V.sas,ADL_EXT,"DW_CR_IP_DIM_CUSTID_V				",,
10-EXT-NW-DW_CR_IP_GRP_DIM.sas,ADL_EXT,"DW_CR_IP_GRP_DIM				",,
10-EXT-NW-DW_CR_RISK_ASSET_SUBCLASS_DI,ADL_EXT,DW_CR_RISK_ASSET_SUBCLASS_DIM,,
10-EXT-NW-DW_EXCH_RATE_FACT.sas,ADL_EXT,"DW_EXCH_RATE_FACT		",,
10-EXT-NW-DW_GRP_CR_FCLY_AR_FACT.sas,ADL_EXT,DW_GRP_CR_FCLY_AR_FACT,,
10-EXT-NW-DW_GRP_CR_FCLY_RPRT_FACT.sas,ADL_EXT,"DW_GRP_CR_FCLY_RPRT_FACT				",,
10-EXT-NW-DW_PDCT_DIM.sas,ADL_EXT,DW_PDCT_DIM,,
10-EXT-NW-DW_RISK_GRADE_REF.sas,ADL_EXT,DW_RISK_GRADE_REF,,
10-EXT-NW-NW_ACCOUNT_ADDRESSES.sas,ADL_EXT,NW_ACCOUNT_ADDRESSES,,
10-EXT-NW-NW_ACCOUNT_LOAN_GRADES.sas,ADL_EXT,"NW_ACCOUNT_LOAN_GRADES			",,
10-EXT-NW-NW_ACCOUNT_LOSSES.sas,ADL_EXT,"NW_ACCOUNT_LOSSES		",,
10-EXT-NW-NW_ACCOUNT_LOSSES_MM.sas,ADL_EXT,"NW_ACCOUNT_LOSSES		",,
10-EXT-NW-NW_CB_FACILITIES_M_HIST.sas,ADL_EXT,"NW_CB_FACILITIES_M_HIST		",,
10-EXT-NW-NW_CB_FACILITIES_M_HIST_MM.s,ADL_EXT,"NW_CB_FACILITIES_M_HIST		",,
10-EXT-NW-NW_CCBHAV_CYCL_M_HIST_V.sas,ADL_EXT,NW_CCBHAV_CYCL_M_HIST,,
10-EXT-NW-NW_CCBHAV_CYCL_M_HIST_V_MM.s,ADL_EXT,NW_CCBHAV_CYCL_M_HIST,,
10-EXT-NW-NW_CC_ASSOCIATED_CARD_NUMBER,ADL_EXT,NW_CC_ASSOCIATED_CARD_NUMBER,,
10-EXT-NW-NW_CD_CUSTOMER_V.sas,ADL_EXT,"NW_CD_CUSTOMER_V		",,
10-EXT-NW-NW_CIF_ACCOUNT_M_HIST.sas,ADL_EXT,NW_CIF_ACCOUNT_M_HIST,,
10-EXT-NW-NW_CIF_FACILTY_M_HIST.sas,ADL_EXT,"NW_CIF_FACILTY_M_HIST				",,
10-EXT-NW-NW_CLOANFIX_M_HIST.sas,ADL_EXT,"NW_CLOANFIX_M_HIST				",,
10-EXT-NW-NW_CLOANFIX_M_HIST_MM.sas,ADL_EXT,"NW_CLOANFIX_M_HIST				",,
10-EXT-NW-NW_CLOANFIX_TRAN_HIST.sas,ADL_EXT,"NW_CLOANFIX_TRAN_HIST			",,
10-EXT-NW-NW_CLOANFIX_TRAN_HIST_MM.sas,ADL_EXT,"NW_CLOANFIX_TRAN_HIST			",,
10-EXT-NW-NW_COLLATERALS.sas,ADL_EXT,"NW_COLLATERALS		",,
10-EXT-NW-NW_COLL_ACCOUNTS_HIST.sas,ADL_EXT,"NW_COLL_ACCOUNTS_HIST		",,
10-EXT-NW-NW_COLL_ACCOUNTS_HIST_MM.sas,ADL_EXT,"NW_COLL_ACCOUNTS_HIST		",,
10-EXT-NW-NW_COLL_ACCOUNTS_HIST_old.sa,ADL_EXT,"NW_COLL_ACCOUNTS_HIST		",,
10-EXT-NW-NW_COLL_AC_ACTIVITIES_HIST.s,ADL_EXT,"NW_COLL_AC_ACTIVITIES_HIST				",,
10-EXT-NW-NW_COMM_BILL_M_HIST.sas,ADL_EXT,"NW_COMM_BILL_M_HIST			",,
10-EXT-NW-NW_COMM_BILL_M_HIST_MM.sas,ADL_EXT,"NW_COMM_BILL_M_HIST			",,
10-EXT-NW-NW_CONNECTIONS_M_HIST.sas,ADL_EXT,"NW_CONNECTIONS_M_HIST		",,
10-EXT-NW-NW_CONNECTIONS_M_HIST_MM.sas,ADL_EXT,"NW_CONNECTIONS_M_HIST		",,
10-EXT-NW-NW_CONN_CUST_M_HIST.sas,ADL_EXT,NW_CONN_CUST_M_HIST,,
10-EXT-NW-NW_CONN_CUST_M_HIST_MM.sas,ADL_EXT,NW_CONN_CUST_M_HIST,,
10-EXT-NW-NW_CONSUMER_LOAN_ACCOUNTS_FI,ADL_EXT,"NW_CONSUMER_LOAN_ACCOUNTS_FIX	",,
10-EXT-NW-NW_CORPORATE_CARDS.sas,ADL_EXT,"NW_CORPORATE_CARDS				",,
10-EXT-NW-NW_CORPORATE_CARDS_MM.sas,ADL_EXT,"NW_CORPORATE_CARDS				",,
10-EXT-NW-NW_CRDT_CARD_M_HIST.sas,ADL_EXT,"NW_CRDT_CARD_M_HIST		",,
10-EXT-NW-NW_CRDT_CARD_M_HIST_MM.sas,ADL_EXT,"NW_CRDT_CARD_M_HIST		",,
10-EXT-NW-NW_CREDIENT_ACCT_M_HIST.sas,ADL_EXT,"NW_CREDIENT_ACCT_M_HIST		",,
10-EXT-NW-NW_CREDIENT_ACCT_M_HIST_V.sa,ADL_EXT,"NW_CREDIENT_ACCT_M_HIST_V		",,
10-EXT-NW-NW_CREDIT_APPL_LOANS.sas,ADL_EXT,NW_CREDIT_APPL_LOANS,,
10-EXT-NW-NW_CRS_CUSTOMER_NAME_ADRS.sa,ADL_EXT,"NW_CRS_CUSTOMER_NAME_ADRS		",,
10-EXT-NW-NW_CRS_CUST_M_HIST.sas,ADL_EXT,NW_CRS_CUST_M_HIST,,
10-EXT-NW-NW_CR_ACCT_M_HIST.sas,ADL_EXT,"NW_CR_ACCT_M_HIST				",,
10-EXT-NW-NW_CR_BASEL_PRODUCTS_PARM.sa,ADL_EXT,"NW_CR_BASEL_PRODUCTS_PARM		",,
10-EXT-NW-NW_CR_BUSN_UNIT_PARM.sas,ADL_EXT,"NW_CR_BUSN_UNIT_PARM			",,
10-EXT-NW-NW_CR_CUST_M_HIST.sas,ADL_EXT,"NW_CR_CUST_M_HIST					",,
10-EXT-NW-NW_CR_IFRS_RISK_GRADE_REF.sa,ADL_EXT,"NW_CR_IFRS_RISK_GRADE_REF	",,
10-EXT-NW-NW_CR_UNSC_INVT_NUMB_PARM_RE,ADL_EXT,"NW_CR_UNSC_INVT_NUMB_PARM_REF		",,
10-EXT-NW-NW_CUSTOMERS_ACCOUNTS_CURREN,ADL_EXT,"NW_CUSTOMERS_ACCOUNTS_CURRENT		",,
10-EXT-NW-NW_CUSTOMERS_ACCOUNTS_FULL.s,ADL_EXT,"NW_CUSTOMERS_ACCOUNTS_FULL		",,
10-EXT-NW-NW_CUSTOMERS_ACCOUNTS_FULL_C,ADL_EXT,NW_CUSTOMERS_ACCOUNTS_FULL_CUR,,
10-EXT-NW-NW_CUSTOMERS_ACCOUNTS_FULL_M,ADL_EXT,"NW_CUSTOMERS_ACCOUNTS_FULL		",,
10-EXT-NW-NW_CUSTOMER_NAME_ADRS.sas,ADL_EXT,NW_CUSTOMER_NAME_ADRS,,
10-EXT-NW-NW_CUSTOMER_NAME_ADRS_MM.sas,ADL_EXT,NW_CUSTOMER_NAME_ADRS,,
10-EXT-NW-NW_CUST_M_HIST.sas,ADL_EXT,"NW_CUST_M_HIST					",,
10-EXT-NW-NW_CUST_M_HIST_MM.sas,ADL_EXT,"NW_CUST_M_HIST					",,
10-EXT-NW-NW_DEBIT_CARD_TRAN_M_SNAP.sa,ADL_EXT,NW_DEBIT_CARD_TRAN_M_SNAP,,
10-EXT-NW-NW_DEBTOR_FIN_M_HIST.sas,ADL_EXT,"NW_DEBTOR_FIN_M_HIST			",,
10-EXT-NW-NW_DEBTOR_FIN_M_HIST_MM.sas,ADL_EXT,"NW_DEBTOR_FIN_M_HIST			",,
10-EXT-NW-NW_DS_CUSTOMER_M_HIST.sas,ADL_EXT,NW_DS_CUSTOMER_M_HIST,,
10-EXT-NW-NW_EXCHANGE_RATE_M_HIST.sas,ADL_EXT,"NW_EXCHANGE_RATE_M_HIST			",,
10-EXT-NW-NW_EXCHANGE_RATE_M_HIST_MM.s,ADL_EXT,"NW_EXCHANGE_RATE_M_HIST			",,
10-EXT-NW-NW_GL_ACTUAL_FRGN_HIST.sas,ADL_EXT,"NW_GL_ACTUAL_FRGN_HIST		",,
10-EXT-NW-NW_GL_ACTUAL_HIST.sas,ADL_EXT,"NW_GL_ACTUAL_HIST		",,
10-EXT-NW-NW_INDUSTRY.sas,ADL_EXT,"NW_INDUSTRY				",,
10-EXT-NW-NW_INDUSTRY_MM.sas,ADL_EXT,"NW_INDUSTRY				",,
10-EXT-NW-NW_LEASE_BULK_LIMT_M_HIST.sa,ADL_EXT,"NW_LEASE_BULK_LIMT_M_HIST		",,
10-EXT-NW-NW_LEASE_BULK_LIMT_M_HIST_V.,ADL_EXT,"NW_LEASE_BULK_LIMT_M_HIST_V	",,
10-EXT-NW-NW_LEASE_INSTALMENTS.sas,ADL_EXT,"NW_LEASE_INSTALMENTS			",,
10-EXT-NW-NW_LEASE_M_HIST.sas,ADL_EXT,"NW_LEASE_M_HIST				",,
10-EXT-NW-NW_LI_ALL_M_HIST.sas,ADL_EXT,"NW_LI_ALL_M_HIST				",,
10-EXT-NW-NW_LI_ALL_M_HIST_MM.sas,ADL_EXT,"NW_LI_ALL_M_HIST				",,
10-EXT-NW-NW_LI_FCLY_ALL_M_HIST.sas,ADL_EXT,"NW_LI_FCLY_ALL_M_HIST			",,
10-EXT-NW-NW_LI_FCLY_ALL_M_HIST_MM.sas,ADL_EXT,"NW_LI_FCLY_ALL_M_HIST			",,
10-EXT-NW-NW_MANAGERS_M_HIST.sas,ADL_EXT,"NW_MANAGERS_M_HIST				",,
10-EXT-NW-NW_MANAGERS_M_HIST_MM.sas,ADL_EXT,"NW_MANAGERS_M_HIST				",,
10-EXT-NW-NW_MARGIN_LENDING_M_HIST.sas,ADL_EXT,"NW_MARGIN_LENDING_M_HIST		",,
10-EXT-NW-NW_MD_CU_LIMIT_M_HIST.sas,ADL_EXT,NW_MD_CU_LIMIT_M_HIST,,
10-EXT-NW-NW_MD_FCA_M_HIST.sas,ADL_EXT,NW_MD_FCA_M_HIST,,
10-EXT-NW-NW_MD_MONY_MKT_M_HIST.sas,ADL_EXT,NW_MD_MONY_MKT_M_HIST,,
10-EXT-NW-NW_MERCH_M_HIST.sas,ADL_EXT,"NW_MERCH_M_HIST				",,
10-EXT-NW-NW_MERCH_M_HIST_PREV.sas,ADL_EXT,"NW_MERCH_M_HIST				",,
10-EXT-NW-NW_MI_DAILY_FX_RATE.sas,ADL_EXT,NW_MSS_SECURITY_DETAILS_M_HIST,,
10-EXT-NW-NW_ML_FCLT_M_HIST_V.sas,ADL_EXT,"NW_ML_FCLT_M_HIST_V		",,
10-EXT-NW-NW_MRTG_LOAN_M_HIST.sas,ADL_EXT,"NW_MRTG_LOAN_M_HIST		",,
10-EXT-NW-NW_MRTG_LOAN_M_HIST_MM.sas,ADL_EXT,"NW_MRTG_LOAN_M_HIST		",,
10-EXT-NW-NW_MSS_SECURITY_ASSETS_M_HIS,ADL_EXT,NW_MSS_SECURITY_ASSETS_M_HIST,,
10-EXT-NW-NW_MSS_SECURITY_DETAILS_M_HI,ADL_EXT,NW_MSS_SECURITY_DETAILS_M_HIST,,
10-EXT-NW-NW_MSS_SECURITY_DETAILS_M_TE,ADL_EXT,NW_MSS_SECURITY_DETAILS_M_HIST,,
10-EXT-NW-NW_NC_CARD_M_HIST.sas,ADL_EXT,NW_NC_CARD_M_HIST,,
10-EXT-NW-NW_NZ_ACCTSEGM_M_HIST.sas,ADL_EXT,NW_NZ_ACCTSEGM_M_HIST,,
10-EXT-NW-NW_NZ_PROPERTY_ASSET_ADDRESS,ADL_EXT,"NW_NZ_PROPERTY_ASSET_ADDRESS		",,
10-EXT-NW-NW_NZ_PROPERTY_ASSET_M_HIST.,ADL_EXT,NW_NZ_PROPERTY_ASSET_M_HIST,,
10-EXT-NW-NW_NZ_SECURITY_ACCOUNT.sas,ADL_EXT,"NW_NZ_SECURITY_ACCOUNT			",,
10-EXT-NW-NW_ORGANISATION_UNIT_RELATIO,ADL_EXT,NW_ORGANISATION_UNIT_RELATIONS,,
10-EXT-NW-NW_ORGANISATION_UNIT_STRUCTU,ADL_EXT,NW_ORGANISATION_UNIT_STRUCTURE,,
10-EXT-NW-NW_PBLM_ACCOUNTING.sas,ADL_EXT,"NW_PBLM_ACCOUNTING				",,
10-EXT-NW-NW_PBLM_ACCOUNTING_MM.sas,ADL_EXT,"NW_PBLM_ACCOUNTING				",,
10-EXT-NW-NW_PBLM_CFLW_ACCT_ALLOC.sas,ADL_EXT,NW_PBLM_CFLW_ACCT_ALLOC,,
10-EXT-NW-NW_PBLM_CFLW_ACCT_ALLOC_MM.s,ADL_EXT,NW_PBLM_CFLW_ACCT_ALLOC,,
10-EXT-NW-NW_PBLM_CUST_M_HIST.sas,ADL_EXT,"NW_PBLM_CUST_M_HIST				",,
10-EXT-NW-NW_PBLM_GRP_STGY_M_HIST.sas,ADL_EXT,"NW_PBLM_GRP_STGY_M_HIST				",,
10-EXT-NW-NW_PRODUCTS.sas,ADL_EXT,"NW_PRODUCTS				",,
10-EXT-NW-NW_PRODUCTS_MM.sas,ADL_EXT,"NW_PRODUCTS				",,
10-EXT-NW-NW_PRODUCT_RELATIONS.sas,ADL_EXT,"NW_PRODUCT_RELATIONS		",,
10-EXT-NW-NW_PRODUCT_RELATIONS_MM.sas,ADL_EXT,"NW_PRODUCT_RELATIONS		",,
10-EXT-NW-NW_PZ_ACCOUNT_M_HIST.sas,ADL_EXT,NW_PZ_ACCOUNT_M_HIST,,
10-EXT-NW-NW_RAMS_ACCT_M_HIST.sas,ADL_EXT,"NW_RAMS_ACCT_M_HIST		",,
10-EXT-NW-NW_REMNGRCU_M_SNAP.sas,ADL_EXT,"NW_REMNGRCU_M_SNAP		",,
10-EXT-NW-NW_REMNGRCU_M_SNAP_MM.sas,ADL_EXT,"NW_REMNGRCU_M_SNAP		",,
10-EXT-NW-NW_RP_TF_M_HIST.sas,ADL_EXT,"NW_RP_TF_M_HIST				",,
10-EXT-NW-NW_SECURITY_QUALITY_INDICATO,ADL_EXT,NW_SECURITY_QUALITY_INDICATORS,,
10-EXT-NW-NW_SETO_BALANCES_M_HIST.sas,ADL_EXT,"NW_SETO_BALANCES_M_HIST		",,
10-EXT-NW-NW_SETO_NETACCT_M_HIST.sas,ADL_EXT,"NW_SETO_NETACCT_M_HIST		",,
10-EXT-NW-NW_TB_FCA_M_HIST.sas,ADL_EXT,"NW_TB_FCA_M_HIST		",,
10-EXT-NW-NW_TB_FCA_M_HIST_MM.sas,ADL_EXT,"NW_TB_FCA_M_HIST		",,
10-EXT-NW-NW_TB_M_HIST.sas,ADL_EXT,"NW_TB_M_HIST		",,
10-EXT-NW-NW_TB_M_HIST_MM.sas,ADL_EXT,"NW_TB_M_HIST		",,
10-EXT-NW-NW_TERM_DEP_M_HIST.sas,ADL_EXT,"NW_TERM_DEP_M_HIST	",,
10-EXT-NW-NW_TF_LIMITS_M_HIST.sas,ADL_EXT,"NW_TF_LIMITS_M_HIST				",,
10-EXT-NW-NW_TF_M_HIST.sas,ADL_EXT,"NW_TF_M_HIST			",,
10-EXT-NW-NW_TRANSACTION_CODES.sas,ADL_EXT,NW_TRANSACTION_CODES,,
10-EXT-NW-NW_VALUE_TRAN_HIST.sas,ADL_EXT,NW_VALUE_TRAN_HIST,,
10-EXT-NW-NW_VALUE_TRAN_HIST_MM.sas,ADL_EXT,NW_VALUE_TRAN_HIST,,
10-EXT-OLD_RAMS_FEED.sas,ADL_EXT,OLD_RAMS_FEED,,
10-EXT-PB_FACILITY_ECL.sas,ADL_EXT,PB_FACILITY_ECL,,
10-EXT-PRODUCT_DESC.sas,ADL_EXT,PRODUCT_DESC,,
10-EXT-RPDATA_SECNO.sas,ADL_EXT,RPDATA_SECNO,,
10-EXT-RPDATA_SECNO_Orig.sas,ADL_EXT,RPDATA_SECNO,,
10-EXT-RPT_PORTFOLIO_SUB_CODE_DESC_MAP,ADL_EXT,OLD_RAMS_FEED,,
10-EXT-SDFEEPD.sas,ADL_EXT,SDFEEPD,,
10-EXT-SDFEEPD_HIST.sas,ADL_EXT,SDFEEPD,,
10-EXT-SECLOOKUP.sas,ADL_EXT,SECLOOKUP,,
10-EXT-SGBPEL.sas,ADL_EXT,SGBPEL,,
10-EXT-SGB_CURRENT_DATA_TEST2.sas,ADL_EXT,SGB_Current_data_test2,,
10-EXT-STG_D_OGL_COA_1_2_5_EXPORT.sas,ADL_EXT,SGBPEL,,
10-EXT-STG_D_OGL_COA_4_EXPORT.sas,ADL_EXT,SGBPEL,,
10-EXT-STG_D_OGL_COA_6_EXPORT.sas,ADL_EXT,SGBPEL,,
10-EXT-WGL_BGI_MAPPING.sas,ADL_EXT,WGL_BGI_MAPPING,,
10-EXT-WIB_CUSTOMER.sas,ADL_EXT,WIB_CUSTOMER,,
10-EXT-WIB_FACILITY.sas,ADL_EXT,WIB_FACILITY,,
10-EXT-WIB_FACILITYsas.sas,ADL_EXT,WIB_FACILITY,,
10-EXT-WIB_GROUP.sas,ADL_EXT,WIB_GROUP,,
10-EXT-WIB_PRODUCT.sas,ADL_EXT,WIB_PRODUCT,,
10-EXT-WIB_SUB_FACILITY.sas,ADL_EXT,WIB_SUB_FACILITY,,
10-EXT-WIB_SUB_GROUP.sas,ADL_EXT,WIB_SUB_GROUP,,
10-EXT-WNZ_ECL_INPUT.sas,ADL_EXT,WNZ_ECL_Input,,
10-EXT-WNZ_ECL_INPUT_20180618.sas,ADL_EXT,WNZ_ECL_Input,,
10-EXT_BASE_EXT_CFL_MIS_LOAN_2.sas,ADL_EXT,CFAL_MIS_LOAN_2,,
11-FXT-BASE_EXT_CFL_DP_FCL_ITEM.sas,ADL_FXT,BASE_EXT_CFL_DP_FCL_ITEM,,
11-FXT-BASE_TAX_RATE_REF.sas,ADL_FXT,BASE_TAX_RATE_REF,,
11-FXT-CFAL_CFAL_DP_T_MV_VHCL.sas,ADL_FXT,CFAL_DP_T_MV_VHCL,,
11-FXT-CFAL_DP_T_APLCNT.sas,ADL_FXT,CFAL_DP_T_APLCNT,,
11-FXT-CFAL_DP_T_APP.sas,ADL_FXT,CFAL_DP_T_APP,,
11-FXT-CFAL_DP_T_APP_RUN.sas,ADL_FXT,CFAL_DP_T_APP_RUN,,
11-FXT-CFAL_DP_T_BU_INCORP.sas,ADL_FXT,CFAL_DP_T_BU_INCORP,,
11-FXT-CFAL_DP_T_BU_RSPN.sas,ADL_FXT,CFAL_DP_T_BU_RSPN,,
11-FXT-CFAL_DP_T_CFAL_TC_EQUMNT.sas,ADL_FXT,CFAL_DP_T_CFAL_TC_EQUMNT,,
11-FXT-CFAL_DP_T_EMP.sas,ADL_FXT,CFAL_DP_T_EMP,,
11-FXT-CFAL_DP_T_PARTY_ADDR.sas,ADL_FXT,CFAL_DP_T_PARTY_ADDR,,
11-FXT-CFAL_DP_T_PROC_APP.sas,ADL_FXT,CFAL_DP_T_PROC_APP,,
11-FXT-CFAL_DP_T_SCORE.sas,ADL_FXT,CFAL_DP_T_SCORE,,
11-FXT-CFAL_DP_T_SEC.sas,ADL_FXT,CFAL_DP_T_SEC,,
11-FXT-CFAL_DP_T_TC_APP.sas,ADL_FXT,CFAL_DP_T_TC_APP,,
11-FXT-CFAL_MIS_BASEL.sas,ADL_FXT,CFAL_MIS_BASEL,,
11-FXT-CFAL_MIS_MONTHLY_TREND.sas,ADL_FXT,CFAL_MIS_MONTHLY_TREND,,
11-FXT-NW-NW_COLL_ACCOUNTS_HIST_EIL.sa,ADL_FXT,"NW_COLL_ACCOUNTS_HIST_EIL				",,
11-FXT-NW-NW_CRDT_CARD_M_HIST_MDBT.sas,ADL_FXT,NW_CRDT_CARD_M_HIST_MDBT,,
11-FXT-NW-NW_LEASE_M_HIST.sas,ADL_FXT,"NW_LEASE_M_HIST				",,
