str,Filename,libname,table,GROUP,Permission
/gpfs/ceifrs/data/adletl/Lev2/3_auto/code/job/10-EXT-DWPVIEWA-GCIS_ADDR.sas:5:/*  Target Data: ADL_EXT.GCIS_ADDR                                                                                                    */,10-EXT-DWPVIEWA-GCIS_ADDR,ADL_EXT,GCIS_ADDR,,
/gpfs/ceifrs/data/adletl/Lev2/3_auto/code/job/10-EXT-DWPVIEWA-ZSOV_LENDING_ACCT_FIN_DTL_ALL.sas:5:/*  Target Data: ADL_EXT.ZSOV_LENDING_ACCT_FIN_DTL_ALL		                                                                            */,10-EXT-DWPVIEWA-ZSOV_LENDING_ACCT_FIN_DTL_ALL,ADL_EXT,ZSOV_LENDING_ACCT_FIN_DTL_ALL,,
/gpfs/ceifrs/data/adletl/Lev2/3_auto/code/job/10-EXT-DWPVIEWA-ZSOV_LOAN_ACTVITY_WORKFILE.sas:5:/*  Target Data: ADL_EXT.ZSOV_LOAN_ACTVITY_WORKFILE		                                                                            	*/,10-EXT-DWPVIEWA-ZSOV_LOAN_ACTVITY_WORKFILE,ADL_EXT,ZSOV_LOAN_ACTVITY_WORKFILE,,
/gpfs/ceifrs/data/adletl/Lev2/3_auto/code/job/10-EXT-DWPVTBLA-ACCT_CUST_LINK.sas:5:/*  Target Data: ADL_EXT.ACCT_CUST_LINK		                                                                                            */,10-EXT-DWPVTBLA-ACCT_CUST_LINK,ADL_EXT,ACCT_CUST_LINK,,
/gpfs/ceifrs/data/adletl/Lev2/3_auto/code/job/10-EXT-DWPVTBLA-RC_Expos_Comp_OCB_STG_Mth.sas:5:/*  Target Data: ADL_EXT.RC_Expos_Comp_OCB_STG_Mth                                                                                             			*/,10-EXT-DWPVTBLA-RC_Expos_Comp_OCB_STG_Mth,ADL_EXT,RC_Expos_Comp_OCB_STG_Mth,,
/gpfs/ceifrs/data/adletl/Lev2/3_auto/code/job/10-EXT-DWPVTBLA-ZSOV_LENDING_ACCT_FIN_DTL_ALL.sas:5:/*  Target Data: ADL_EXT.ZSOV_LENDING_ACCT_FIN_DTL_ALL		                                                                            */,10-EXT-DWPVTBLA-ZSOV_LENDING_ACCT_FIN_DTL_ALL,ADL_EXT,ZSOV_LENDING_ACCT_FIN_DTL_ALL,,
/gpfs/ceifrs/data/adletl/Lev2/3_auto/code/job/10-EXT-DWPVTBLA-ZSOV_LOAN_ACTVITY_WORKFILE.sas:5:/*  Target Data: ADL_EXT.ZSOV_LOAN_ACTVITY_WORKFILE		                                                                            	*/,10-EXT-DWPVTBLA-ZSOV_LOAN_ACTVITY_WORKFILE,ADL_EXT,ZSOV_LOAN_ACTVITY_WORKFILE,,
/gpfs/ceifrs/data/adletl/Lev2/3_auto/code/job/10-EXT-DWPVTBLA-ZSOV_LOAN_ACTVITY_WORKFILE_02082018.sas:5:/*  Target Data: ADL_EXT.ZSOV_LOAN_ACTVITY_WORKFILE		                                                                            	*/,10-EXT-DWPVTBLA-ZSOV_LOAN_ACTVITY_WORKFILE_02082018,ADL_EXT,ZSOV_LOAN_ACTVITY_WORKFILE,,
/gpfs/ceifrs/data/adletl/Lev2/3_auto/code/job/10-EXT-DWPVTBLA-ZSOV_LOAN_ACTVITY_WORKFILE_TESTV.sas:5:/*  Target Data: ADL_EXT.ZSOV_LOAN_ACTVITY_WORKFILE		                                                                            	*/,10-EXT-DWPVTBLA-ZSOV_LOAN_ACTVITY_WORKFILE_TESTV,ADL_EXT,ZSOV_LOAN_ACTVITY_WORKFILE,,
/gpfs/ceifrs/data/adletl/Lev2/3_auto/code/job/10-EXT-DWPVTBLA-Zcms_Responsible_Officer.sas:5:/*  Target Data: ADL_EXT.Zcms_Responsible_Officer		                                                                                        */,10-EXT-DWPVTBLA-Zcms_Responsible_Officer,ADL_EXT,Zcms_Responsible_Officer,,
/gpfs/ceifrs/data/adletl/Lev2/3_auto/code/job/10-EXT-DWPVTBLA-Zcms_customer_group.sas:5:/*  Target Data: ADL_EXT.zcms_customer_group		                                                                                        */,10-EXT-DWPVTBLA-Zcms_customer_group,ADL_EXT,zcms_customer_group,,
/gpfs/ceifrs/data/adletl/Lev2/3_auto/code/job/10-EXT-EWP1ABASE-BASE_EXT_WBC_NW_CD_CUSTOMER_H.sas:5:/*  Target Data: ADL_EXT.BASE_EXT_WBC_NW_CD_CUSTOMER_H                                                                                  */,10-EXT-EWP1ABASE-BASE_EXT_WBC_NW_CD_CUSTOMER_H,ADL_EXT,BASE_EXT_WBC_NW_CD_CUSTOMER_H,,
/gpfs/ceifrs/data/adletl/Lev2/3_auto/code/job/10-EXT-EWP1ABASE-BASE_RAW_ACCOUNT.sas:5:/*  Target Data: ADL_EXT.BASE_RAW_ACCOUNT                                                                                               */,10-EXT-EWP1ABASE-BASE_RAW_ACCOUNT,ADL_EXT,BASE_RAW_ACCOUNT,,
/gpfs/ceifrs/data/adletl/Lev2/3_auto/code/job/10-EXT-EWP1VIEWA-CCR_ZVPS_Cardholder.sas:5:/*  Target Data: ADL_EXT.CCR_ZVPS_Cardholder	                                                                                       	*/,10-EXT-EWP1VIEWA-CCR_ZVPS_Cardholder,ADL_EXT,CCR_ZVPS_Cardholder,,
/gpfs/ceifrs/data/adletl/Lev2/3_auto/code/job/10-EXT-EWP1VIEWA-ZVPS_Cardholder_Fin.sas:5:/*  Target Data: ADL_EXT.ZVPS_Cardholder_Fin	                                                                                       	*/,10-EXT-EWP1VIEWA-ZVPS_Cardholder_Fin,ADL_EXT,ZVPS_Cardholder_Fin,,
/gpfs/ceifrs/data/adletl/Lev2/3_auto/code/job/10-EXT-NW-DW_CR_RISK_ASSET_SUBCLASS_DIM.sas:5:/*  Target Data: ADL_EXT.DW_CR_RISK_ASSET_SUBCLASS_DIM                                                                                        		*/,10-EXT-NW-DW_CR_RISK_ASSET_SUBCLASS_DIM,ADL_EXT,DW_CR_RISK_ASSET_SUBCLASS_DIM,,
/gpfs/ceifrs/data/adletl/Lev2/3_auto/code/job/10-EXT-NW-NW_CR_CUST_M_HIST.sas:5:/*  Target Data: ADL_EXT.NW_CR_CUST_M_HIST					                                                                                */,10-EXT-NW-NW_CR_CUST_M_HIST,ADL_EXT,NW_CR_CUST_M_HIST,,
/gpfs/ceifrs/data/adletl/Lev2/3_auto/code/job/10-EXT-WIB_CUSTOMER_DLY.sas:5:/*  Target Data: ADL_EXT.EDW_CUSTOMER                                                                                                   */,10-EXT-WIB_CUSTOMER_DLY,ADL_EXT,EDW_CUSTOMER,,
/gpfs/ceifrs/data/adletl/Lev2/3_auto/code/job/10-EXT-WIB_FACILITY_DLY.sas:5:/*  Target Data: ADL_EXT.EDW_FACILITY                                                                                                         */,10-EXT-WIB_FACILITY_DLY,ADL_EXT,EDW_FACILITY,,
/gpfs/ceifrs/data/adletl/Lev2/3_auto/code/job/10-EXT-WIB_GROUP_DLY.sas:5:/*  Target Data: ADL_EXT.EDW_GROUP                                                                                                         */,10-EXT-WIB_GROUP_DLY,ADL_EXT,EDW_GROUP,,
/gpfs/ceifrs/data/adletl/Lev2/3_auto/code/job/10-EXT-WIB_SUB_GROUP_DLY.sas:5:/*  Target Data: ADL_EXTD.EDW_SUB_GROUP                                                                                                         */,10-EXT-WIB_SUB_GROUP_DLY,ADL_EXTD,EDW_SUB_GROUP,,
