﻿Predecessors,ID,Name,Type,Event,Location,Run as,Description
6,A51JUUE8.C90009T0,60-OUT_HL_RAM,JOB,/opt/sas/conf/grid/Lev2/WBCApp_ADL_Vldn/BatchServer/sasbatch.sh -log /opt/sas/conf/grid/Lev2/WBCApp_ADL_Vldn/BatchServer/Logs/CE_INT_RAMS_HL_60-OUT_HL_RAM_#Y.#m.#d_#H.#M.#s.log  -batch -noterminal -logparm "rollover=session"  -sysin /opt/sas/conf/grid/Lev2/WBCApp_ADL_Vldn/SASEnvironment/SASCode/Jobs/60-OUT_HL_RAM.sas,/_WBC_/Group Risk/Credit Risk/ADL/2_Vldn/Deployed Jobs,,
 ,1,exists (/opt/sas/data/adletl/Lev2/2_vldn/data/0_sys/markers/etl/30-tag_acct_basel_default_flg_ram.mkr),FileEvent,exists (/opt/sas/data/adletl/Lev2/2_vldn/data/0_sys/markers/etl/30-tag_acct_basel_default_flg_ram.mkr), , ,PlatformIndependentFileEventV1:Name:<file Name="/opt/sas/data/adletl/Lev2/2_vldn/data/0_sys/markers/etl/30-tag_acct_basel_default_flg_ram.mkr"/>||Event:<exist Value="true"/>||
 ,2,exists (/opt/sas/data/adletl/Lev2/2_vldn/data/0_sys/markers/etl/30-tag_acct_delq_status_ram.mkr),FileEvent,exists (/opt/sas/data/adletl/Lev2/2_vldn/data/0_sys/markers/etl/30-tag_acct_delq_status_ram.mkr), , ,PlatformIndependentFileEventV1:Name:<file Name="/opt/sas/data/adletl/Lev2/2_vldn/data/0_sys/markers/etl/30-tag_acct_delq_status_ram.mkr"/>||Event:<exist Value="true"/>||
 ,3,exists (/opt/sas/data/adletl/Lev2/2_vldn/data/0_sys/markers/etl/30-tag_acct_hardship_flg_ram.mkr),FileEvent,exists (/opt/sas/data/adletl/Lev2/2_vldn/data/0_sys/markers/etl/30-tag_acct_hardship_flg_ram.mkr), , ,PlatformIndependentFileEventV1:Name:<file Name="/opt/sas/data/adletl/Lev2/2_vldn/data/0_sys/markers/etl/30-tag_acct_hardship_flg_ram.mkr"/>||Event:<exist Value="true"/>||
 ,4,exists (/opt/sas/data/adletl/Lev2/2_vldn/data/0_sys/markers/etl/30-tag_acct_num_mthly_repay_delq_ram.mkr),FileEvent,exists (/opt/sas/data/adletl/Lev2/2_vldn/data/0_sys/markers/etl/30-tag_acct_num_mthly_repay_delq_ram.mkr), , ,PlatformIndependentFileEventV1:Name:<file Name="/opt/sas/data/adletl/Lev2/2_vldn/data/0_sys/markers/etl/30-tag_acct_num_mthly_repay_delq_ram.mkr"/>||Event:<exist Value="true"/>||
 ,5,exists (/opt/sas/data/adletl/Lev2/2_vldn/data/0_sys/markers/etl/50-drv_acct_ram.mkr),FileEvent,exists (/opt/sas/data/adletl/Lev2/2_vldn/data/0_sys/markers/etl/50-drv_acct_ram.mkr), , ,PlatformIndependentFileEventV1:Name:<file Name="/opt/sas/data/adletl/Lev2/2_vldn/data/0_sys/markers/etl/50-drv_acct_ram.mkr"/>||Event:<exist Value="true"/>||
1;2;3;4;5,6,And,Gate,And, , ,
7,A51JUUE8.C9000BC6,60-OUT_DS_HL_RAM,JOB,/opt/sas/conf/grid/Lev2/WBCApp_ADL_Vldn/BatchServer/sasbatch.sh -log /opt/sas/conf/grid/Lev2/WBCApp_ADL_Vldn/BatchServer/Logs/CE_INT_RAMS_HL_60-OUT_DS_HL_RAM_#Y.#m.#d_#H.#M.#s.log  -batch -noterminal -logparm "rollover=session"  -sysin /opt/sas/conf/grid/Lev2/WBCApp_ADL_Vldn/SASEnvironment/SASCode/Jobs/60-OUT_DS_HL_RAM.sas,/_WBC_/Group Risk/Credit Risk/ADL/2_Vldn/Deployed Jobs,,
 ,7,exists (/opt/sas/data/adletl/Lev2/2_vldn/data/0_sys/markers/etl/21-bse_acct_ram-00001.mkr),FileEvent,exists (/opt/sas/data/adletl/Lev2/2_vldn/data/0_sys/markers/etl/21-bse_acct_ram-00001.mkr), , ,PlatformIndependentFileEventV1:Name:<file Name="/opt/sas/data/adletl/Lev2/2_vldn/data/0_sys/markers/etl/21-bse_acct_ram-00001.mkr"/>||Event:<exist Value="true"/>||
1,A51JUUE8.C90009PH,30-TAG_ACCT_BASEL_DEFAULT_FLG_RAM,JOB,/opt/sas/conf/grid/Lev2/WBCApp_ADL_Vldn/BatchServer/sasbatch.sh -log /opt/sas/conf/grid/Lev2/WBCApp_ADL_Vldn/BatchServer/Logs/ADLAUTO_TAG_RAM_30-TAG_ACCT_BASEL_DEFAULT_FLG_RAM_#ADL_MONTH_KEY._#Y.#m.#d_#H.#M.#s.log  -batch -noterminal -logparm "rollover=session"  -sysin /opt/sas/conf/grid/Lev2/WBCApp_ADL_Vldn/SASEnvironment/SASCode/Jobs/30-TAG_ACCT_BASEL_DEFAULT_FLG_RAM.sas,/_WBC_/Group Risk/Credit Risk/ADL/2_Vldn/Deployed Jobs,,
 ,1,exists (/opt/sas/data/adletl/Lev2/2_vldn/data/0_sys/markers/etl/21-bse_acct_ram-00001.mkr),FileEvent,exists (/opt/sas/data/adletl/Lev2/2_vldn/data/0_sys/markers/etl/21-bse_acct_ram-00001.mkr), , ,PlatformIndependentFileEventV1:Name:<file Name="/opt/sas/data/adletl/Lev2/2_vldn/data/0_sys/markers/etl/21-bse_acct_ram-00001.mkr"/>||Event:<exist Value="true"/>||
2,A51JUUE8.C90009PT,30-TAG_ACCT_DELQ_STATUS_RAM,JOB,/opt/sas/conf/grid/Lev2/WBCApp_ADL_Vldn/BatchServer/sasbatch.sh -log /opt/sas/conf/grid/Lev2/WBCApp_ADL_Vldn/BatchServer/Logs/ADLAUTO_TAG_RAM_30-TAG_ACCT_DELQ_STATUS_RAM_#ADL_MONTH_KEY._#Y.#m.#d_#H.#M.#s.log  -batch -noterminal -logparm "rollover=session"  -sysin /opt/sas/conf/grid/Lev2/WBCApp_ADL_Vldn/SASEnvironment/SASCode/Jobs/30-TAG_ACCT_DELQ_STATUS_RAM.sas,/_WBC_/Group Risk/Credit Risk/ADL/2_Vldn/Deployed Jobs,,
 ,2,exists (/opt/sas/data/adletl/Lev2/2_vldn/data/0_sys/markers/etl/21-bse_acct_ram-00001.mkr),FileEvent,exists (/opt/sas/data/adletl/Lev2/2_vldn/data/0_sys/markers/etl/21-bse_acct_ram-00001.mkr), , ,PlatformIndependentFileEventV1:Name:<file Name="/opt/sas/data/adletl/Lev2/2_vldn/data/0_sys/markers/etl/21-bse_acct_ram-00001.mkr"/>||Event:<exist Value="true"/>||
3,A51JUUE8.C90009Q0,30-TAG_ACCT_HARDSHIP_FLG_RAM,JOB,/opt/sas/conf/grid/Lev2/WBCApp_ADL_Vldn/BatchServer/sasbatch.sh -log /opt/sas/conf/grid/Lev2/WBCApp_ADL_Vldn/BatchServer/Logs/ADLAUTO_TAG_RAM_30-TAG_ACCT_HARDSHIP_FLG_RAM_#ADL_MONTH_KEY._#Y.#m.#d_#H.#M.#s.log  -batch -noterminal -logparm "rollover=session"  -sysin /opt/sas/conf/grid/Lev2/WBCApp_ADL_Vldn/SASEnvironment/SASCode/Jobs/30-TAG_ACCT_HARDSHIP_FLG_RAM.sas,/_WBC_/Group Risk/Credit Risk/ADL/2_Vldn/Deployed Jobs,,
 ,3,exists (/opt/sas/data/adletl/Lev2/2_vldn/data/0_sys/markers/etl/21-bse_acct_ram-00001.mkr),FileEvent,exists (/opt/sas/data/adletl/Lev2/2_vldn/data/0_sys/markers/etl/21-bse_acct_ram-00001.mkr), , ,PlatformIndependentFileEventV1:Name:<file Name="/opt/sas/data/adletl/Lev2/2_vldn/data/0_sys/markers/etl/21-bse_acct_ram-00001.mkr"/>||Event:<exist Value="true"/>||
4,A51JUUE8.C90009QU,30-TAG_ACCT_OUTS_BAL_RAM,JOB,/opt/sas/conf/grid/Lev2/WBCApp_ADL_Vldn/BatchServer/sasbatch.sh -log /opt/sas/conf/grid/Lev2/WBCApp_ADL_Vldn/BatchServer/Logs/ADLAUTO_TAG_RAM_30-TAG_ACCT_OUTS_BAL_RAM_#ADL_MONTH_KEY._#Y.#m.#d_#H.#M.#s.log  -batch -noterminal -logparm "rollover=session"  -sysin /opt/sas/conf/grid/Lev2/WBCApp_ADL_Vldn/SASEnvironment/SASCode/Jobs/30-TAG_ACCT_OUTS_BAL_RAM.sas,/_WBC_/Group Risk/Credit Risk/ADL/2_Vldn/Deployed Jobs,,
 ,4,exists (/opt/sas/data/adletl/Lev2/2_vldn/data/0_sys/markers/etl/21-bse_acct_ram-00001.mkr),FileEvent,exists (/opt/sas/data/adletl/Lev2/2_vldn/data/0_sys/markers/etl/21-bse_acct_ram-00001.mkr), , ,PlatformIndependentFileEventV1:Name:<file Name="/opt/sas/data/adletl/Lev2/2_vldn/data/0_sys/markers/etl/21-bse_acct_ram-00001.mkr"/>||Event:<exist Value="true"/>||
5,A51JUUE8.C90009QZ,30-TAG_ACCT_TOT_LMT_RAM,JOB,/opt/sas/conf/grid/Lev2/WBCApp_ADL_Vldn/BatchServer/sasbatch.sh -log /opt/sas/conf/grid/Lev2/WBCApp_ADL_Vldn/BatchServer/Logs/ADLAUTO_TAG_RAM_30-TAG_ACCT_TOT_LMT_RAM_#ADL_MONTH_KEY._#Y.#m.#d_#H.#M.#s.log  -batch -noterminal -logparm "rollover=session"  -sysin /opt/sas/conf/grid/Lev2/WBCApp_ADL_Vldn/SASEnvironment/SASCode/Jobs/30-TAG_ACCT_TOT_LMT_RAM.sas,/_WBC_/Group Risk/Credit Risk/ADL/2_Vldn/Deployed Jobs,,
 ,5,exists (/opt/sas/data/adletl/Lev2/2_vldn/data/0_sys/markers/etl/21-bse_acct_ram-00001.mkr),FileEvent,exists (/opt/sas/data/adletl/Lev2/2_vldn/data/0_sys/markers/etl/21-bse_acct_ram-00001.mkr), , ,PlatformIndependentFileEventV1:Name:<file Name="/opt/sas/data/adletl/Lev2/2_vldn/data/0_sys/markers/etl/21-bse_acct_ram-00001.mkr"/>||Event:<exist Value="true"/>||
6,A51JUUE8.C90009QP,30-TAG_ACCT_NUM_MTHLY_REPAY_DELQ_RAM,JOB,/opt/sas/conf/grid/Lev2/WBCApp_ADL_Vldn/BatchServer/sasbatch.sh -log /opt/sas/conf/grid/Lev2/WBCApp_ADL_Vldn/BatchServer/Logs/ADLAUTO_TAG_RAM_30-TAG_ACCT_NUM_MTHLY_REPAY_DELQ_RAM_#ADL_MONTH_KEY._#Y.#m.#d_#H.#M.#s.log  -batch -noterminal -logparm "rollover=session"  -sysin /opt/sas/conf/grid/Lev2/WBCApp_ADL_Vldn/SASEnvironment/SASCode/Jobs/30-TAG_ACCT_NUM_MTHLY_REPAY_DELQ_RAM.sas,/_WBC_/Group Risk/Credit Risk/ADL/2_Vldn/Deployed Jobs,,
 ,6,exists (/opt/sas/data/adletl/Lev2/2_vldn/data/0_sys/markers/etl/21-bse_acct_ram-00001.mkr),FileEvent,exists (/opt/sas/data/adletl/Lev2/2_vldn/data/0_sys/markers/etl/21-bse_acct_ram-00001.mkr), , ,PlatformIndependentFileEventV1:Name:<file Name="/opt/sas/data/adletl/Lev2/2_vldn/data/0_sys/markers/etl/21-bse_acct_ram-00001.mkr"/>||Event:<exist Value="true"/>||
3,A51JUUE8.C90009SP,50-DRV_ACCT_RAM,JOB,/opt/sas/conf/grid/Lev2/WBCApp_ADL_Vldn/BatchServer/sasbatch.sh -log /opt/sas/conf/grid/Lev2/WBCApp_ADL_Vldn/BatchServer/Logs/CE_DRV_ACCT_RAMS_50-DRV_ACCT_RAM_#Y.#m.#d_#H.#M.#s.log  -batch -noterminal -logparm "rollover=session"  -sysin /opt/sas/conf/grid/Lev2/WBCApp_ADL_Vldn/SASEnvironment/SASCode/Jobs/50-DRV_ACCT_RAM.sas,/_WBC_/Group Risk/Credit Risk/ADL/2_Vldn/Deployed Jobs,,
 ,1,exists (/opt/sas/data/adletl/Lev2/2_vldn/data/0_sys/markers/etl/30-tag_acct_tot_lmt_ram.mkr),FileEvent,exists (/opt/sas/data/adletl/Lev2/2_vldn/data/0_sys/markers/etl/30-tag_acct_tot_lmt_ram.mkr), , ,PlatformIndependentFileEventV1:Name:<file Name="/opt/sas/data/adletl/Lev2/2_vldn/data/0_sys/markers/etl/30-tag_acct_tot_lmt_ram.mkr"/>||Event:<exist Value="true"/>||
 ,2,exists (/opt/sas/data/adletl/Lev2/2_vldn/data/0_sys/markers/etl/30-tag_acct_outs_bal_ram.mkr),FileEvent,exists (/opt/sas/data/adletl/Lev2/2_vldn/data/0_sys/markers/etl/30-tag_acct_outs_bal_ram.mkr), , ,PlatformIndependentFileEventV1:Name:<file Name="/opt/sas/data/adletl/Lev2/2_vldn/data/0_sys/markers/etl/30-tag_acct_outs_bal_ram.mkr"/>||Event:<exist Value="true"/>||
1;2,3,And,Gate,And, , ,
1,A51JUUE8.C90009L9,20-BSE_ACCT_RAM-00002,JOB,/opt/sas/conf/grid/Lev2/WBCApp_ADL_Vldn/BatchServer/sasbatch.sh -log /opt/sas/conf/grid/Lev2/WBCApp_ADL_Vldn/BatchServer/Logs/CE_BSE_ACCT_RAMS_20-BSE_ACCT_RAM-00002_#Y.#m.#d_#H.#M.#s.log  -batch -noterminal -logparm "rollover=session"  -sysin /opt/sas/conf/grid/Lev2/WBCApp_ADL_Vldn/SASEnvironment/SASCode/Jobs/20-BSE_ACCT_RAM-00002.sas,/_WBC_/Group Risk/Credit Risk/ADL/2_Vldn/Deployed Jobs,,
 ,1,exists (/opt/sas/data/adletl/Lev2/2_vldn/data/0_sys/markers/etl/10-ext-ewp1viewa-zrms_loan_account.mkr),FileEvent,exists (/opt/sas/data/adletl/Lev2/2_vldn/data/0_sys/markers/etl/10-ext-ewp1viewa-zrms_loan_account.mkr), , ,PlatformIndependentFileEventV1:Name:<file Name="/opt/sas/data/adletl/Lev2/2_vldn/data/0_sys/markers/etl/10-ext-ewp1viewa-zrms_loan_account.mkr"/>||Event:<exist Value="true"/>||
4,A51JUUE8.C90009LA,20-BSE_ACCT_RAM-00003,JOB,/opt/sas/conf/grid/Lev2/WBCApp_ADL_Vldn/BatchServer/sasbatch.sh -log /opt/sas/conf/grid/Lev2/WBCApp_ADL_Vldn/BatchServer/Logs/CE_BSE_ACCT_RAMS_20-BSE_ACCT_RAM-00003_#Y.#m.#d_#H.#M.#s.log  -batch -noterminal -logparm "rollover=session"  -sysin /opt/sas/conf/grid/Lev2/WBCApp_ADL_Vldn/SASEnvironment/SASCode/Jobs/20-BSE_ACCT_RAM-00003.sas,/_WBC_/Group Risk/Credit Risk/ADL/2_Vldn/Deployed Jobs,,
 ,2,exists (/opt/sas/data/adletl/Lev2/2_vldn/data/0_sys/markers/etl/10-ext-ewp1viewa-zrms_loan_security_link.mkr),FileEvent,exists (/opt/sas/data/adletl/Lev2/2_vldn/data/0_sys/markers/etl/10-ext-ewp1viewa-zrms_loan_security_link.mkr), , ,PlatformIndependentFileEventV1:Name:<file Name="/opt/sas/data/adletl/Lev2/2_vldn/data/0_sys/markers/etl/10-ext-ewp1viewa-zrms_loan_security_link.mkr"/>||Event:<exist Value="true"/>||
 ,3,exists (/opt/sas/data/adletl/Lev2/2_vldn/data/0_sys/markers/etl/10-ext-ewp1viewa-zrms_loan_security_link.mkr),FileEvent,exists (/opt/sas/data/adletl/Lev2/2_vldn/data/0_sys/markers/etl/10-ext-ewp1viewa-zrms_loan_security_link.mkr), , ,PlatformIndependentFileEventV1:Name:<file Name="/opt/sas/data/adletl/Lev2/2_vldn/data/0_sys/markers/etl/10-ext-ewp1viewa-zrms_loan_security_link.mkr"/>||Event:<exist Value="true"/>||
2;3,4,And,Gate,And, , ,
,A51JUUE8.C90009LB,20-BSE_ACCT_RAM-00004,JOB,/opt/sas/conf/grid/Lev2/WBCApp_ADL_Vldn/BatchServer/sasbatch.sh -log /opt/sas/conf/grid/Lev2/WBCApp_ADL_Vldn/BatchServer/Logs/CE_BSE_ACCT_RAMS_20-BSE_ACCT_RAM-00004_#Y.#m.#d_#H.#M.#s.log  -batch -noterminal -logparm "rollover=session"  -sysin /opt/sas/conf/grid/Lev2/WBCApp_ADL_Vldn/SASEnvironment/SASCode/Jobs/20-BSE_ACCT_RAM-00004.sas,/_WBC_/Group Risk/Credit Risk/ADL/2_Vldn/Deployed Jobs,,
11,A51JUUE8.C90009ON,21-BSE_ACCT_RAM-00001,JOB,/opt/sas/conf/grid/Lev2/WBCApp_ADL_Vldn/BatchServer/sasbatch.sh -log /opt/sas/conf/grid/Lev2/WBCApp_ADL_Vldn/BatchServer/Logs/ADLVLDN_BSE_ACCT_RAM_21-BSE_ACCT_RAM-00001#Y.#m.#d_#H.#M.#s.log  -batch -noterminal -logparm "rollover=session"  -sysin /opt/sas/conf/grid/Lev2/WBCApp_ADL_Vldn/SASEnvironment/SASCode/Jobs/21-BSE_ACCT_RAM-00001.sas,/_WBC_/Group Risk/Credit Risk/ADL/2_Vldn/Deployed Jobs,,
 ,5,exists (/opt/sas/data/adletl/Lev2/2_vldn/data/0_sys/markers/etl/20-bse_general.mkr),FileEvent,exists (/opt/sas/data/adletl/Lev2/2_vldn/data/0_sys/markers/etl/20-bse_general.mkr), , ,PlatformIndependentFileEventV1:Name:<file Name="/opt/sas/data/adletl/Lev2/2_vldn/data/0_sys/markers/etl/20-bse_general.mkr"/>||Event:<exist Value="true"/>||
 ,6,exists (/opt/sas/data/adletl/Lev2/2_vldn/data/0_sys/markers/etl/10-ext-basel_rams.mkr),FileEvent,exists (/opt/sas/data/adletl/Lev2/2_vldn/data/0_sys/markers/etl/10-ext-basel_rams.mkr), , ,PlatformIndependentFileEventV1:Name:<file Name="/opt/sas/data/adletl/Lev2/2_vldn/data/0_sys/markers/etl/10-ext-basel_rams.mkr"/>||Event:<exist Value="true"/>||
 ,7,Completes successfully ,JobEvent,Done(20-BSE_ACCT_RAM-00001) , , ,Depends on '20-BSE_ACCT_RAM-00001'
 ,8,Completes successfully ,JobEvent,Done(20-BSE_ACCT_RAM-00003) , , ,Depends on '20-BSE_ACCT_RAM-00003'
 ,9,Completes successfully ,JobEvent,Done(20-BSE_ACCT_RAM-00004) , , ,Depends on '20-BSE_ACCT_RAM-00004'
 ,10,Completes successfully ,JobEvent,Done(20-BSE_ACCT_RAM-00002) , , ,Depends on '20-BSE_ACCT_RAM-00002'
5;6;7;8;9;10,11,And,Gate,And, , ,
12,A51JUUE8.C9000A6E,20-BSE_ACCT_RAM-00001,JOB,/opt/sas/conf/grid/Lev2/WBCApp_ADL_Vldn/BatchServer/sasbatch.sh -log /opt/sas/conf/grid/Lev2/WBCApp_ADL_Vldn/BatchServer/Logs/CE_BSE_ACCT_RAMS_20-BSE_ACCT_RAM-00001_#Y.#m.#d_#H.#M.#s.log  -batch -noterminal -logparm "rollover=session"  -sysin /opt/sas/conf/grid/Lev2/WBCApp_ADL_Vldn/SASEnvironment/SASCode/Jobs/20-BSE_ACCT_RAM-00001.sas,/_WBC_/Group Risk/Credit Risk/ADL/2_Vldn/Deployed Jobs,,
 ,12,exists (/opt/sas/data/adletl/Lev2/2_vldn/data/0_sys/markers/etl/10-ext-basel_rams.mkr),FileEvent,exists (/opt/sas/data/adletl/Lev2/2_vldn/data/0_sys/markers/etl/10-ext-basel_rams.mkr), , ,PlatformIndependentFileEventV1:Name:<file Name="/opt/sas/data/adletl/Lev2/2_vldn/data/0_sys/markers/etl/10-ext-basel_rams.mkr"/>||Event:<exist Value="true"/>||
 ,A51JUUE8.C90009U5,CE_ETL_RAMS,TopFlow, ,/_WBC_/Group Risk/Credit Risk/ADL/2_Vldn/Flows,lsf_adlvldn,
 ,A51JUUE8.AY000009,Platform Process Manager - pss,Scheduler,a1661499-5d7d-4fcc-8fc3-c6509853e116, , ,
,A51JUUE8.C90009US,CE_BSE_ACCT_RAMS,FLOW, ,/_WBC_/Group Risk/Credit Risk/ADL/2_Vldn/Flows, ,
,A51JUUE8.C90009UT,CE_DRV_ACCT_RAMS,FLOW, ,/_WBC_/Group Risk/Credit Risk/ADL/2_Vldn/Flows, ,
,A51JUUE8.C90009UU,CE_TAG_ACCT_RAMS,FLOW, ,/_WBC_/Group Risk/Credit Risk/ADL/2_Vldn/Flows, ,
,A51JUUE8.C90009UV,CE_INT_RAMS_HL,FLOW, ,/_WBC_/Group Risk/Credit Risk/ADL/2_Vldn/Flows, ,
