Predecessors	ID	Name	Type	Event	Location	Run as	Description
 		WrapperAB	TopFlow	 	/_WBC_/Group Risk/Credit Risk/ADL/2_Vldn/Flows		
 	A51JUUE8.AY000009	Platform Process Manager - pss	Scheduler	a1661499-5d7d-4fcc-8fc3-c6509853e116	 	 	
	A51JUUE8.C9000GKO	99-SEM-ETL	JOB	"/opt/sas/conf/grid/Lev2/WBCApp_ADL_Vldn/BatchServer/sasbatch.sh -log /opt/sas/conf/grid/Lev2/WBCApp_ADL_Vldn/BatchServer/Logs/Wrapper_99-SEM-ETL_#Y.#m.#d_#H.#M.#s.log  -batch -noterminal -logparm ""rollover=session""  -sysin /opt/sas/conf/grid/Lev2/WBCApp_ADL_Vldn/SASEnvironment/SASCode/Jobs/99-SEM-ETL.sas"	/_WBC_/Group Risk/Credit Risk/ADL/2_Vldn/Deployed Jobs		
1	A51JUUE8.C9000GKP	99-SEM-IDM	JOB	"/opt/sas/conf/grid/Lev2/WBCApp_ADL_Vldn/BatchServer/sasbatch.sh -log /opt/sas/conf/grid/Lev2/WBCApp_ADL_Vldn/BatchServer/Logs/Wrapper_99-SEM-IDM_#Y.#m.#d_#H.#M.#s.log  -batch -noterminal -logparm ""rollover=session""  -sysin /opt/sas/conf/grid/Lev2/WBCApp_ADL_Vldn/SASEnvironment/SASCode/Jobs/99-SEM-IDM.sas"	/_WBC_/Group Risk/Credit Risk/ADL/2_Vldn/Deployed Jobs		
 	1	Completes successfully 	JobEvent	Done(99-SEM-ETL) 	 	 	Depends on '99-SEM-ETL'
