<?xml version="1.0" encoding="UTF-8"?>
<xmlFlowDef Name="Wrapper1.xml" Version="1.0">
<!--These statements have been generated with SAS Scheduling API on "16/11/18 10:24 AM". Modify at your own risk.  Changes may render the definition of "Wrapper1.xml" unusable.-->
<FlowDef  Name="Wrapper1" Id="A51JUUE8.C9000GRK" Description="" Created="13Nov2018:04:51:29" Modified="13Nov2018:16:56:31" Location="/_WBC_/Group Risk/Credit Risk/ADL/2_Vldn/Flows" >
<Scheduler Name="Platform Process Manager - pss" ClassID="a1661499-5d7d-4fcc-8fc3-c6509853e116" Id="A51JUUE8.AY000009"/>
<JobDef Name="99-SEM-ETL" Type="Job" Location="/_WBC_/Group Risk/Credit Risk/ADL/2_Vldn/Deployed Jobs" Description="" Created="05Nov2018:05:23:39" Modified="05Nov2018:16:23:39">
<JobCmdLine  Value="/opt/sas/conf/grid/Lev2/WBCApp_ADL_Vldn/BatchServer/sasbatch.sh -log /opt/sas/conf/grid/Lev2/WBCApp_ADL_Vldn/BatchServer/Logs/Wrapper1_99-SEM-ETL_#Y.#m.#d_#H.#M.#s.log  -batch -noterminal -logparm &quot;rollover=session&quot;  -sysin /opt/sas/conf/grid/Lev2/WBCApp_ADL_Vldn/SASEnvironment/SASCode/Jobs/99-SEM-ETL.sas"/>
<Host  Value="grid01.disc.sas.srv.westpac.com.au"/>
</JobDef>
<JobDef Name="99-SEM-IDM" Type="Job" Location="/_WBC_/Group Risk/Credit Risk/ADL/2_Vldn/Deployed Jobs" Description="" Created="05Nov2018:05:23:40" Modified="05Nov2018:16:23:40">
<JobCmdLine  Value="/opt/sas/conf/grid/Lev2/WBCApp_ADL_Vldn/BatchServer/sasbatch.sh -log /opt/sas/conf/grid/Lev2/WBCApp_ADL_Vldn/BatchServer/Logs/Wrapper1_99-SEM-IDM_#Y.#m.#d_#H.#M.#s.log  -batch -noterminal -logparm &quot;rollover=session&quot;  -sysin /opt/sas/conf/grid/Lev2/WBCApp_ADL_Vldn/SASEnvironment/SASCode/Jobs/99-SEM-IDM.sas"/>
<Host  Value="grid01.disc.sas.srv.westpac.com.au"/>
</JobDef>
<Dependencies  Name="Completes successfully " Type = "Job" Reference="99-SEM-IDM" Description="null">
<Events CombinationType="OR">
<Event Type="Job" Description="Done(99-SEM-ETL) ">
<done Depend="99-SEM-ETL"/>
</Event>
</Events>
</Dependencies>
</FlowDef>
</xmlFlowDef>
