<?xml version="1.0"?>

<!--
*
* SAS Management Console ANT Configuration Script
*
-->

<project name="SASMC Configuration" default="configure">
   <!-- 
   *
   * Several parameters are passed on the command line:
   *  debug level - info, verbose or debug
   *  temp directory - ${temp.dir}
   *  log file - ${ant.log.file}
   *  product code - ${config.currprod.12byte}
   *  property file - ${configuration.properties.file}
   *  configuration script location - ${install.cfgwizard.utilities.dir}
   *  install location for mgmtconsole - ${SASMC_ROOT}
   *  base directory - ${basedir}
   *  source directory - ${srcdir}
   *  target to execute
   *
   -->
   
   <!-- Import the configuration script framework -->
   <import file="${install.cfgwizard.utilities.dir}/configuration_targets.xml"/>



   <!--
   *
   * Init targets
   *
   -->
   <target name="mgmtconsole.init" unless="mgmtconsole.init.set">
      <!-- Init target for olapcubesrv used by multiple targets -->

      <!-- Only run the init target once -->
      <property name="mgmtconsole.init.set" value="true"/>

      <!-- Set the destination location -->
      <property name="deploydir" value="${os.localhost.user.home.dir}"/>

      <echo message="basedir = ${basedir}"/>
      <echo message="srcdir = ${srcdir}"/>
      <echo message="deploydir = ${deploydir}"/>

      <!-- Set directory locations -->
      <property name="mgmtconsole.workspace.dir" location="${os.localhost.user.home.dir}/Workspaces"/>
      <property name="templates.dir" location="${srcdir}/Templates"/>

      <!-- Set file locations -->
      <property name="mgmtconsole.app.smc.file" location="${os.localhost.user.home.dir}/app.smc"/>
      <property name="mgmtconsole.install.swa.file" location="${os.localhost.user.home.dir}/install.swa"/>
      <property name="mgmtconsole.workspace.file" location="${mgmtconsole.workspace.dir}/${plan.config.name}.swa"/>

      <!-- Define names -->
      
      <!-- Set commands -->
      
      <!-- Create a private filterset to pass to the moveOrigFiles target so that any private tokens in .orig files are replaced -->
      <filterset id="private.filterset">
         <filter token="mgmtconsole.workspace.dir" value="${mgmtconsole.workspace.dir}"/>
         <filter token="mgmtconsole.app.smc.file" value="${mgmtconsole.app.smc.file}"/>
         <filter token="mgmtconsole.install.swa.file" value="${mgmtconsole.install.swa.file}"/>
         <filter token="mgmtconsole.workspace.file" value="${mgmtconsole.workspace.file}"/>
      </filterset>

      <!-- Source files -->
      <if><not><equals arg1="${os.localhost.selected.locale}" arg2="en"/></not><then>
         <property file="${locale.translations.txt}"/>
         <property file="${locale.translations.log}"/>
      </then></if>
      <property file="${en.translations.txt}"/>
      <property file="${en.translations.log}"/>
   </target>
   
   <target name="mgmtconsole.win.init" if="onWindowsHosts" unless="mgmtconsole.win.init.set">
      <!-- Init target for Windows -->
      
      <!-- Only run the init target once -->
      <property name="mgmtconsole.win.init.set" value="true"/>

   </target>

   <target name="mgmtconsole.unx.init" if="onUnixHosts" unless="mgmtconsole.unx.init.set">
      <!-- Init target for Unix -->
      
      <!-- Only run the init target once -->
      <property name="mgmtconsole.unx.init.set" value="true"/>
   </target>

   <target name="mgmtconsole.zos.init" if="onZosHosts" unless="mgmtconsole.zos.init.set">
      <!-- Init target for Zos -->
      
      <!-- Only run the init target once -->
      <property name="mgmtconsole.zos.init.set" value="true"/>
   </target>

   
   <!-- 
   *
   * Main Entry Targets
   *
   -->
   <target name="configure" depends="config.init, config.win.init, config.unx.init, config.zos.init, mgmtconsole.init, mgmtconsole.win.init, mgmtconsole.unx.init, mgmtconsole.zos.init">
      <!-- Main entry target to initialize configuration -->

      <echo message="${log.configure.begin}"/>
      
      <!-- Call internal targets -->
      <antcall target="configureFiles"/>
      <antcall target="docparts"/>

      <!-- Delete the status file - all is well -->
      <delete file="${whatFailed.property.file}" quiet="true"/>

      <echo message="${log.configure.end}"/>    
   </target>
   
   <target name="build_webapps" depends="config.init, config.win.init, config.unx.init, config.zos.init, mgmtconsole.init, mgmtconsole.win.init, mgmtconsole.unx.init, mgmtconsole.zos.init">
      <!-- Main entry target to build webapps -->

      <echo message="${log.build_webapps.begin}"/>

      
      <!-- Delete the status file - all is well -->
      <delete file="${whatFailed.property.file}" quiet="true"/>

      <echo message="${log.build_webapps.end}"/>
   </target>
   
   <target name="deploy_webapps" depends="config.init, config.win.init, config.unx.init, config.zos.init, mgmtconsole.init, mgmtconsole.win.init, mgmtconsole.unx.init, mgmtconsole.zos.init">
      <!-- Main entry target to deploy webapps -->

      <echo message="${log.deploy_webapps.begin}"/>

      
      <!-- Delete the status file - all is well -->
      <delete file="${whatFailed.property.file}" quiet="true"/>

      <echo message="${log.deploy_webapps.end}"/>
   </target>
   
   <target name="setPerms" depends="config.init, config.win.init, config.unx.init, config.zos.init, mgmtconsole.init, mgmtconsole.win.init, mgmtconsole.unx.init, mgmtconsole.zos.init">
      <!-- Main entry target to set file permssions -->

      <echo message="${log.setPerms.begin}"/>
      
      <!-- Call internal targets -->
      <antcall target="setPermsOnWIN"/>
      <antcall target="setPermsOnUNX"/>
      <antcall target="setPermsOnZOS"/>
      
      <!-- Delete the status file - all is well -->
      <delete file="${whatFailed.property.file}" quiet="true"/>

      <echo message="${log.setPerms.end}"/>
   </target>
   
   <target name="uninstall" depends="config.init, config.win.init, config.unx.init, config.zos.init, mgmtconsole.init, mgmtconsole.win.init, mgmtconsole.unx.init, mgmtconsole.zos.init">
      <!-- Main entry target to uninstall files -->
      
      <echo message="${log.uninstall.begin}"/>

      <!-- Remove app.smc file -->
      <setConfigStatusFile
         target="uninstall" 
         task="delete"
         message="${mgmtconsole.app.smc.file}"/>

      <delete file="${mgmtconsole.app.smc.file}"/>

      <!-- Remove workspace file -->
      <setConfigStatusFile
         target="uninstall" 
         task="delete"
         message="${mgmtconsole.workspace.file}"/>

      <delete file="${mgmtconsole.workspace.file}"/>
         
      <!-- Delete the status file - all is well -->
      <delete file="${whatFailed.property.file}" quiet="true"/>

      <echo message="${log.uninstall.end}"/>
      <setConfigStatusFile target="uninstall" task="Unknown error"/>
   </target>
   
   <target name="restore" depends="config.init, config.win.init, config.unx.init, config.zos.init, mgmtconsole.init, mgmtconsole.win.init, mgmtconsole.unx.init, mgmtconsole.zos.init">
      <!-- Main entry target to restore a previous configuration -->

      <echo message="${log.restore.begin}"/>

      <!-- Perform a generic restore -->
      <antcall target="generic_restore">
         <param name="version" value="${version}"/>
         <param name="srcdir" value="${srcdir}"/>
         <param name="deploydir" value="${deploydir}"/>
      </antcall>

      <!-- Delete the status file - all is well -->
      <delete file="${whatFailed.property.file}" quiet="true"/>

      <echo message="${log.restore.end}"/>
   </target>
   
   <target name="checkForErrors" depends="config.init, config.win.init, config.unx.init, config.zos.init, mgmtconsole.init, mgmtconsole.win.init, mgmtconsole.unx.init, mgmtconsole.zos.init">
      <!-- Main entry target to check for configuration errors -->

      <echo message="${log.checkForErrors.begin}"/>
         
      <fail message="${error.msg}"/>

      <echo message="${log.checkForErrors.end}"/>
   </target>
   
   <target name="reportFailures" depends="config.init, config.win.init, config.unx.init, config.zos.init, mgmtconsole.init, mgmtconsole.win.init, mgmtconsole.unx.init, mgmtconsole.zos.init">
      <!-- Main entry target for generating error reports. -->
      <!-- This target is called only if a project build fails -->
         
      <echo message="${log.reportFailures.begin}"/>
      
      <!-- Insert heading indicating error -->
      <antcall target="insertDocpartWithPrepend">
         <param name="fileToModify" value="${config.lev.errorlog.file}"/>
         <param name="tokenToReplace" value="${errors.intro}"/>
         <param name="valueToUse" value="${errors_mgmtconsole_intro.txt}"/>
      </antcall>
      
      <!-- If one exists, insert a docpart for the specific error that occured -->
      <property name="errorDocpart" value="errors_${config.currprod.12byte}_${error.whatFailed}.txt"/>
      
      <if><isset property="${errorDocpart}"/><then>
         <propertycopy name="errorDocpartValue" from="${errorDocpart}"/>

         <antcall target="insertDocpartWithPrepend">
            <param name="fileToModify" value="${config.lev.errorlog.file}"/>
            <param name="tokenToReplace" value="${errors.item}"/>
            <param name="valueToUse" value="${errorDocpartValue}"/>
         </antcall>
      </then></if>
      
      <echo message="${log.reportFailures.end}"/>
   </target>



   <!--
   *
   * Internally called targets
   *
   -->   
   <target name="configureFiles"> 
      <!-- Required target for copying and token substituting files -->

      <echo message="${log.configureFiles.begin}"/>
      
      <!-- backup files in deploydir -->
      <setConfigStatusFile target="configureFiles" task="backup files" inifile="${mgmtconsole.app.smc.file}"/>
      
      <if><available file="${mgmtconsole.app.smc.file}"/><then>
      <copy todir="${deploydir}" includeEmptyDirs="false">
         <fileset file="${mgmtconsole.app.smc.file}"/>
         <globmapper from="*" to="backup${file.separator}*.bak_${os.timestamp}"/>
      </copy>     
      </then></if>

      <setConfigStatusFile target="configureFiles" task="backup files" inifile="${mgmtconsole.workspace.file}"/>
      
      <if><available file="${mgmtconsole.workspace.file}"/><then>
      <copy todir="${deploydir}" includeEmptyDirs="false">
         <fileset file="${mgmtconsole.workspace.file}"/>
         <globmapper from="*" to="backup${file.separator}*.bak_${os.timestamp}"/>
      </copy>     
      </then></if>

      <!-- Create the workspaces dir if it does not exist -->
      <setConfigStatusFile target="configureFiles" task="mkdir" deploydir="${mgmtconsole.workspace.dir}"/>
      
      <mkdir dir="${mgmtconsole.workspace.dir}"/>
      
      <!-- Copies and token substitutes .orig files in srcdir and moves them to parallel directories deploydir. -->
      <antcall target="moveOrigFiles">
         <param name="srcdir" value="${templates.dir}"/>
         <param name="deploydir" value="${deploydir}"/>
      </antcall>

      <!-- Rename install.swa to the plan_name.swa -->
      <setConfigStatusFile target="configureFiles" task="move file"/>
      
      <move file="${mgmtconsole.install.swa.file}" tofile="${mgmtconsole.workspace.file}"/>  

      <!-- Substitute tokens -->
      <setConfigStatusFile target="configureFiles" task="propertyfile"/>
      
      <propertyfile file="${mgmtconsole.app.smc.file}">
         <entry key="WorkspacePath" value="${mgmtconsole.workspace.dir}"/>
         <entry key="LastWorkspace" value="${mgmtconsole.workspace.file}"/>
      </propertyfile>

      <!-- Substitute tokens -->
      <propertyfile file="${mgmtconsole.workspace.file}">
         <entry key="userid" value="${oma.person.admin.userid}"/>
      </propertyfile>

      <!-- delete the backup of app.smc if it is not different -->
      <setConfigStatusFile target="configureFiles" task="delete backup"/>
      
      <property name="backup.app.smc.file" location="${deploydir}/backup/app.smc.bak_${os.timestamp}"/>
      <if><filesmatch file1="${mgmtconsole.app.smc.file}" file2="${backup.app.smc.file}"/><then>
         <delete file="${backup.app.smc.file}"/>
      </then></if>

      <!-- delete the backup of install.swa if it is not different -->
      <property name="backup.workspace.file" location="${deploydir}/backup/${plan.config.name}.swa.bak_${os.timestamp}"/>
      <if><filesmatch file1="${mgmtconsole.workspace.file}" file2="${backup.workspace.file}"/><then>
         <delete file="${backup.workspace.file}"/>
      </then></if>

      <echo message="${log.configureFiles.end}"/>
   </target>
   
   <target name="docparts">
      <!-- Set docparts for Instructions.html file -->

      <echo message="${log.docparts.begin}"/>

      <!-- Insert docparts -->
      <antcall target="insertDocpartWithPrepend">
         <param name="fileToModify" value="${config.lev.instructions.file}"/>
         <param name="tokenToReplace" value="${instructions.prereqs.sasmc}"/>
         <param name="valueToUse" value="${instructions_mgmtconsole_start.txt}"/>
      </antcall>

      <antcall target="insertDocpartWithPrepend">
         <param name="fileToModify" value="${config.lev.instructions.file}"/>
         <param name="tokenToReplace" value="${instructions.prereqs.sasmc}"/>
         <param name="valueToUse" value="${instructions_mgmtconsole_start_metadata.txt}"/>
      </antcall>

      <!-- Call host-specific targets -->
      <antcall target="docpartsOnWIN"/>
      <antcall target="docpartsOnUNX"/>
      <antcall target="docpartsOnZOS"/>

      <echo message="${log.docparts.end}"/>
   </target>
   
   <target name="docpartsOnWIN" if="onWindowsHosts">
      <!-- Perform Windows docpart functions -->

      <echo message="${log.docpartsOnWIN.begin}"/>

      <!-- Insert docparts for Windows hosts -->
      <antcall target="insertDocpartWithPrepend">
         <param name="fileToModify" value="${config.lev.instructions.file}"/>
         <param name="tokenToReplace" value="${instructions.prereqs.sasmc}"/>
         <param name="valueToUse" value="${instructions_mgmtconsole_start_Windows.txt}"/>
      </antcall>

      <echo message="${log.docpartsOnWIN.end}"/>
   </target>

   <target name="docpartsOnUNX" if="onUnixHosts">
      <!-- Perform UNIX docpart functions -->
      
      <echo message="${log.docpartsOnUNX.begin}"/>

      <!-- Insert docparts for UNIX hosts -->
      <antcall target="insertDocpartWithPrepend">
         <param name="fileToModify" value="${config.lev.instructions.file}"/>
         <param name="tokenToReplace" value="${instructions.prereqs.sasmc}"/>
         <param name="valueToUse" value="${instructions_mgmtconsole_start_Unix.txt}"/>
      </antcall>

      <echo message="${log.docpartsOnUNX.end}"/>
   </target>
   
   <target name="docpartsOnZOS" if="onZosHosts">
      <!-- Perform ZOS docpart functions -->
      
      <echo message="${log.docpartsOnZOS.begin}"/>

      <!-- Insert docparts for ZOS hosts -->
      

      <echo message="${log.docpartsOnZOS.end}"/>
   </target>

   <target name="setPermsOnWIN" if="onWindowsHosts">
      <!-- Set WIN file and directory permssions -->
      
      <echo message="${log.setPermsOnWIN.begin}"/>

      
      <echo message="${log.setPermsOnWIN.end}"/>
   </target>

   <target name="setPermsOnUNX" if="onUnixHosts">
      <!-- Set UNX file and directory permssions -->
      
      <echo message="${log.setPermsOnUNX.begin}"/>

         
      <echo message="${log.setPermsOnUNX.end}"/>
   </target>

   <target name="setPermsOnZOS" if="onZosHosts">
      <!-- Set ZOS file and directory permssions -->
      
      <echo message="${log.setPermsOnZOS.begin}"/>

      
      <echo message="${log.setPermsOnZOS.end}"/>
   </target>
   
</project>
