<?xml version="1.0" encoding="UTF-8"?>
<xmlFlowDef Name="Dependentjobsfiletemplate.xml" Version="1.0">
<FlowDef  Name="Dependentjobsfiletemplate" Description="" Location="Flows" >
<Scheduler Name="Platform Process Manager - pss" ClassID="a1661499-5d7d-4fcc-8fc3-c6509853e116" Id="A51JUUE8.AY000009"/>
<JobDef Name="TESTX" Type="Job" Id="A51JUUE8.C9000H63" Location="Deployed Jobs" Description="" Created="20Nov2018:22:23:33" Modified="21Nov2018:09:49:08">
<JobCmdLine  Value="/opt/sas/conf/grid/Lev2/WBCApp_ADL_Vldn/BatchServer/sasbatch.sh -log /opt/sas/conf/grid/Lev2/WBCApp_ADL_Vldn/BatchServer/Logs/Dependentjobsfiletemplate_TESTX_#Y.#m.#d_#H.#M.#s.log  -batch -noterminal -logparm &quot;rollover=session&quot;  -sysin /opt/sas/conf/grid/Lev2/WBCApp_ADL_Vldn/SASEnvironment/SASCode/Jobs/TESTX.sas"/>
<Host  Value="grid01.disc.sas.srv.westpac.com.au"/>
</JobDef>
<JobDef Name="TESTY" Id="A51JUUE8.C9000H62" Type="Job" Location="Deployed Jobs" Description="" Created="20Nov2018:22:23:33" Modified="21Nov2018:09:49:08">
<JobCmdLine  Value="/opt/sas/conf/grid/Lev2/WBCApp_ADL_Vldn/BatchServer/sasbatch.sh -log /opt/sas/conf/grid/Lev2/WBCApp_ADL_Vldn/BatchServer/Logs/Dependentjobsfiletemplate_TESTY_#Y.#m.#d_#H.#M.#s.log  -batch -noterminal -logparm &quot;rollover=session&quot;  -sysin /opt/sas/conf/grid/Lev2/WBCApp_ADL_Vldn/SASEnvironment/SASCode/Jobs/TESTY.sas"/>
<Host  Value="grid01.disc.sas.srv.westpac.com.au"/>
</JobDef>
<JobDef Name="TEXTA" Id="A51JUUE8.C9000H67" Type="Job" Location="Deployed Jobs" Description="" Created="21Nov2018:01:20:04" Modified="21Nov2018:13:33:37">
<JobCmdLine  Value="/opt/sas/conf/grid/Lev2/WBCApp_ADL_Vldn/BatchServer/sasbatch.sh -log /opt/sas/conf/grid/Lev2/WBCApp_ADL_Vldn/BatchServer/Logs/Dependentjobsfiletemplate_TEXTA_#Y.#m.#d_#H.#M.#s.log  -batch -noterminal -logparm &quot;rollover=session&quot;  -sysin /opt/sas/conf/grid/Lev2/WBCApp_ADL_Vldn/SASEnvironment/SASCode/Jobs/TEXTA.sas"/>
<Host  Value="grid01.disc.sas.srv.westpac.com.au"/>
</JobDef>
<JobDef Name="TEXTZ" Id="A51JUUE8.C9000H65" Type="Job" Location="Deployed Jobs" Description="" Created="20Nov2018:23:39:09" Modified="21Nov2018:13:33:37">
<JobCmdLine  Value="/opt/sas/conf/grid/Lev2/WBCApp_ADL_Vldn/BatchServer/sasbatch.sh -log /opt/sas/conf/grid/Lev2/WBCApp_ADL_Vldn/BatchServer/Logs/Dependentjobsfiletemplate_TEXTZ_#Y.#m.#d_#H.#M.#s.log  -batch -noterminal -logparm &quot;rollover=session&quot;  -sysin /opt/sas/conf/grid/Lev2/WBCApp_ADL_Vldn/SASEnvironment/SASCode/Jobs/TEXTZ.sas"/>
<Host  Value="grid01.disc.sas.srv.westpac.com.au"/>
</JobDef>
<Dependencies  Name="exists (/opt/sas/data/adletl/Lev2/2_vldn/data/0_sys/markers/Alpha.txt)" Type = "Job" Reference="TESTY" Description="">
<Events CombinationType="OR">
<Event Type="File" Description="exists (/opt/sas/data/adletl/Lev2/2_vldn/data/0_sys/markers/Alpha.txt)">
<file Name="/opt/sas/data/adletl/Lev2/2_vldn/data/0_sys/markers/Alpha.txt"/>
<exist Value="true"/>
</Event>
</Events>
</Dependencies>
<Dependencies  Name="com.sas.scheduler.api.oma.GroupingEvent@5fccda2b" Type = "Job" Reference="TEXTA" Description="null">
<Events CombinationType="AND">
<Event Type="Job" Description="Done(TEXTZ) ">
<done Depend="TEXTZ"/>
</Event>
<Event Type="Job" Description="Done(TESTY) ">
<done Depend="TESTY"/>
</Event>
</Events>
</Dependencies>
<Dependencies  Name="Completes successfully " Type = "Job" Reference="TEXTZ" Description="null">
<Events CombinationType="OR">
<Event Type="Job" Description="Done(TESTX) ">
<done Depend="TESTX"/>
</Event>
</Events>
</Dependencies>
</FlowDef>
</xmlFlowDef>
