<!-- Do not make any changes to this zOS_Template.xml file. -->
<!-- Any changes will result in your jobs failing to be submitted properly. -->

<JobTemplate Name="zOS Job" Version="1" Icon="zosftp.gif">

   <Execution Type="zos"  Action="" HasArray="false"> 
    
     <Param Name="QueueSelect" Caption="CaptionQueueSelect" Type="STRING" Expr=" #{VALUE}" Required="false">
       <Help>
        HelpQueueSelect
       </Help>
     </Param>

     <Param Name="HostSelect" Caption="CaptionHostSelect" Type="STRING" Expr=" #{VALUE}" Required="false">
       <Help>
        HelpHostSelect
       </Help>
     </Param>

     <Param Name="UserName" Caption="CaptionUserName" Type="STRING" Expr=" #{VALUE}" Required="false">
       <Help>
        HelpUserName
       </Help>
     </Param>

     <Param Name="FileTransfer" Caption="CaptionFileTransfer" Type="STRING" Expr=" #{VALUE}" Required="false" Repeatable="true">
      <Help>
       HelpFileTransfer
      </Help>
     </Param>

     <Param Name="Stdout" Caption="CaptionStdout" Type="STRING" Expr=" #{VALUE}" Required="false" Repeatable="false">
      <Help>
       HelpStdout
      </Help>
     </Param>

   </Execution>

<Submission>
   <Param Name="MFHost" Caption="CaptionMFHost" Type="STRING" Expr="" Required="true">
      <Help>
       HelpMFHost
      </Help>
    </Param>

   <Param Name="LoginUser" Caption="CaptionLoginUser" Type="STRING" Expr="" Required="true">
      <Help>
       HelpLoginUser
      </Help>
    </Param>

    <Param Name="Password" Caption="CaptionPassword" Type="PASSWORD" Expr="" Required="true">
      <Help>
       HelpPassword
      </Help>
    </Param>

    <Param Name="JCLFileOnZOS" Caption="CaptionJCLFileOnZOS" Type="STRING" Lookup="true" Required="true">
      <Choice Caption="CaptionJCLFileOnZOSYes" Value="Yes"/> 
      <Choice Caption="CaptionJCLFileOnZOSNo" Value="No"/> 
      <Help>
      HelpJCLFileOnZOS
      </Help>
    </Param>

    <Param Name="JCLFile" Caption="CaptionJCLFile" Type="STRING" Expr="" Required="true">
      <Help>
       HelpJCLFile
       </Help>
    </Param>

    <Param Name="OutputFile" Caption="CaptionOutputFile" Type="STRING" Expr=" #{VALUE}" Required="true">
      <Help>
       HelpOutputFile
      </Help>
    </Param>
    
    <Param Name="RunTimeEstimate" Caption="CaptionRunTimeEstimate" Type="INTEGER" Expr="" Required="false" Default="1">
      <Help>
       HelpRunTimeEstimate
      </Help>
    </Param>
    
    <Param Name="CheckInterval" Caption="CaptionCheckInterval" Type="INTEGER" Expr="" Required="false" Default="1">
      <Help>
       HelpCheckInterval
      </Help>
    </Param>

    <Param Name="TimeOut" Caption="CaptionTimeOut" Type="INTEGER" Expr="" Required="false" Default="0">
      <Help>
       HelpTimeOut
      </Help>
    </Param>

</Submission>

  <Help>
       This is a z/OS job template. 
       Copyright, Platform Computing Corporation 2005
  </Help>
</JobTemplate>
